FLOWMAP_02_START=2026-06-13T12:17:34Z
RUN_ROOT=/mnt/c/Users/hou16/Downloads/Codex_CLI_agent fleet/_package_patch_v0_9_4_simplified_runtime/strata_sctl_kernel_components_1_3_4_package_v0_9_4_simplified_runtime/_test_runs/flowmap02/run_20260613T121734Z
PACKAGE_ROOT=/mnt/c/Users/hou16/Downloads/Codex_CLI_agent fleet/_package_patch_v0_9_4_simplified_runtime/strata_sctl_kernel_components_1_3_4_package_v0_9_4_simplified_runtime
SCTL_WORKSPACE=/home/hou16/sctl-live-test-A_LIVE_001
CODEBASE_REPO=/home/hou16/workspace/AAU_MED_EM_ENSEMBLE_HEATMAP_STUDENT_ASSIGNMENT
SCTL_RUNTIME_EDGE_ROOT=/mnt/c/Users/hou16/Downloads/Codex_CLI_agent fleet/strata_runtime_edge_launcher_delegate_component2_3_v0_9/strata_runtime_edge_launcher_delegate_component2_3_v0_9
ENVELOPE_TEMPLATE_FILE=/mnt/c/Users/hou16/Downloads/Envelope Template.txt
ASSIGNMENT_ID=A_FLOWMAP_02_007
TRUNK_BRANCH=main
BASE_CHANGE_BRANCH=
SHORT_NAME=sample-uniform-sphere-mc
CYCLE_COUNT=3
RETURN_TIMEOUT=300

===== preflight npm test =====
+ bash -lc cd\ \"/mnt/c/Users/hou16/Downloads/Codex_CLI_agent\ fleet/_package_patch_v0_9_4_simplified_runtime/strata_sctl_kernel_components_1_3_4_package_v0_9_4_simplified_runtime\"\ \&\&\ npm\ test

> strata-sctl-kernel-components-1-3-4@0.9.4-simplified-runtime test
> node --test tests/*.test.js

TAP version 13
# Subtest: Class B is strict Git-tracked report without notice-state machinery
ok 1 - Class B is strict Git-tracked report without notice-state machinery
  ---
  duration_ms: 213.024069
  type: 'test'
  ...
# Subtest: Class B validator rejects loose Markdown and commit denial records error dispatch
ok 2 - Class B validator rejects loose Markdown and commit denial records error dispatch
  ---
  duration_ms: 168.770655
  type: 'test'
  ...
# Subtest: Class B validator rejects invalid status, timestamp, and empty required sections
ok 3 - Class B validator rejects invalid status, timestamp, and empty required sections
  ---
  duration_ms: 13.998904
  type: 'test'
  ...
# Subtest: SCTL context Git is isolated inside an outer implementation Git repo
ok 4 - SCTL context Git is isolated inside an outer implementation Git repo
  ---
  duration_ms: 156.526651
  type: 'test'
  ...
# Subtest: Operational tooling role can run simplified CLI workflow
ok 5 - Operational tooling role can run simplified CLI workflow
  ---
  duration_ms: 1856.2605
  type: 'test'
  ...
# Subtest: Class A update increments revision and marks full context dispatch required
ok 6 - Class A update increments revision and marks full context dispatch required
  ---
  duration_ms: 206.279767
  type: 'test'
  ...
# Subtest: simple revision math reports Class B delta from loaded_context_epoch
ok 7 - simple revision math reports Class B delta from loaded_context_epoch
  ---
  duration_ms: 243.786879
  type: 'test'
  ...
# Subtest: generic context put routes Class B users to classb commands
ok 8 - generic context put routes Class B users to classb commands
  ---
  duration_ms: 12.941604
  type: 'test'
  ...
# Subtest: dispatch record writes paste-ready outbox and Git dispatch packet snapshot
ok 9 - dispatch record writes paste-ready outbox and Git dispatch packet snapshot
  ---
  duration_ms: 204.006266
  type: 'test'
  ...
# Subtest: dispatch render is deterministic in structure and does not commit
ok 10 - dispatch render is deterministic in structure and does not commit
  ---
  duration_ms: 19.623306
  type: 'test'
  ...
# Subtest: tool registry is operational tooling only and protocol has no evidence_ready template
ok 11 - tool registry is operational tooling only and protocol has no evidence_ready template
  ---
  duration_ms: 0.2107
  type: 'test'
  ...
# Subtest: fixture scene produces team activity Git log
ok 12 - fixture scene produces team activity Git log
  ---
  duration_ms: 468.343451
  type: 'test'
  ...
# Subtest: dispatch envelope is deterministic Class C team message plus context export
ok 13 - dispatch envelope is deterministic Class C team message plus context export
  ---
  duration_ms: 431.460139
  type: 'test'
  ...
# Subtest: Class B revision math selects delta or full export policy
ok 14 - Class B revision math selects delta or full export policy
  ---
  duration_ms: 613.350398
  type: 'test'
  ...
# Subtest: SCTL tool registry contains no runtime session tools
ok 15 - SCTL tool registry contains no runtime session tools
  ---
  duration_ms: 0.4957
  type: 'test'
  ...
# Subtest: OPERATIONAL_REPORT_READY validates report body and remains separate from Class B
ok 16 - OPERATIONAL_REPORT_READY validates report body and remains separate from Class B
  ---
  duration_ms: 117.449438
  type: 'test'
  ...
# Subtest: malformed OPERATIONAL_REPORT_READY report is routed to Class D and error dispatch
ok 17 - malformed OPERATIONAL_REPORT_READY report is routed to Class D and error dispatch
  ---
  duration_ms: 238.294177
  type: 'test'
  ...
# Subtest: EVIDENCE_READY and evidence_path are retired from Worker Return Packets
ok 18 - EVIDENCE_READY and evidence_path are retired from Worker Return Packets
  ---
  duration_ms: 219.593471
  type: 'test'
  ...
1..18
# tests 18
# suites 0
# pass 18
# fail 0
# cancelled 0
# skipped 0
# todo 0
# duration_ms 1980.49034
STATUS[preflight npm test]=0
DIAG[preflight.tests]=OBSERVED | package tests passed | SCTL package baseline is executable.

===== preflight adapter syntax =====
+ bash -lc cd\ \"/mnt/c/Users/hou16/Downloads/Codex_CLI_agent\ fleet/_package_patch_v0_9_4_simplified_runtime/strata_sctl_kernel_components_1_3_4_package_v0_9_4_simplified_runtime\"\ \&\&\ for\ script\ in\ scripts/wsl_tmux/sctl-\*\;\ do\ bash\ -n\ \"\$script\"\ \|\|\ exit\ 1\;\ done
STATUS[preflight adapter syntax]=0
DIAG[preflight.adapters]=OBSERVED | adapter syntax passed | Adapter scripts parse.

===== 0 context bootstrap =====
+ node /mnt/c/Users/hou16/Downloads/Codex_CLI_agent\ fleet/_package_patch_v0_9_4_simplified_runtime/strata_sctl_kernel_components_1_3_4_package_v0_9_4_simplified_runtime/src/cli.js --workspace /home/hou16/sctl-live-test-A_LIVE_001 context bootstrap
{
  "contract_id": "strata.sctl.result_envelope.v1",
  "tool_id": "sctl.context.bootstrap.v1",
  "ok": true,
  "result": {
    "context_repo": "/home/hou16/sctl-live-test-A_LIVE_001/.strata/context",
    "git": {
      "command": "git",
      "args": [
        "commit",
        "-m",
        "strata context bootstrap"
      ],
      "cwd": "/home/hou16/sctl-live-test-A_LIVE_001/.strata/context",
      "status": 0,
      "signal": null,
      "stdout": "[master 348876e] strata context bootstrap\n 1 file changed, 1 insertion(+), 1 deletion(-)\n",
      "stderr": "",
      "ok": true,
      "error": null,
      "commit": "348876e"
    },
    "state": {
      "contract_id": "strata.context_state.v2_simplified_runtime",
      "context_epoch": 1,
      "current_context_epoch": 12,
      "context_revision": 12,
      "class_a_revision": 0,
      "class_b_revision": 12,
      "current_class_b_revision": 12,
      "class_b_updates_since_full_refresh": 12,
      "refresh_required": true,
      "refresh_reason": "Class B update count exceeded 10",
      "context_update_policy": "simple_revision_math",
      "created_at": "2026-06-12T09:06:58.999Z",
      "updated_at": "2026-06-13T12:17:37.456Z"
    }
  },
  "errors": [],
  "evidence_paths": [
    "/home/hou16/sctl-live-test-A_LIVE_001/.strata/context/README.md",
    "/home/hou16/sctl-live-test-A_LIVE_001/.strata/context/D_trace/context_state.json",
    "/home/hou16/sctl-live-test-A_LIVE_001/.strata/context/D_trace/telemetry/workflow_telemetry.jsonl"
  ],
  "created_at": "2026-06-13T12:17:37.516Z"
}
STATUS[0 context bootstrap]=0
DIAG[0]=OBSERVED | context bootstrap ok | SCTL context Git exists and bootstrap committed or updated state.

===== 1 session new delegated coordinator =====
+ env SCTL_RUNTIME_EDGE_ROOT=/mnt/c/Users/hou16/Downloads/Codex_CLI_agent\ fleet/strata_runtime_edge_launcher_delegate_component2_3_v0_9/strata_runtime_edge_launcher_delegate_component2_3_v0_9 /mnt/c/Users/hou16/Downloads/Codex_CLI_agent\ fleet/_package_patch_v0_9_4_simplified_runtime/strata_sctl_kernel_components_1_3_4_package_v0_9_4_simplified_runtime/scripts/wsl_tmux/sctl-session-new --workspace /home/hou16/sctl-live-test-A_LIVE_001 --assignment-id A_FLOWMAP_02_007 --role Delegated\ Coordinator --id delegated_coordinator_001 --session-name TBD-DC-A_FLOWMAP_02_007 --session-mode long_running
{
  "contract_id": "strata.sctl.result_envelope.v1",
  "tool_id": "sctl.sessions.register.v1",
  "ok": true,
  "result": {
    "session": {
      "contract_id": "strata.class_c.active_session.v2_simplified_runtime",
      "role": "Delegated Coordinator",
      "id": "delegated_coordinator_001",
      "session_name": "TBD-DC-A_FLOWMAP_02_007",
      "assignment_id": "A_FLOWMAP_02_007",
      "session_mode": "long_running",
      "loaded_context_epoch": 12,
      "loaded_class_a_revision": 0,
      "loaded_class_b_revision": 12,
      "status": "active",
      "delivery_mode": "paste_only_deterministic_envelope",
      "registered_at": "2026-06-13T12:17:38.510Z"
    },
    "file": "/home/hou16/sctl-live-test-A_LIVE_001/.strata/context/C/sessions/active_sessions.json",
    "git": {
      "command": "git",
      "args": [
        "commit",
        "-m",
        "session register A_FLOWMAP_02_007 delegated_coordinator_001"
      ],
      "cwd": "/home/hou16/sctl-live-test-A_LIVE_001/.strata/context",
      "status": 0,
      "signal": null,
      "stdout": "[master 51f40a3] session register A_FLOWMAP_02_007 delegated_coordinator_001\n 2 files changed, 16 insertions(+), 1 deletion(-)\n",
      "stderr": "",
      "ok": true,
      "error": null,
      "commit": "51f40a3"
    }
  },
  "errors": [],
  "evidence_paths": [
    "/home/hou16/sctl-live-test-A_LIVE_001/.strata/context/C/sessions/active_sessions.json",
    "/home/hou16/sctl-live-test-A_LIVE_001/.strata/context/D_trace/telemetry/workflow_telemetry.jsonl"
  ],
  "created_at": "2026-06-13T12:17:38.546Z"
}
adapter_runtime_status=fleet_launched
STATUS[1 session new delegated coordinator]=0

===== 1 align session name =====
+ tmux rename-session -t STRATA-DELEGATED-COORDINATOR-TBD-DC-A_FLOWMAP_02_007-1 TBD-DC-A_FLOWMAP_02_007
STATUS[1 align session name]=0
DIAG[1.session_target]=OBSERVED | STRATA-DELEGATED-COORDINATOR-TBD-DC-A_FLOWMAP_02_007-1 renamed to TBD-DC-A_FLOWMAP_02_007 | Launcher created a role-prefixed name; harness aligned it to registered session_name.
DIAG[1]=OBSERVED | delegated_coordinator_001 registered | Persistent Delegated Coordinator was recorded in SCTL Git.

===== 2 context freshness coordinator =====
+ node /mnt/c/Users/hou16/Downloads/Codex_CLI_agent\ fleet/_package_patch_v0_9_4_simplified_runtime/strata_sctl_kernel_components_1_3_4_package_v0_9_4_simplified_runtime/src/cli.js --workspace /home/hou16/sctl-live-test-A_LIVE_001 context freshness --loaded-context-epoch 12 --loaded-class-a-revision 0
{
  "contract_id": "strata.sctl.result_envelope.v1",
  "tool_id": "sctl.context.freshness.v1",
  "ok": true,
  "result": {
    "loaded_context_epoch": 12,
    "loaded_class_a_revision": 0,
    "current_context_epoch": 12,
    "current_class_b_revision": 12,
    "current_class_a_revision": 0,
    "class_b_delta": 0,
    "class_a_delta": 0,
    "export_mode": "none",
    "action": "no_update_required",
    "retire_session": false,
    "math": "12-12=0",
    "policy": "If Class A changed, retire and full export. If Class B delta is 1-5, delta export. If Class B delta is greater than 5, full export.",
    "state": {
      "contract_id": "strata.context_state.v2_simplified_runtime",
      "context_epoch": 1,
      "current_context_epoch": 12,
      "context_revision": 12,
      "class_a_revision": 0,
      "class_b_revision": 12,
      "current_class_b_revision": 12,
      "class_b_updates_since_full_refresh": 12,
      "refresh_required": true,
      "refresh_reason": "Class B update count exceeded 10",
      "context_update_policy": "simple_revision_math",
      "created_at": "2026-06-12T09:06:58.999Z",
      "updated_at": "2026-06-13T12:17:37.456Z"
    }
  },
  "errors": [],
  "evidence_paths": [],
  "created_at": "2026-06-13T12:17:39.213Z"
}
STATUS[2 context freshness coordinator]=0
DIAG[2]=OBSERVED | freshness result emitted | Coordinator context freshness math is available for decision.

===== BEGIN cycle_01 =====
CYCLE_SUFFIX=C01
CHANGE_AUTHOR_ID=change_author_c01
REVIEWER_ID=reviewer_c01
CHANGE_AUTHOR_SESSION=TBD-CA-A_FLOWMAP_02_007-C01
REVIEWER_SESSION=TBD-CR-A_FLOWMAP_02_007-C01
CHANGE_BRANCH=change/A_FLOWMAP_02_007/C01-sample-uniform-sphere-mc

===== context export cycle_01/coordinator_before =====
+ node /mnt/c/Users/hou16/Downloads/Codex_CLI_agent\ fleet/_package_patch_v0_9_4_simplified_runtime/strata_sctl_kernel_components_1_3_4_package_v0_9_4_simplified_runtime/src/cli.js --workspace /home/hou16/sctl-live-test-A_LIVE_001 context export-markdown --include-classes A\,B --out /mnt/c/Users/hou16/Downloads/Codex_CLI_agent\ fleet/_package_patch_v0_9_4_simplified_runtime/strata_sctl_kernel_components_1_3_4_package_v0_9_4_simplified_runtime/_test_runs/flowmap02/run_20260613T121734Z/context_exports/cycle_01/coordinator_before
{
  "contract_id": "strata.sctl.result_envelope.v1",
  "tool_id": "sctl.context.export_markdown.v2",
  "ok": true,
  "result": {
    "out_dir": "/mnt/c/Users/hou16/Downloads/Codex_CLI_agent fleet/_package_patch_v0_9_4_simplified_runtime/strata_sctl_kernel_components_1_3_4_package_v0_9_4_simplified_runtime/_test_runs/flowmap02/run_20260613T121734Z/context_exports/cycle_01/coordinator_before",
    "markdown_path": "/mnt/c/Users/hou16/Downloads/Codex_CLI_agent fleet/_package_patch_v0_9_4_simplified_runtime/strata_sctl_kernel_components_1_3_4_package_v0_9_4_simplified_runtime/_test_runs/flowmap02/run_20260613T121734Z/context_exports/cycle_01/coordinator_before/context.md",
    "source_index_path": "/mnt/c/Users/hou16/Downloads/Codex_CLI_agent fleet/_package_patch_v0_9_4_simplified_runtime/strata_sctl_kernel_components_1_3_4_package_v0_9_4_simplified_runtime/_test_runs/flowmap02/run_20260613T121734Z/context_exports/cycle_01/coordinator_before/source_index.json",
    "manifest_path": "/mnt/c/Users/hou16/Downloads/Codex_CLI_agent fleet/_package_patch_v0_9_4_simplified_runtime/strata_sctl_kernel_components_1_3_4_package_v0_9_4_simplified_runtime/_test_runs/flowmap02/run_20260613T121734Z/context_exports/cycle_01/coordinator_before/manifest.json",
    "source_count": 12,
    "state": {
      "contract_id": "strata.context_state.v2_simplified_runtime",
      "context_epoch": 1,
      "current_context_epoch": 12,
      "context_revision": 12,
      "class_a_revision": 0,
      "class_b_revision": 12,
      "current_class_b_revision": 12,
      "class_b_updates_since_full_refresh": 12,
      "refresh_required": true,
      "refresh_reason": "Class B update count exceeded 10",
      "context_update_policy": "simple_revision_math",
      "created_at": "2026-06-12T09:06:58.999Z",
      "updated_at": "2026-06-13T12:17:37.456Z"
    },
    "include_classes": [
      "A",
      "B"
    ],
    "since_class_b_revision": null
  },
  "errors": [],
  "evidence_paths": [
    "/mnt/c/Users/hou16/Downloads/Codex_CLI_agent fleet/_package_patch_v0_9_4_simplified_runtime/strata_sctl_kernel_components_1_3_4_package_v0_9_4_simplified_runtime/_test_runs/flowmap02/run_20260613T121734Z/context_exports/cycle_01/coordinator_before/context.md",
    "/mnt/c/Users/hou16/Downloads/Codex_CLI_agent fleet/_package_patch_v0_9_4_simplified_runtime/strata_sctl_kernel_components_1_3_4_package_v0_9_4_simplified_runtime/_test_runs/flowmap02/run_20260613T121734Z/context_exports/cycle_01/coordinator_before/source_index.json",
    "/mnt/c/Users/hou16/Downloads/Codex_CLI_agent fleet/_package_patch_v0_9_4_simplified_runtime/strata_sctl_kernel_components_1_3_4_package_v0_9_4_simplified_runtime/_test_runs/flowmap02/run_20260613T121734Z/context_exports/cycle_01/coordinator_before/manifest.json"
  ],
  "created_at": "2026-06-13T12:17:39.691Z"
}
STATUS[context export cycle_01/coordinator_before]=0
FULL_CONTEXT_EXPORT[cycle_01/coordinator_before]=/mnt/c/Users/hou16/Downloads/Codex_CLI_agent fleet/_package_patch_v0_9_4_simplified_runtime/strata_sctl_kernel_components_1_3_4_package_v0_9_4_simplified_runtime/_test_runs/flowmap02/run_20260613T121734Z/context_exports/cycle_01/coordinator_before/context.md
DIAG[cycle_01.context_export.coordinator_before]=OBSERVED | /mnt/c/Users/hou16/Downloads/Codex_CLI_agent fleet/_package_patch_v0_9_4_simplified_runtime/strata_sctl_kernel_components_1_3_4_package_v0_9_4_simplified_runtime/_test_runs/flowmap02/run_20260613T121734Z/context_exports/cycle_01/coordinator_before/context.md | Standalone full context export written outside the pasted dispatch packet and outside the operational log body.
DIAG[cycle_01.3.codebase_repo]=OBSERVED | /home/hou16/workspace/AAU_MED_EM_ENSEMBLE_HEATMAP_STUDENT_ASSIGNMENT | Using caller-supplied Codebase Git repo. Codebase Git is implementation work; SCTL Git is coordination/dispatch/reports/evidence trace.

===== 3 codebase branch status =====
+ git -C /home/hou16/workspace/AAU_MED_EM_ENSEMBLE_HEATMAP_STUDENT_ASSIGNMENT status --short

STATUS[3 codebase branch status]=0

===== 3 codebase switch trunk =====
+ git -C /home/hou16/workspace/AAU_MED_EM_ENSEMBLE_HEATMAP_STUDENT_ASSIGNMENT switch main
Already on 'main'
STATUS[3 codebase switch trunk]=0

===== 3 codebase pull ff only =====
+ git -C /home/hou16/workspace/AAU_MED_EM_ENSEMBLE_HEATMAP_STUDENT_ASSIGNMENT pull --ff-only
There is no tracking information for the current branch.
Please specify which branch you want to merge with.
See git-pull(1) for details.

    git pull <remote> <branch>

If you wish to set tracking information for this branch you can do so with:

    git branch --set-upstream-to=<remote>/<branch> main

STATUS[3 codebase pull ff only]=1
DIAG[cycle_01.3.pull]=WARN_LOCAL_MAIN_NO_UPSTREAM | main has no upstream | Harness continued from local trunk.

===== 3 codebase create branch =====
+ git -C /home/hou16/workspace/AAU_MED_EM_ENSEMBLE_HEATMAP_STUDENT_ASSIGNMENT switch -c change/A_FLOWMAP_02_007/C01-sample-uniform-sphere-mc main
Switched to a new branch 'change/A_FLOWMAP_02_007/C01-sample-uniform-sphere-mc'
STATUS[3 codebase create branch]=0
DIAG[cycle_01.3]=OBSERVED | change/A_FLOWMAP_02_007/C01-sample-uniform-sphere-mc | Short-lived Codebase Git branch exists outside SCTL Git.

===== 4 session new change author =====
+ env SCTL_RUNTIME_EDGE_ROOT=/mnt/c/Users/hou16/Downloads/Codex_CLI_agent\ fleet/strata_runtime_edge_launcher_delegate_component2_3_v0_9/strata_runtime_edge_launcher_delegate_component2_3_v0_9 /mnt/c/Users/hou16/Downloads/Codex_CLI_agent\ fleet/_package_patch_v0_9_4_simplified_runtime/strata_sctl_kernel_components_1_3_4_package_v0_9_4_simplified_runtime/scripts/wsl_tmux/sctl-session-new --workspace /home/hou16/sctl-live-test-A_LIVE_001 --assignment-id A_FLOWMAP_02_007 --role Change\ Author --id change_author_c01 --session-name TBD-CA-A_FLOWMAP_02_007-C01 --session-mode disposable
{
  "contract_id": "strata.sctl.result_envelope.v1",
  "tool_id": "sctl.sessions.register.v1",
  "ok": true,
  "result": {
    "session": {
      "contract_id": "strata.class_c.active_session.v2_simplified_runtime",
      "role": "Change Author",
      "id": "change_author_c01",
      "session_name": "TBD-CA-A_FLOWMAP_02_007-C01",
      "assignment_id": "A_FLOWMAP_02_007",
      "session_mode": "disposable",
      "loaded_context_epoch": 12,
      "loaded_class_a_revision": 0,
      "loaded_class_b_revision": 12,
      "status": "active",
      "delivery_mode": "paste_only_deterministic_envelope",
      "registered_at": "2026-06-13T12:17:41.149Z"
    },
    "file": "/home/hou16/sctl-live-test-A_LIVE_001/.strata/context/C/sessions/active_sessions.json",
    "git": {
      "command": "git",
      "args": [
        "commit",
        "-m",
        "session register A_FLOWMAP_02_007 change_author_c01"
      ],
      "cwd": "/home/hou16/sctl-live-test-A_LIVE_001/.strata/context",
      "status": 0,
      "signal": null,
      "stdout": "[master 148a74c] session register A_FLOWMAP_02_007 change_author_c01\n 2 files changed, 16 insertions(+), 1 deletion(-)\n",
      "stderr": "",
      "ok": true,
      "error": null,
      "commit": "148a74c"
    }
  },
  "errors": [],
  "evidence_paths": [
    "/home/hou16/sctl-live-test-A_LIVE_001/.strata/context/C/sessions/active_sessions.json",
    "/home/hou16/sctl-live-test-A_LIVE_001/.strata/context/D_trace/telemetry/workflow_telemetry.jsonl"
  ],
  "created_at": "2026-06-13T12:17:41.186Z"
}
adapter_runtime_status=fleet_launched
STATUS[4 session new change author]=0

===== 4 align session name =====
+ tmux rename-session -t STRATA-CHANGE-AUTHOR-TBD-CA-A_FLOWMAP_02_007-C01-1 TBD-CA-A_FLOWMAP_02_007-C01
STATUS[4 align session name]=0
DIAG[cycle_01.4.session_target]=OBSERVED | STRATA-CHANGE-AUTHOR-TBD-CA-A_FLOWMAP_02_007-C01-1 renamed to TBD-CA-A_FLOWMAP_02_007-C01 | Launcher created a role-prefixed name; harness aligned it to registered session_name.
DIAG[cycle_01.4]=OBSERVED | change_author_c01 active disposable | Fresh Change Author session for C01 was recorded in SCTL Git.
DIAG[cycle_01.5.work_order]=OBSERVED | /home/hou16/sctl-live-test-A_LIVE_001/.strata/work_orders/A_FLOWMAP_02_007/cycle_01/change_author_work_order.md | Author envelope body was materialized from /mnt/c/Users/hou16/Downloads/Envelope Template.txt and run-specific values.

===== 5 author message send =====
+ node /mnt/c/Users/hou16/Downloads/Codex_CLI_agent\ fleet/_package_patch_v0_9_4_simplified_runtime/strata_sctl_kernel_components_1_3_4_package_v0_9_4_simplified_runtime/src/cli.js --workspace /home/hou16/sctl-live-test-A_LIVE_001 message send --assignment-id A_FLOWMAP_02_007 --thread-id THREAD_A_FLOWMAP_02_007_C01_AUTHOR --from-role Delegated\ Coordinator --from-id delegated_coordinator_001 --to-role Change\ Author --to-id change_author_c01 --message-kind coordination_note --requested-handling Work\ only\ on\ the\ assigned\ short-lived\ codebase\ branch.\ Return\ a\ Worker\ Return\ Packet\ and\ Class\ B-ready\ operational\ report\ to\ the\ specified\ SCTL\ return\ path. --body-file /home/hou16/sctl-live-test-A_LIVE_001/.strata/work_orders/A_FLOWMAP_02_007/cycle_01/change_author_work_order.md
{
  "contract_id": "strata.sctl.result_envelope.v1",
  "tool_id": "sctl.message.send.v1",
  "ok": true,
  "result": {
    "file": "/home/hou16/sctl-live-test-A_LIVE_001/.strata/context/C/threads/thread_a_flowmap_02_007_c01_author/tm_a_flowmap_02_007_2026-06-13t12-17-42-036z.md",
    "message_id": "TM_A_FLOWMAP_02_007_2026-06-13T12-17-42-036Z",
    "thread_id": "THREAD_A_FLOWMAP_02_007_C01_AUTHOR",
    "assignment_id": "A_FLOWMAP_02_007",
    "related_class_b": [],
    "git": {
      "command": "git",
      "args": [
        "commit",
        "-m",
        "team message A_FLOWMAP_02_007 coordination_note delegated_coordinator_001 -> change_author_c01"
      ],
      "cwd": "/home/hou16/sctl-live-test-A_LIVE_001/.strata/context",
      "status": 0,
      "signal": null,
      "stdout": "[master db20ca9] team message A_FLOWMAP_02_007 coordination_note delegated_coordinator_001 -> change_author_c01\n 2 files changed, 85 insertions(+)\n create mode 100644 C/threads/thread_a_flowmap_02_007_c01_author/tm_a_flowmap_02_007_2026-06-13t12-17-42-036z.md\n",
      "stderr": "",
      "ok": true,
      "error": null,
      "commit": "db20ca9"
    }
  },
  "errors": [],
  "evidence_paths": [
    "/home/hou16/sctl-live-test-A_LIVE_001/.strata/context/C/threads/thread_a_flowmap_02_007_c01_author/tm_a_flowmap_02_007_2026-06-13t12-17-42-036z.md",
    "/home/hou16/sctl-live-test-A_LIVE_001/.strata/context/D_trace/telemetry/workflow_telemetry.jsonl"
  ],
  "created_at": "2026-06-13T12:17:42.078Z"
}
STATUS[5 author message send]=0

===== 5 author message validate =====
+ node /mnt/c/Users/hou16/Downloads/Codex_CLI_agent\ fleet/_package_patch_v0_9_4_simplified_runtime/strata_sctl_kernel_components_1_3_4_package_v0_9_4_simplified_runtime/src/cli.js --workspace /home/hou16/sctl-live-test-A_LIVE_001 message validate --file /home/hou16/sctl-live-test-A_LIVE_001/.strata/context/C/threads/thread_a_flowmap_02_007_c01_author/tm_a_flowmap_02_007_2026-06-13t12-17-42-036z.md
{
  "contract_id": "strata.sctl.result_envelope.v1",
  "tool_id": "sctl.message.validate.v1",
  "ok": true,
  "result": {
    "file": "/home/hou16/sctl-live-test-A_LIVE_001/.strata/context/C/threads/thread_a_flowmap_02_007_c01_author/tm_a_flowmap_02_007_2026-06-13t12-17-42-036z.md",
    "sha256": "e9286af40d163ae80521830c95001763ffb70541bfde75e7c98676863374a820"
  },
  "errors": [],
  "evidence_paths": [
    "/home/hou16/sctl-live-test-A_LIVE_001/.strata/context/C/threads/thread_a_flowmap_02_007_c01_author/tm_a_flowmap_02_007_2026-06-13t12-17-42-036z.md"
  ],
  "created_at": "2026-06-13T12:17:42.370Z"
}
STATUS[5 author message validate]=0
DIAG[cycle_01.5]=OBSERVED | /home/hou16/sctl-live-test-A_LIVE_001/.strata/context/C/threads/thread_a_flowmap_02_007_c01_author/tm_a_flowmap_02_007_2026-06-13t12-17-42-036z.md | Envelope input artifact exists and validates.

===== 6 author dispatch render =====
+ /mnt/c/Users/hou16/Downloads/Codex_CLI_agent\ fleet/_package_patch_v0_9_4_simplified_runtime/strata_sctl_kernel_components_1_3_4_package_v0_9_4_simplified_runtime/scripts/wsl_tmux/sctl-dispatch-render --workspace /home/hou16/sctl-live-test-A_LIVE_001 --assignment-id A_FLOWMAP_02_007 --nonce N_AUTHOR_C01 --from-role Delegated\ Coordinator --from-id delegated_coordinator_001 --target-role Change\ Author --target-id change_author_c01 --summary Flowmap\ 02\ C01\ Change\ Author\ branch\ assignment --message-file /home/hou16/sctl-live-test-A_LIVE_001/.strata/context/C/threads/thread_a_flowmap_02_007_c01_author/tm_a_flowmap_02_007_2026-06-13t12-17-42-036z.md --declared-file CODEBASE_REPO:/home/hou16/workspace/AAU_MED_EM_ENSEMBLE_HEATMAP_STUDENT_ASSIGNMENT --declared-file TRUNK_BRANCH:main --declared-file CHANGE_BRANCH:change/A_FLOWMAP_02_007/C01-sample-uniform-sphere-mc
{
  "contract_id": "strata.sctl.result_envelope.v1",
  "tool_id": "sctl.dispatch.record.v2",
  "ok": true,
  "result": {
    "outbox": {
      "dir": "/home/hou16/sctl-live-test-A_LIVE_001/.strata/dispatch_outbox/A_FLOWMAP_02_007/change_author_c01/N_AUTHOR_C01",
      "packetJsonPath": "/home/hou16/sctl-live-test-A_LIVE_001/.strata/dispatch_outbox/A_FLOWMAP_02_007/change_author_c01/N_AUTHOR_C01/dispatch_packet.json",
      "packetMdPath": "/home/hou16/sctl-live-test-A_LIVE_001/.strata/dispatch_outbox/A_FLOWMAP_02_007/change_author_c01/N_AUTHOR_C01/dispatch_packet.md",
      "manifestPath": "/home/hou16/sctl-live-test-A_LIVE_001/.strata/dispatch_outbox/A_FLOWMAP_02_007/change_author_c01/N_AUTHOR_C01/manifest.json"
    },
    "git_snapshot": {
      "dir": "/home/hou16/sctl-live-test-A_LIVE_001/.strata/context/D_trace/dispatch_packets/A_FLOWMAP_02_007/change_author_c01/N_AUTHOR_C01",
      "packetJsonPath": "/home/hou16/sctl-live-test-A_LIVE_001/.strata/context/D_trace/dispatch_packets/A_FLOWMAP_02_007/change_author_c01/N_AUTHOR_C01/dispatch_packet.json",
      "packetMdPath": "/home/hou16/sctl-live-test-A_LIVE_001/.strata/context/D_trace/dispatch_packets/A_FLOWMAP_02_007/change_author_c01/N_AUTHOR_C01/dispatch_packet.md",
      "manifestPath": "/home/hou16/sctl-live-test-A_LIVE_001/.strata/context/D_trace/dispatch_packets/A_FLOWMAP_02_007/change_author_c01/N_AUTHOR_C01/manifest.json"
    },
    "dispatch_log_path": "/home/hou16/sctl-live-test-A_LIVE_001/.strata/context/D_trace/dispatch_log/a_flowmap_02_007_n_author_c01_change_author_c01.json",
    "notice_count": 0,
    "git": {
      "command": "git",
      "args": [
        "commit",
        "-m",
        "dispatch record A_FLOWMAP_02_007 N_AUTHOR_C01"
      ],
      "cwd": "/home/hou16/sctl-live-test-A_LIVE_001/.strata/context",
      "status": 0,
      "signal": null,
      "stdout": "[master f07d053] dispatch record A_FLOWMAP_02_007 N_AUTHOR_C01\n 8 files changed, 1762 insertions(+)\n create mode 100644 D_trace/dispatch_log/a_flowmap_02_007_n_author_c01_change_author_c01.json\n create mode 100644 D_trace/dispatch_packets/A_FLOWMAP_02_007/change_author_c01/N_AUTHOR_C01/context_export/context.md\n create mode 100644 D_trace/dispatch_packets/A_FLOWMAP_02_007/change_author_c01/N_AUTHOR_C01/context_export/manifest.json\n create mode 100644 D_trace/dispatch_packets/A_FLOWMAP_02_007/change_author_c01/N_AUTHOR_C01/context_export/source_index.json\n create mode 100644 D_trace/dispatch_packets/A_FLOWMAP_02_007/change_author_c01/N_AUTHOR_C01/dispatch_packet.json\n create mode 100644 D_trace/dispatch_packets/A_FLOWMAP_02_007/change_author_c01/N_AUTHOR_C01/dispatch_packet.md\n create mode 100644 D_trace/dispatch_packets/A_FLOWMAP_02_007/change_author_c01/N_AUTHOR_C01/manifest.json\n",
      "stderr": "",
      "ok": true,
      "error": null,
      "commit": "f07d053"
    },
    "packet": {
      "contract_id": "strata.dispatch.packet.v2_deterministic_context_export",
      "dispatch_format": "deterministic_class_c_plus_context_export_v1",
      "dispatch_kind": "DETERMINISTIC_CLASS_C_CONTEXT",
      "assignment_id": "A_FLOWMAP_02_007",
      "nonce": "N_AUTHOR_C01",
      "from": {
        "role": "Delegated Coordinator",
        "id": "delegated_coordinator_001"
      },
      "to": {
        "role": "Change Author",
        "id": "change_author_c01"
      },
      "summary": "Flowmap 02 C01 Change Author branch assignment",
      "related_class_b": [],
      "declared_files": [
        "CODEBASE_REPO:/home/hou16/workspace/AAU_MED_EM_ENSEMBLE_HEATMAP_STUDENT_ASSIGNMENT",
        "TRUNK_BRANCH:main",
        "CHANGE_BRANCH:change/A_FLOWMAP_02_007/C01-sample-uniform-sphere-mc"
      ],
      "class_c_message_path": ".strata/context/C/threads/thread_a_flowmap_02_007_c01_author/tm_a_flowmap_02_007_2026-06-13t12-17-42-036z.md",
      "context_export": {
        "markdown_path": "/home/hou16/sctl-live-test-A_LIVE_001/.strata/context/D_trace/dispatch_packets/A_FLOWMAP_02_007/change_author_c01/N_AUTHOR_C01/context_export/context.md",
        "source_index_path": "/home/hou16/sctl-live-test-A_LIVE_001/.strata/context/D_trace/dispatch_packets/A_FLOWMAP_02_007/change_author_c01/N_AUTHOR_C01/context_export/source_index.json",
        "manifest_path": "/home/hou16/sctl-live-test-A_LIVE_001/.strata/context/D_trace/dispatch_packets/A_FLOWMAP_02_007/change_author_c01/N_AUTHOR_C01/context_export/manifest.json",
        "source_count": 12,
        "include_classes": [
          "A",
          "B"
        ],
        "since_class_b_revision": null,
        "empty_context_valid": true
      },
      "runtime_delivery": "paste_only_deterministic_envelope_ready",
      "dispatch_to_git_is_primary_evidence": true,
      "chatbox_inspection_required": false,
      "session_policy": "disposable_by_default",
      "created_at": "2026-06-13T12:17:42.768Z",
      "markdown_sha256": "3b66a38339aa6ecbb0083f41f597fc15ae1a00df44404f3bd970d8b212c4b786",
      "context_state": {
        "contract_id": "strata.context_state.v2_simplified_runtime",
        "context_epoch": 1,
        "current_context_epoch": 12,
        "context_revision": 12,
        "class_a_revision": 0,
        "class_b_revision": 12,
        "current_class_b_revision": 12,
        "class_b_updates_since_full_refresh": 12,
        "refresh_required": true,
        "refresh_reason": "Class B update count exceeded 10",
        "context_update_policy": "simple_revision_math",
        "created_at": "2026-06-12T09:06:58.999Z",
        "updated_at": "2026-06-13T12:17:37.456Z"
      }
    }
  },
  "errors": [],
  "evidence_paths": [
    "/home/hou16/sctl-live-test-A_LIVE_001/.strata/dispatch_outbox/A_FLOWMAP_02_007/change_author_c01/N_AUTHOR_C01/dispatch_packet.json",
    "/home/hou16/sctl-live-test-A_LIVE_001/.strata/dispatch_outbox/A_FLOWMAP_02_007/change_author_c01/N_AUTHOR_C01/dispatch_packet.md",
    "/home/hou16/sctl-live-test-A_LIVE_001/.strata/dispatch_outbox/A_FLOWMAP_02_007/change_author_c01/N_AUTHOR_C01/manifest.json",
    "/home/hou16/sctl-live-test-A_LIVE_001/.strata/context/D_trace/dispatch_packets/A_FLOWMAP_02_007/change_author_c01/N_AUTHOR_C01/dispatch_packet.json",
    "/home/hou16/sctl-live-test-A_LIVE_001/.strata/context/D_trace/dispatch_packets/A_FLOWMAP_02_007/change_author_c01/N_AUTHOR_C01/dispatch_packet.md",
    "/home/hou16/sctl-live-test-A_LIVE_001/.strata/context/D_trace/dispatch_packets/A_FLOWMAP_02_007/change_author_c01/N_AUTHOR_C01/manifest.json",
    "/home/hou16/sctl-live-test-A_LIVE_001/.strata/context/D_trace/dispatch_packets/A_FLOWMAP_02_007/change_author_c01/N_AUTHOR_C01/context_export/context.md",
    "/home/hou16/sctl-live-test-A_LIVE_001/.strata/context/D_trace/dispatch_packets/A_FLOWMAP_02_007/change_author_c01/N_AUTHOR_C01/context_export/source_index.json",
    "/home/hou16/sctl-live-test-A_LIVE_001/.strata/context/D_trace/dispatch_packets/A_FLOWMAP_02_007/change_author_c01/N_AUTHOR_C01/context_export/manifest.json",
    "/home/hou16/sctl-live-test-A_LIVE_001/.strata/context/D_trace/dispatch_log/a_flowmap_02_007_n_author_c01_change_author_c01.json",
    "/home/hou16/sctl-live-test-A_LIVE_001/.strata/context/D_trace/telemetry/workflow_telemetry.jsonl"
  ],
  "created_at": "2026-06-13T12:17:42.845Z"
}
STATUS[6 author dispatch render]=0
DIAG[cycle_01.6]=OBSERVED | /home/hou16/sctl-live-test-A_LIVE_001/.strata/context/D_trace/dispatch_packets/A_FLOWMAP_02_007/change_author_c01/N_AUTHOR_C01/dispatch_packet.md | Packet contains fixed envelope input and context export headline.

===== context export cycle_01/author_dispatch =====
+ node /mnt/c/Users/hou16/Downloads/Codex_CLI_agent\ fleet/_package_patch_v0_9_4_simplified_runtime/strata_sctl_kernel_components_1_3_4_package_v0_9_4_simplified_runtime/src/cli.js --workspace /home/hou16/sctl-live-test-A_LIVE_001 context export-markdown --include-classes A\,B --out /mnt/c/Users/hou16/Downloads/Codex_CLI_agent\ fleet/_package_patch_v0_9_4_simplified_runtime/strata_sctl_kernel_components_1_3_4_package_v0_9_4_simplified_runtime/_test_runs/flowmap02/run_20260613T121734Z/context_exports/cycle_01/author_dispatch
{
  "contract_id": "strata.sctl.result_envelope.v1",
  "tool_id": "sctl.context.export_markdown.v2",
  "ok": true,
  "result": {
    "out_dir": "/mnt/c/Users/hou16/Downloads/Codex_CLI_agent fleet/_package_patch_v0_9_4_simplified_runtime/strata_sctl_kernel_components_1_3_4_package_v0_9_4_simplified_runtime/_test_runs/flowmap02/run_20260613T121734Z/context_exports/cycle_01/author_dispatch",
    "markdown_path": "/mnt/c/Users/hou16/Downloads/Codex_CLI_agent fleet/_package_patch_v0_9_4_simplified_runtime/strata_sctl_kernel_components_1_3_4_package_v0_9_4_simplified_runtime/_test_runs/flowmap02/run_20260613T121734Z/context_exports/cycle_01/author_dispatch/context.md",
    "source_index_path": "/mnt/c/Users/hou16/Downloads/Codex_CLI_agent fleet/_package_patch_v0_9_4_simplified_runtime/strata_sctl_kernel_components_1_3_4_package_v0_9_4_simplified_runtime/_test_runs/flowmap02/run_20260613T121734Z/context_exports/cycle_01/author_dispatch/source_index.json",
    "manifest_path": "/mnt/c/Users/hou16/Downloads/Codex_CLI_agent fleet/_package_patch_v0_9_4_simplified_runtime/strata_sctl_kernel_components_1_3_4_package_v0_9_4_simplified_runtime/_test_runs/flowmap02/run_20260613T121734Z/context_exports/cycle_01/author_dispatch/manifest.json",
    "source_count": 12,
    "state": {
      "contract_id": "strata.context_state.v2_simplified_runtime",
      "context_epoch": 1,
      "current_context_epoch": 12,
      "context_revision": 12,
      "class_a_revision": 0,
      "class_b_revision": 12,
      "current_class_b_revision": 12,
      "class_b_updates_since_full_refresh": 12,
      "refresh_required": true,
      "refresh_reason": "Class B update count exceeded 10",
      "context_update_policy": "simple_revision_math",
      "created_at": "2026-06-12T09:06:58.999Z",
      "updated_at": "2026-06-13T12:17:37.456Z"
    },
    "include_classes": [
      "A",
      "B"
    ],
    "since_class_b_revision": null
  },
  "errors": [],
  "evidence_paths": [
    "/mnt/c/Users/hou16/Downloads/Codex_CLI_agent fleet/_package_patch_v0_9_4_simplified_runtime/strata_sctl_kernel_components_1_3_4_package_v0_9_4_simplified_runtime/_test_runs/flowmap02/run_20260613T121734Z/context_exports/cycle_01/author_dispatch/context.md",
    "/mnt/c/Users/hou16/Downloads/Codex_CLI_agent fleet/_package_patch_v0_9_4_simplified_runtime/strata_sctl_kernel_components_1_3_4_package_v0_9_4_simplified_runtime/_test_runs/flowmap02/run_20260613T121734Z/context_exports/cycle_01/author_dispatch/source_index.json",
    "/mnt/c/Users/hou16/Downloads/Codex_CLI_agent fleet/_package_patch_v0_9_4_simplified_runtime/strata_sctl_kernel_components_1_3_4_package_v0_9_4_simplified_runtime/_test_runs/flowmap02/run_20260613T121734Z/context_exports/cycle_01/author_dispatch/manifest.json"
  ],
  "created_at": "2026-06-13T12:17:43.220Z"
}
STATUS[context export cycle_01/author_dispatch]=0
FULL_CONTEXT_EXPORT[cycle_01/author_dispatch]=/mnt/c/Users/hou16/Downloads/Codex_CLI_agent fleet/_package_patch_v0_9_4_simplified_runtime/strata_sctl_kernel_components_1_3_4_package_v0_9_4_simplified_runtime/_test_runs/flowmap02/run_20260613T121734Z/context_exports/cycle_01/author_dispatch/context.md
DIAG[cycle_01.context_export.author_dispatch]=OBSERVED | /mnt/c/Users/hou16/Downloads/Codex_CLI_agent fleet/_package_patch_v0_9_4_simplified_runtime/strata_sctl_kernel_components_1_3_4_package_v0_9_4_simplified_runtime/_test_runs/flowmap02/run_20260613T121734Z/context_exports/cycle_01/author_dispatch/context.md | Standalone full context export written outside the pasted dispatch packet and outside the operational log body.

===== 7 author dispatch inject =====
+ bash -lc cd\ \"\$0\"\ \&\&\ \"\$@\" /home/hou16/sctl-live-test-A_LIVE_001 /mnt/c/Users/hou16/Downloads/Codex_CLI_agent\ fleet/_package_patch_v0_9_4_simplified_runtime/strata_sctl_kernel_components_1_3_4_package_v0_9_4_simplified_runtime/scripts/wsl_tmux/sctl-dispatch-inject --session TBD-CA-A_FLOWMAP_02_007-C01 --packet .strata/context/D_trace/dispatch_packets/A_FLOWMAP_02_007/change_author_c01/N_AUTHOR_C01/dispatch_packet.md --paste-delay 5
adapter_terminal_tab_status=tab_spawned session=TBD-CA-A_FLOWMAP_02_007-C01
{"ok":true,"session":"TBD-CA-A_FLOWMAP_02_007-C01","packet":".strata/context/D_trace/dispatch_packets/A_FLOWMAP_02_007/change_author_c01/N_AUTHOR_C01/dispatch_packet.md","enter_sent":1}
STATUS[7 author dispatch inject]=0
DIAG[cycle_01.7]=OBSERVED | TBD-CA-A_FLOWMAP_02_007-C01 injected | Change Author packet was injected through adapter using Git-backed packet path.

===== 8 author session capture =====
+ bash -lc cd\ \"\$0\"\ \&\&\ \"\$@\" /home/hou16/sctl-live-test-A_LIVE_001 /mnt/c/Users/hou16/Downloads/Codex_CLI_agent\ fleet/_package_patch_v0_9_4_simplified_runtime/strata_sctl_kernel_components_1_3_4_package_v0_9_4_simplified_runtime/scripts/wsl_tmux/sctl-session-capture --session TBD-CA-A_FLOWMAP_02_007-C01 --out .strata/evidence/session_captures/TBD-CA-A_FLOWMAP_02_007-C01.txt
{"ok":true,"session":"TBD-CA-A_FLOWMAP_02_007-C01","capture":".strata/evidence/session_captures/TBD-CA-A_FLOWMAP_02_007-C01.txt"}
STATUS[8 author session capture]=0
DIAG[cycle_01.8]=OBSERVED | TBD-CA-A_FLOWMAP_02_007-C01 capture attempted | Author session capture evidence was requested.

===== 9 wait for return =====
waiting up to 300s for /home/hou16/sctl-live-test-A_LIVE_001/.strata/returns/A_FLOWMAP_02_007/change_author_c01/packet.json
STATUS[9 wait for return]=0
DIAG[cycle_01.9.wait]=OBSERVED | /home/hou16/sctl-live-test-A_LIVE_001/.strata/returns/A_FLOWMAP_02_007/change_author_c01/packet.json | Worker return packet and operational report appeared without harness simulation.

===== 10 classify author return =====
+ node /mnt/c/Users/hou16/Downloads/Codex_CLI_agent\ fleet/_package_patch_v0_9_4_simplified_runtime/strata_sctl_kernel_components_1_3_4_package_v0_9_4_simplified_runtime/src/cli.js --workspace /home/hou16/sctl-live-test-A_LIVE_001 returns classify --packet .strata/returns/A_FLOWMAP_02_007/change_author_c01/packet.json
{
  "contract_id": "strata.sctl.result_envelope.v1",
  "tool_id": "sctl.returns.classify.v1",
  "ok": true,
  "result": {
    "classification": {
      "contract_id": "strata.worker_return_classification.v6_context_git",
      "classification_id": "wret_class_packet.json_2026-06-13T12-19-36-187Z",
      "packet_path": "/home/hou16/sctl-live-test-A_LIVE_001/.strata/returns/A_FLOWMAP_02_007/change_author_c01/packet.json",
      "packet_sha256": "ced93fdbf0703096fad55985b07f3a7b37312d996ee6f95077ffeb32386a3f05",
      "valid_packet": true,
      "errors": [],
      "return_id": "ret_A_FLOWMAP_02_007_change_author_c01_001",
      "assignment_id": "A_FLOWMAP_02_007",
      "agent_id": "change_author_c01",
      "role": "Change Author",
      "return_kind": "OPERATIONAL_REPORT_READY",
      "report_scope": "actionable_report",
      "class_b_authority": "git_tracked_files_only",
      "evidence_model": "evidence_in_report_body",
      "implementation_repository": "/home/hou16/workspace/AAU_MED_EM_ENSEMBLE_HEATMAP_STUDENT_ASSIGNMENT",
      "implementation_commit": "7d3ff6a566c55a4b6e9b4d44e1dedb6869e72bd1",
      "trunk_branch": "main",
      "short_lived_branch": "change/A_FLOWMAP_02_007/C01-sample-uniform-sphere-mc",
      "integration_mode": "short_lived_change_branch",
      "routing_decision": "OPERATIONAL_REPORT_READY_LEDGERED_NOT_CLASS_B",
      "class_b_entry_path": null,
      "class_b_record_path": null,
      "class_d_diagnostic_path": null,
      "coordination_thread_path": null,
      "ack_path": null,
      "report_ledger_path": "/home/hou16/sctl-live-test-A_LIVE_001/.strata/context/D_trace/return_ledgers/operational_report_ready_index.jsonl",
      "report_path": "/home/hou16/sctl-live-test-A_LIVE_001/.strata/returns/A_FLOWMAP_02_007/change_author_c01/operational_report.md",
      "error_dispatch": null,
      "created_at": "2026-06-13T12:19:36.187Z"
    },
    "classification_record_path": "/home/hou16/sctl-live-test-A_LIVE_001/.strata/context/D_trace/return_ledgers/wret_class_packet.json_2026-06-13T12-19-36-187Z.json"
  },
  "errors": [],
  "evidence_paths": [
    "/home/hou16/sctl-live-test-A_LIVE_001/.strata/context/D_trace/return_ledgers/wret_class_packet.json_2026-06-13T12-19-36-187Z.json",
    "/home/hou16/sctl-live-test-A_LIVE_001/.strata/context/D_trace/return_ledgers/operational_report_ready_index.jsonl",
    "/home/hou16/sctl-live-test-A_LIVE_001/.strata/context/D_trace/telemetry/workflow_telemetry.jsonl"
  ],
  "created_at": "2026-06-13T12:19:36.226Z"
}
STATUS[10 classify author return]=0
DIAG[cycle_01.10 classify author return]=OBSERVED | OPERATIONAL_REPORT_READY / OPERATIONAL_REPORT_READY_LEDGERED_NOT_CLASS_B | Return was ledgered, not automatically promoted to Class B.
DIAG[cycle_01.10 author return.impl_ref]=OBSERVED | repository=/home/hou16/workspace/AAU_MED_EM_ENSEMBLE_HEATMAP_STUDENT_ASSIGNMENT commit=7d3ff6a566c55a4b6e9b4d44e1dedb6869e72bd1 branch_head=7d3ff6a566c55a4b6e9b4d44e1dedb6869e72bd1 | Worker Return Packet implementation_repository and implementation_commit match the assigned Codebase Git branch head.

===== 11 classb commit author report =====
+ node /mnt/c/Users/hou16/Downloads/Codex_CLI_agent\ fleet/_package_patch_v0_9_4_simplified_runtime/strata_sctl_kernel_components_1_3_4_package_v0_9_4_simplified_runtime/src/cli.js --workspace /home/hou16/sctl-live-test-A_LIVE_001 classb commit --file .strata/context/B/b_a_flowmap_02_007_cycle_01_author_ready.md --message class\ B\ accept\ A_FLOWMAP_02_007\ C01\ author\ report
{
  "contract_id": "strata.sctl.result_envelope.v1",
  "tool_id": "sctl.classb.commit_file.v2",
  "ok": true,
  "result": {
    "file": "/home/hou16/sctl-live-test-A_LIVE_001/.strata/context/B/b_a_flowmap_02_007_cycle_01_author_ready.md",
    "sha256": "380b1071f235cd96d951ac758f8abf4296463bd06cbdde47f9a6a68623c99b4d",
    "git": {
      "command": "git",
      "args": [
        "commit",
        "-m",
        "class B accept A_FLOWMAP_02_007 C01 author report"
      ],
      "cwd": "/home/hou16/sctl-live-test-A_LIVE_001/.strata/context",
      "status": 0,
      "signal": null,
      "stdout": "[master 7307fcb] class B accept A_FLOWMAP_02_007 C01 author report\n 3 files changed, 67 insertions(+), 6 deletions(-)\n create mode 100644 B/b_a_flowmap_02_007_cycle_01_author_ready.md\n",
      "stderr": "",
      "ok": true,
      "error": null,
      "commit": "7307fcb"
    },
    "state": {
      "contract_id": "strata.context_state.v2_simplified_runtime",
      "context_epoch": 1,
      "current_context_epoch": 13,
      "context_revision": 13,
      "class_a_revision": 0,
      "class_b_revision": 13,
      "current_class_b_revision": 13,
      "class_b_updates_since_full_refresh": 13,
      "refresh_required": true,
      "refresh_reason": "Class B update count exceeded 10",
      "context_update_policy": "simple_revision_math",
      "created_at": "2026-06-12T09:06:58.999Z",
      "updated_at": "2026-06-13T12:19:36.873Z"
    },
    "accepted_class_b_revision": 13
  },
  "errors": [],
  "evidence_paths": [
    "/home/hou16/sctl-live-test-A_LIVE_001/.strata/context/B/b_a_flowmap_02_007_cycle_01_author_ready.md",
    "/home/hou16/sctl-live-test-A_LIVE_001/.strata/context/D_trace/telemetry/workflow_telemetry.jsonl"
  ],
  "created_at": "2026-06-13T12:19:36.916Z"
}
STATUS[11 classb commit author report]=0
DIAG[cycle_01.11]=OBSERVED | Class B revision 12 -> 13 | Author report accepted into Class B and revision incremented exactly once.

===== 12 session new reviewer =====
+ env SCTL_RUNTIME_EDGE_ROOT=/mnt/c/Users/hou16/Downloads/Codex_CLI_agent\ fleet/strata_runtime_edge_launcher_delegate_component2_3_v0_9/strata_runtime_edge_launcher_delegate_component2_3_v0_9 /mnt/c/Users/hou16/Downloads/Codex_CLI_agent\ fleet/_package_patch_v0_9_4_simplified_runtime/strata_sctl_kernel_components_1_3_4_package_v0_9_4_simplified_runtime/scripts/wsl_tmux/sctl-session-new --workspace /home/hou16/sctl-live-test-A_LIVE_001 --assignment-id A_FLOWMAP_02_007 --role Code\ Reviewer\ /\ QC\ Engineer --id reviewer_c01 --session-name TBD-CR-A_FLOWMAP_02_007-C01 --session-mode disposable
{
  "contract_id": "strata.sctl.result_envelope.v1",
  "tool_id": "sctl.sessions.register.v1",
  "ok": true,
  "result": {
    "session": {
      "contract_id": "strata.class_c.active_session.v2_simplified_runtime",
      "role": "Code Reviewer / QC Engineer",
      "id": "reviewer_c01",
      "session_name": "TBD-CR-A_FLOWMAP_02_007-C01",
      "assignment_id": "A_FLOWMAP_02_007",
      "session_mode": "disposable",
      "loaded_context_epoch": 13,
      "loaded_class_a_revision": 0,
      "loaded_class_b_revision": 13,
      "status": "active",
      "delivery_mode": "paste_only_deterministic_envelope",
      "registered_at": "2026-06-13T12:19:37.801Z"
    },
    "file": "/home/hou16/sctl-live-test-A_LIVE_001/.strata/context/C/sessions/active_sessions.json",
    "git": {
      "command": "git",
      "args": [
        "commit",
        "-m",
        "session register A_FLOWMAP_02_007 reviewer_c01"
      ],
      "cwd": "/home/hou16/sctl-live-test-A_LIVE_001/.strata/context",
      "status": 0,
      "signal": null,
      "stdout": "[master 65393cc] session register A_FLOWMAP_02_007 reviewer_c01\n 2 files changed, 16 insertions(+), 1 deletion(-)\n",
      "stderr": "",
      "ok": true,
      "error": null,
      "commit": "65393cc"
    }
  },
  "errors": [],
  "evidence_paths": [
    "/home/hou16/sctl-live-test-A_LIVE_001/.strata/context/C/sessions/active_sessions.json",
    "/home/hou16/sctl-live-test-A_LIVE_001/.strata/context/D_trace/telemetry/workflow_telemetry.jsonl"
  ],
  "created_at": "2026-06-13T12:19:37.833Z"
}
adapter_runtime_status=fleet_launched
STATUS[12 session new reviewer]=0

===== 12 align session name =====
+ tmux rename-session -t STRATA-CODE-REVIEWER-QC-ENGINEER-TBD-CR-A_FLOWMAP_02_007-C01-1 TBD-CR-A_FLOWMAP_02_007-C01
STATUS[12 align session name]=0
DIAG[cycle_01.12.session_target]=OBSERVED | STRATA-CODE-REVIEWER-QC-ENGINEER-TBD-CR-A_FLOWMAP_02_007-C01-1 renamed to TBD-CR-A_FLOWMAP_02_007-C01 | Launcher created a role-prefixed name; harness aligned it to registered session_name.
DIAG[cycle_01.12]=OBSERVED | reviewer_c01 active disposable | Fresh reviewer session for C01 was recorded in SCTL Git.
DIAG[cycle_01.13.work_order]=OBSERVED | /home/hou16/sctl-live-test-A_LIVE_001/.strata/work_orders/A_FLOWMAP_02_007/cycle_01/reviewer_work_order.md | Reviewer envelope body was materialized from /mnt/c/Users/hou16/Downloads/Envelope Template.txt and run-specific values.

===== 13 review message send =====
+ node /mnt/c/Users/hou16/Downloads/Codex_CLI_agent\ fleet/_package_patch_v0_9_4_simplified_runtime/strata_sctl_kernel_components_1_3_4_package_v0_9_4_simplified_runtime/src/cli.js --workspace /home/hou16/sctl-live-test-A_LIVE_001 message send --assignment-id A_FLOWMAP_02_007 --thread-id THREAD_A_FLOWMAP_02_007_C01_REVIEW --from-role Delegated\ Coordinator --from-id delegated_coordinator_001 --to-role Code\ Reviewer\ /\ QC\ Engineer --to-id reviewer_c01 --message-kind qc_review_request --related-class-b .strata/context/B/b_a_flowmap_02_007_cycle_01_author_ready.md --requested-handling Review\ the\ codebase\ branch\,\ the\ Change\ Author\ report\,\ and\ available\ CI/test\ evidence.\ Return\ approved\,\ denied\,\ or\ blocked. --body-file /home/hou16/sctl-live-test-A_LIVE_001/.strata/work_orders/A_FLOWMAP_02_007/cycle_01/reviewer_work_order.md
{
  "contract_id": "strata.sctl.result_envelope.v1",
  "tool_id": "sctl.message.send.v1",
  "ok": true,
  "result": {
    "file": "/home/hou16/sctl-live-test-A_LIVE_001/.strata/context/C/threads/thread_a_flowmap_02_007_c01_review/tm_a_flowmap_02_007_2026-06-13t12-19-38-606z.md",
    "message_id": "TM_A_FLOWMAP_02_007_2026-06-13T12-19-38-606Z",
    "thread_id": "THREAD_A_FLOWMAP_02_007_C01_REVIEW",
    "assignment_id": "A_FLOWMAP_02_007",
    "related_class_b": [
      ".strata/context/B/b_a_flowmap_02_007_cycle_01_author_ready.md"
    ],
    "git": {
      "command": "git",
      "args": [
        "commit",
        "-m",
        "team message A_FLOWMAP_02_007 qc_review_request delegated_coordinator_001 -> reviewer_c01"
      ],
      "cwd": "/home/hou16/sctl-live-test-A_LIVE_001/.strata/context",
      "status": 0,
      "signal": null,
      "stdout": "[master f8ffaa3] team message A_FLOWMAP_02_007 qc_review_request delegated_coordinator_001 -> reviewer_c01\n 2 files changed, 83 insertions(+)\n create mode 100644 C/threads/thread_a_flowmap_02_007_c01_review/tm_a_flowmap_02_007_2026-06-13t12-19-38-606z.md\n",
      "stderr": "",
      "ok": true,
      "error": null,
      "commit": "f8ffaa3"
    }
  },
  "errors": [],
  "evidence_paths": [
    "/home/hou16/sctl-live-test-A_LIVE_001/.strata/context/C/threads/thread_a_flowmap_02_007_c01_review/tm_a_flowmap_02_007_2026-06-13t12-19-38-606z.md",
    "/home/hou16/sctl-live-test-A_LIVE_001/.strata/context/D_trace/telemetry/workflow_telemetry.jsonl"
  ],
  "created_at": "2026-06-13T12:19:38.645Z"
}
STATUS[13 review message send]=0

===== 13 review message validate =====
+ node /mnt/c/Users/hou16/Downloads/Codex_CLI_agent\ fleet/_package_patch_v0_9_4_simplified_runtime/strata_sctl_kernel_components_1_3_4_package_v0_9_4_simplified_runtime/src/cli.js --workspace /home/hou16/sctl-live-test-A_LIVE_001 message validate --file /home/hou16/sctl-live-test-A_LIVE_001/.strata/context/C/threads/thread_a_flowmap_02_007_c01_review/tm_a_flowmap_02_007_2026-06-13t12-19-38-606z.md
{
  "contract_id": "strata.sctl.result_envelope.v1",
  "tool_id": "sctl.message.validate.v1",
  "ok": true,
  "result": {
    "file": "/home/hou16/sctl-live-test-A_LIVE_001/.strata/context/C/threads/thread_a_flowmap_02_007_c01_review/tm_a_flowmap_02_007_2026-06-13t12-19-38-606z.md",
    "sha256": "ec234b7ba5e5158195dd009c811583e82ab993f460a1d9aec2bab6e9995106a0"
  },
  "errors": [],
  "evidence_paths": [
    "/home/hou16/sctl-live-test-A_LIVE_001/.strata/context/C/threads/thread_a_flowmap_02_007_c01_review/tm_a_flowmap_02_007_2026-06-13t12-19-38-606z.md"
  ],
  "created_at": "2026-06-13T12:19:38.887Z"
}
STATUS[13 review message validate]=0
DIAG[cycle_01.13]=OBSERVED | /home/hou16/sctl-live-test-A_LIVE_001/.strata/context/C/threads/thread_a_flowmap_02_007_c01_review/tm_a_flowmap_02_007_2026-06-13t12-19-38-606z.md | Review envelope input artifact exists and validates.

===== 14 review dispatch render =====
+ /mnt/c/Users/hou16/Downloads/Codex_CLI_agent\ fleet/_package_patch_v0_9_4_simplified_runtime/strata_sctl_kernel_components_1_3_4_package_v0_9_4_simplified_runtime/scripts/wsl_tmux/sctl-dispatch-render --workspace /home/hou16/sctl-live-test-A_LIVE_001 --assignment-id A_FLOWMAP_02_007 --nonce N_REVIEW_C01 --from-role Delegated\ Coordinator --from-id delegated_coordinator_001 --target-role Code\ Reviewer\ /\ QC\ Engineer --target-id reviewer_c01 --summary Flowmap\ 02\ C01\ code\ review\ request --message-file /home/hou16/sctl-live-test-A_LIVE_001/.strata/context/C/threads/thread_a_flowmap_02_007_c01_review/tm_a_flowmap_02_007_2026-06-13t12-19-38-606z.md --declared-file CODEBASE_REPO:/home/hou16/workspace/AAU_MED_EM_ENSEMBLE_HEATMAP_STUDENT_ASSIGNMENT --declared-file TRUNK_BRANCH:main --declared-file CHANGE_BRANCH:change/A_FLOWMAP_02_007/C01-sample-uniform-sphere-mc
{
  "contract_id": "strata.sctl.result_envelope.v1",
  "tool_id": "sctl.dispatch.record.v2",
  "ok": true,
  "result": {
    "outbox": {
      "dir": "/home/hou16/sctl-live-test-A_LIVE_001/.strata/dispatch_outbox/A_FLOWMAP_02_007/reviewer_c01/N_REVIEW_C01",
      "packetJsonPath": "/home/hou16/sctl-live-test-A_LIVE_001/.strata/dispatch_outbox/A_FLOWMAP_02_007/reviewer_c01/N_REVIEW_C01/dispatch_packet.json",
      "packetMdPath": "/home/hou16/sctl-live-test-A_LIVE_001/.strata/dispatch_outbox/A_FLOWMAP_02_007/reviewer_c01/N_REVIEW_C01/dispatch_packet.md",
      "manifestPath": "/home/hou16/sctl-live-test-A_LIVE_001/.strata/dispatch_outbox/A_FLOWMAP_02_007/reviewer_c01/N_REVIEW_C01/manifest.json"
    },
    "git_snapshot": {
      "dir": "/home/hou16/sctl-live-test-A_LIVE_001/.strata/context/D_trace/dispatch_packets/A_FLOWMAP_02_007/reviewer_c01/N_REVIEW_C01",
      "packetJsonPath": "/home/hou16/sctl-live-test-A_LIVE_001/.strata/context/D_trace/dispatch_packets/A_FLOWMAP_02_007/reviewer_c01/N_REVIEW_C01/dispatch_packet.json",
      "packetMdPath": "/home/hou16/sctl-live-test-A_LIVE_001/.strata/context/D_trace/dispatch_packets/A_FLOWMAP_02_007/reviewer_c01/N_REVIEW_C01/dispatch_packet.md",
      "manifestPath": "/home/hou16/sctl-live-test-A_LIVE_001/.strata/context/D_trace/dispatch_packets/A_FLOWMAP_02_007/reviewer_c01/N_REVIEW_C01/manifest.json"
    },
    "dispatch_log_path": "/home/hou16/sctl-live-test-A_LIVE_001/.strata/context/D_trace/dispatch_log/a_flowmap_02_007_n_review_c01_reviewer_c01.json",
    "notice_count": 0,
    "git": {
      "command": "git",
      "args": [
        "commit",
        "-m",
        "dispatch record A_FLOWMAP_02_007 N_REVIEW_C01"
      ],
      "cwd": "/home/hou16/sctl-live-test-A_LIVE_001/.strata/context",
      "status": 0,
      "signal": null,
      "stdout": "[master 6758737] dispatch record A_FLOWMAP_02_007 N_REVIEW_C01\n 8 files changed, 1894 insertions(+)\n create mode 100644 D_trace/dispatch_log/a_flowmap_02_007_n_review_c01_reviewer_c01.json\n create mode 100644 D_trace/dispatch_packets/A_FLOWMAP_02_007/reviewer_c01/N_REVIEW_C01/context_export/context.md\n create mode 100644 D_trace/dispatch_packets/A_FLOWMAP_02_007/reviewer_c01/N_REVIEW_C01/context_export/manifest.json\n create mode 100644 D_trace/dispatch_packets/A_FLOWMAP_02_007/reviewer_c01/N_REVIEW_C01/context_export/source_index.json\n create mode 100644 D_trace/dispatch_packets/A_FLOWMAP_02_007/reviewer_c01/N_REVIEW_C01/dispatch_packet.json\n create mode 100644 D_trace/dispatch_packets/A_FLOWMAP_02_007/reviewer_c01/N_REVIEW_C01/dispatch_packet.md\n create mode 100644 D_trace/dispatch_packets/A_FLOWMAP_02_007/reviewer_c01/N_REVIEW_C01/manifest.json\n",
      "stderr": "",
      "ok": true,
      "error": null,
      "commit": "6758737"
    },
    "packet": {
      "contract_id": "strata.dispatch.packet.v2_deterministic_context_export",
      "dispatch_format": "deterministic_class_c_plus_context_export_v1",
      "dispatch_kind": "DETERMINISTIC_CLASS_C_CONTEXT",
      "assignment_id": "A_FLOWMAP_02_007",
      "nonce": "N_REVIEW_C01",
      "from": {
        "role": "Delegated Coordinator",
        "id": "delegated_coordinator_001"
      },
      "to": {
        "role": "Code Reviewer / QC Engineer",
        "id": "reviewer_c01"
      },
      "summary": "Flowmap 02 C01 code review request",
      "related_class_b": [],
      "declared_files": [
        "CODEBASE_REPO:/home/hou16/workspace/AAU_MED_EM_ENSEMBLE_HEATMAP_STUDENT_ASSIGNMENT",
        "TRUNK_BRANCH:main",
        "CHANGE_BRANCH:change/A_FLOWMAP_02_007/C01-sample-uniform-sphere-mc"
      ],
      "class_c_message_path": ".strata/context/C/threads/thread_a_flowmap_02_007_c01_review/tm_a_flowmap_02_007_2026-06-13t12-19-38-606z.md",
      "context_export": {
        "markdown_path": "/home/hou16/sctl-live-test-A_LIVE_001/.strata/context/D_trace/dispatch_packets/A_FLOWMAP_02_007/reviewer_c01/N_REVIEW_C01/context_export/context.md",
        "source_index_path": "/home/hou16/sctl-live-test-A_LIVE_001/.strata/context/D_trace/dispatch_packets/A_FLOWMAP_02_007/reviewer_c01/N_REVIEW_C01/context_export/source_index.json",
        "manifest_path": "/home/hou16/sctl-live-test-A_LIVE_001/.strata/context/D_trace/dispatch_packets/A_FLOWMAP_02_007/reviewer_c01/N_REVIEW_C01/context_export/manifest.json",
        "source_count": 13,
        "include_classes": [
          "A",
          "B"
        ],
        "since_class_b_revision": null,
        "empty_context_valid": true
      },
      "runtime_delivery": "paste_only_deterministic_envelope_ready",
      "dispatch_to_git_is_primary_evidence": true,
      "chatbox_inspection_required": false,
      "session_policy": "disposable_by_default",
      "created_at": "2026-06-13T12:19:39.258Z",
      "markdown_sha256": "673916509f83b19bcad5646ddd1af398d798729f1855960d71feeb85d8159777",
      "context_state": {
        "contract_id": "strata.context_state.v2_simplified_runtime",
        "context_epoch": 1,
        "current_context_epoch": 13,
        "context_revision": 13,
        "class_a_revision": 0,
        "class_b_revision": 13,
        "current_class_b_revision": 13,
        "class_b_updates_since_full_refresh": 13,
        "refresh_required": true,
        "refresh_reason": "Class B update count exceeded 10",
        "context_update_policy": "simple_revision_math",
        "created_at": "2026-06-12T09:06:58.999Z",
        "updated_at": "2026-06-13T12:19:36.873Z"
      }
    }
  },
  "errors": [],
  "evidence_paths": [
    "/home/hou16/sctl-live-test-A_LIVE_001/.strata/dispatch_outbox/A_FLOWMAP_02_007/reviewer_c01/N_REVIEW_C01/dispatch_packet.json",
    "/home/hou16/sctl-live-test-A_LIVE_001/.strata/dispatch_outbox/A_FLOWMAP_02_007/reviewer_c01/N_REVIEW_C01/dispatch_packet.md",
    "/home/hou16/sctl-live-test-A_LIVE_001/.strata/dispatch_outbox/A_FLOWMAP_02_007/reviewer_c01/N_REVIEW_C01/manifest.json",
    "/home/hou16/sctl-live-test-A_LIVE_001/.strata/context/D_trace/dispatch_packets/A_FLOWMAP_02_007/reviewer_c01/N_REVIEW_C01/dispatch_packet.json",
    "/home/hou16/sctl-live-test-A_LIVE_001/.strata/context/D_trace/dispatch_packets/A_FLOWMAP_02_007/reviewer_c01/N_REVIEW_C01/dispatch_packet.md",
    "/home/hou16/sctl-live-test-A_LIVE_001/.strata/context/D_trace/dispatch_packets/A_FLOWMAP_02_007/reviewer_c01/N_REVIEW_C01/manifest.json",
    "/home/hou16/sctl-live-test-A_LIVE_001/.strata/context/D_trace/dispatch_packets/A_FLOWMAP_02_007/reviewer_c01/N_REVIEW_C01/context_export/context.md",
    "/home/hou16/sctl-live-test-A_LIVE_001/.strata/context/D_trace/dispatch_packets/A_FLOWMAP_02_007/reviewer_c01/N_REVIEW_C01/context_export/source_index.json",
    "/home/hou16/sctl-live-test-A_LIVE_001/.strata/context/D_trace/dispatch_packets/A_FLOWMAP_02_007/reviewer_c01/N_REVIEW_C01/context_export/manifest.json",
    "/home/hou16/sctl-live-test-A_LIVE_001/.strata/context/D_trace/dispatch_log/a_flowmap_02_007_n_review_c01_reviewer_c01.json",
    "/home/hou16/sctl-live-test-A_LIVE_001/.strata/context/D_trace/telemetry/workflow_telemetry.jsonl"
  ],
  "created_at": "2026-06-13T12:19:39.323Z"
}
STATUS[14 review dispatch render]=0
DIAG[cycle_01.14]=OBSERVED | /home/hou16/sctl-live-test-A_LIVE_001/.strata/context/D_trace/dispatch_packets/A_FLOWMAP_02_007/reviewer_c01/N_REVIEW_C01/dispatch_packet.md | Packet contains fixed envelope input and context export headline.

===== context export cycle_01/reviewer_dispatch =====
+ node /mnt/c/Users/hou16/Downloads/Codex_CLI_agent\ fleet/_package_patch_v0_9_4_simplified_runtime/strata_sctl_kernel_components_1_3_4_package_v0_9_4_simplified_runtime/src/cli.js --workspace /home/hou16/sctl-live-test-A_LIVE_001 context export-markdown --include-classes A\,B --out /mnt/c/Users/hou16/Downloads/Codex_CLI_agent\ fleet/_package_patch_v0_9_4_simplified_runtime/strata_sctl_kernel_components_1_3_4_package_v0_9_4_simplified_runtime/_test_runs/flowmap02/run_20260613T121734Z/context_exports/cycle_01/reviewer_dispatch
{
  "contract_id": "strata.sctl.result_envelope.v1",
  "tool_id": "sctl.context.export_markdown.v2",
  "ok": true,
  "result": {
    "out_dir": "/mnt/c/Users/hou16/Downloads/Codex_CLI_agent fleet/_package_patch_v0_9_4_simplified_runtime/strata_sctl_kernel_components_1_3_4_package_v0_9_4_simplified_runtime/_test_runs/flowmap02/run_20260613T121734Z/context_exports/cycle_01/reviewer_dispatch",
    "markdown_path": "/mnt/c/Users/hou16/Downloads/Codex_CLI_agent fleet/_package_patch_v0_9_4_simplified_runtime/strata_sctl_kernel_components_1_3_4_package_v0_9_4_simplified_runtime/_test_runs/flowmap02/run_20260613T121734Z/context_exports/cycle_01/reviewer_dispatch/context.md",
    "source_index_path": "/mnt/c/Users/hou16/Downloads/Codex_CLI_agent fleet/_package_patch_v0_9_4_simplified_runtime/strata_sctl_kernel_components_1_3_4_package_v0_9_4_simplified_runtime/_test_runs/flowmap02/run_20260613T121734Z/context_exports/cycle_01/reviewer_dispatch/source_index.json",
    "manifest_path": "/mnt/c/Users/hou16/Downloads/Codex_CLI_agent fleet/_package_patch_v0_9_4_simplified_runtime/strata_sctl_kernel_components_1_3_4_package_v0_9_4_simplified_runtime/_test_runs/flowmap02/run_20260613T121734Z/context_exports/cycle_01/reviewer_dispatch/manifest.json",
    "source_count": 13,
    "state": {
      "contract_id": "strata.context_state.v2_simplified_runtime",
      "context_epoch": 1,
      "current_context_epoch": 13,
      "context_revision": 13,
      "class_a_revision": 0,
      "class_b_revision": 13,
      "current_class_b_revision": 13,
      "class_b_updates_since_full_refresh": 13,
      "refresh_required": true,
      "refresh_reason": "Class B update count exceeded 10",
      "context_update_policy": "simple_revision_math",
      "created_at": "2026-06-12T09:06:58.999Z",
      "updated_at": "2026-06-13T12:19:36.873Z"
    },
    "include_classes": [
      "A",
      "B"
    ],
    "since_class_b_revision": null
  },
  "errors": [],
  "evidence_paths": [
    "/mnt/c/Users/hou16/Downloads/Codex_CLI_agent fleet/_package_patch_v0_9_4_simplified_runtime/strata_sctl_kernel_components_1_3_4_package_v0_9_4_simplified_runtime/_test_runs/flowmap02/run_20260613T121734Z/context_exports/cycle_01/reviewer_dispatch/context.md",
    "/mnt/c/Users/hou16/Downloads/Codex_CLI_agent fleet/_package_patch_v0_9_4_simplified_runtime/strata_sctl_kernel_components_1_3_4_package_v0_9_4_simplified_runtime/_test_runs/flowmap02/run_20260613T121734Z/context_exports/cycle_01/reviewer_dispatch/source_index.json",
    "/mnt/c/Users/hou16/Downloads/Codex_CLI_agent fleet/_package_patch_v0_9_4_simplified_runtime/strata_sctl_kernel_components_1_3_4_package_v0_9_4_simplified_runtime/_test_runs/flowmap02/run_20260613T121734Z/context_exports/cycle_01/reviewer_dispatch/manifest.json"
  ],
  "created_at": "2026-06-13T12:19:39.665Z"
}
STATUS[context export cycle_01/reviewer_dispatch]=0
FULL_CONTEXT_EXPORT[cycle_01/reviewer_dispatch]=/mnt/c/Users/hou16/Downloads/Codex_CLI_agent fleet/_package_patch_v0_9_4_simplified_runtime/strata_sctl_kernel_components_1_3_4_package_v0_9_4_simplified_runtime/_test_runs/flowmap02/run_20260613T121734Z/context_exports/cycle_01/reviewer_dispatch/context.md
DIAG[cycle_01.context_export.reviewer_dispatch]=OBSERVED | /mnt/c/Users/hou16/Downloads/Codex_CLI_agent fleet/_package_patch_v0_9_4_simplified_runtime/strata_sctl_kernel_components_1_3_4_package_v0_9_4_simplified_runtime/_test_runs/flowmap02/run_20260613T121734Z/context_exports/cycle_01/reviewer_dispatch/context.md | Standalone full context export written outside the pasted dispatch packet and outside the operational log body.

===== 15 reviewer dispatch inject =====
+ bash -lc cd\ \"\$0\"\ \&\&\ \"\$@\" /home/hou16/sctl-live-test-A_LIVE_001 /mnt/c/Users/hou16/Downloads/Codex_CLI_agent\ fleet/_package_patch_v0_9_4_simplified_runtime/strata_sctl_kernel_components_1_3_4_package_v0_9_4_simplified_runtime/scripts/wsl_tmux/sctl-dispatch-inject --session TBD-CR-A_FLOWMAP_02_007-C01 --packet .strata/context/D_trace/dispatch_packets/A_FLOWMAP_02_007/reviewer_c01/N_REVIEW_C01/dispatch_packet.md --paste-delay 5
adapter_terminal_tab_status=tab_spawned session=TBD-CR-A_FLOWMAP_02_007-C01
{"ok":true,"session":"TBD-CR-A_FLOWMAP_02_007-C01","packet":".strata/context/D_trace/dispatch_packets/A_FLOWMAP_02_007/reviewer_c01/N_REVIEW_C01/dispatch_packet.md","enter_sent":1}
STATUS[15 reviewer dispatch inject]=0
DIAG[cycle_01.15]=OBSERVED | TBD-CR-A_FLOWMAP_02_007-C01 injected | Reviewer packet was injected through adapter.

===== 16 reviewer session capture =====
+ bash -lc cd\ \"\$0\"\ \&\&\ \"\$@\" /home/hou16/sctl-live-test-A_LIVE_001 /mnt/c/Users/hou16/Downloads/Codex_CLI_agent\ fleet/_package_patch_v0_9_4_simplified_runtime/strata_sctl_kernel_components_1_3_4_package_v0_9_4_simplified_runtime/scripts/wsl_tmux/sctl-session-capture --session TBD-CR-A_FLOWMAP_02_007-C01 --out .strata/evidence/session_captures/TBD-CR-A_FLOWMAP_02_007-C01.txt
{"ok":true,"session":"TBD-CR-A_FLOWMAP_02_007-C01","capture":".strata/evidence/session_captures/TBD-CR-A_FLOWMAP_02_007-C01.txt"}
STATUS[16 reviewer session capture]=0
DIAG[cycle_01.16]=OBSERVED | TBD-CR-A_FLOWMAP_02_007-C01 capture attempted | Reviewer session capture evidence was requested.

===== 17 wait for return =====
waiting up to 300s for /home/hou16/sctl-live-test-A_LIVE_001/.strata/returns/A_FLOWMAP_02_007/reviewer_c01/packet.json
STATUS[17 wait for return]=0
DIAG[cycle_01.17.wait]=OBSERVED | /home/hou16/sctl-live-test-A_LIVE_001/.strata/returns/A_FLOWMAP_02_007/reviewer_c01/packet.json | Worker return packet and operational report appeared without harness simulation.

===== 17 classify reviewer return =====
+ node /mnt/c/Users/hou16/Downloads/Codex_CLI_agent\ fleet/_package_patch_v0_9_4_simplified_runtime/strata_sctl_kernel_components_1_3_4_package_v0_9_4_simplified_runtime/src/cli.js --workspace /home/hou16/sctl-live-test-A_LIVE_001 returns classify --packet .strata/returns/A_FLOWMAP_02_007/reviewer_c01/packet.json
{
  "contract_id": "strata.sctl.result_envelope.v1",
  "tool_id": "sctl.returns.classify.v1",
  "ok": true,
  "result": {
    "classification": {
      "contract_id": "strata.worker_return_classification.v6_context_git",
      "classification_id": "wret_class_packet.json_2026-06-13T12-20-30-946Z",
      "packet_path": "/home/hou16/sctl-live-test-A_LIVE_001/.strata/returns/A_FLOWMAP_02_007/reviewer_c01/packet.json",
      "packet_sha256": "fd76364669429d9a076d64c984ef5997a2f2292c0155413c144ddb4c8fd6b869",
      "valid_packet": true,
      "errors": [],
      "return_id": "ret_A_FLOWMAP_02_007_reviewer_c01_001",
      "assignment_id": "A_FLOWMAP_02_007",
      "agent_id": "reviewer_c01",
      "role": "Code Reviewer / QC Engineer",
      "return_kind": "OPERATIONAL_REPORT_READY",
      "report_scope": "actionable_report",
      "class_b_authority": "git_tracked_files_only",
      "evidence_model": "evidence_in_report_body",
      "implementation_repository": "/home/hou16/workspace/AAU_MED_EM_ENSEMBLE_HEATMAP_STUDENT_ASSIGNMENT",
      "implementation_commit": "7d3ff6a566c55a4b6e9b4d44e1dedb6869e72bd1",
      "trunk_branch": "main",
      "short_lived_branch": "change/A_FLOWMAP_02_007/C01-sample-uniform-sphere-mc",
      "integration_mode": "short_lived_change_branch",
      "routing_decision": "OPERATIONAL_REPORT_READY_LEDGERED_NOT_CLASS_B",
      "class_b_entry_path": null,
      "class_b_record_path": null,
      "class_d_diagnostic_path": null,
      "coordination_thread_path": null,
      "ack_path": null,
      "report_ledger_path": "/home/hou16/sctl-live-test-A_LIVE_001/.strata/context/D_trace/return_ledgers/operational_report_ready_index.jsonl",
      "report_path": "/home/hou16/sctl-live-test-A_LIVE_001/.strata/returns/A_FLOWMAP_02_007/reviewer_c01/operational_report.md",
      "error_dispatch": null,
      "created_at": "2026-06-13T12:20:30.946Z"
    },
    "classification_record_path": "/home/hou16/sctl-live-test-A_LIVE_001/.strata/context/D_trace/return_ledgers/wret_class_packet.json_2026-06-13T12-20-30-946Z.json"
  },
  "errors": [],
  "evidence_paths": [
    "/home/hou16/sctl-live-test-A_LIVE_001/.strata/context/D_trace/return_ledgers/wret_class_packet.json_2026-06-13T12-20-30-946Z.json",
    "/home/hou16/sctl-live-test-A_LIVE_001/.strata/context/D_trace/return_ledgers/operational_report_ready_index.jsonl",
    "/home/hou16/sctl-live-test-A_LIVE_001/.strata/context/D_trace/telemetry/workflow_telemetry.jsonl"
  ],
  "created_at": "2026-06-13T12:20:30.982Z"
}
STATUS[17 classify reviewer return]=0
DIAG[cycle_01.17 classify reviewer return]=OBSERVED | OPERATIONAL_REPORT_READY / OPERATIONAL_REPORT_READY_LEDGERED_NOT_CLASS_B | Return was ledgered, not automatically promoted to Class B.
DIAG[cycle_01.17 reviewer return.impl_ref]=OBSERVED | repository=/home/hou16/workspace/AAU_MED_EM_ENSEMBLE_HEATMAP_STUDENT_ASSIGNMENT commit=7d3ff6a566c55a4b6e9b4d44e1dedb6869e72bd1 branch_head=7d3ff6a566c55a4b6e9b4d44e1dedb6869e72bd1 | Worker Return Packet implementation_repository and implementation_commit match the assigned Codebase Git branch head.
DIAG[cycle_01.17.review_result]=OBSERVED | approved | Reviewer recommendation is available for CI/merge gate.
DIAG[cycle_01.18A.authority]=OBSERVED | delegated_coordinator_001 | Current live-test policy delegates authorized merge operator authority to the Delegated Coordinator after reviewer approval and green CI.

===== 18A ci local checks =====
+ bash -lc $'\n    set -o pipefail\n    repo="$1"; branch="$2"; shift 2\n    cd "$repo"\n    git switch "$branch" >/dev/null\n    status=0\n    for cmd in "$@"; do printf "+ %s\\n" "$cmd"; bash -lc "$cmd" || status=$?; done\n    exit "$status"\n  ' _ /home/hou16/workspace/AAU_MED_EM_ENSEMBLE_HEATMAP_STUDENT_ASSIGNMENT change/A_FLOWMAP_02_007/C01-sample-uniform-sphere-mc python3\ -m\ py_compile\ code/ensemble_core.py python3\ -c\ \"import\ sys\,\ numpy\ as\ np\;\ sys.path.insert\(0\,\ \'code\'\)\;\ from\ ensemble_core\ import\ sample_uniform_sphere\;\ pts=sample_uniform_sphere\(200\,\ 3.0\,\ 123\,\ recenter=False\)\;\ assert\ pts.shape\ ==\ \(200\,\ 3\)\,\ pts.shape\;\ assert\ np.all\(np.linalg.norm\(pts\,\ axis=1\)\ \<=\ 3.0\ +\ 1e-12\)\;\ print\(\'sample_uniform_sphere\ smoke\ passed\'\)\"
Already on 'change/A_FLOWMAP_02_007/C01-sample-uniform-sphere-mc'
+ python3 -m py_compile code/ensemble_core.py
+ python3 -c "import sys, numpy as np; sys.path.insert(0, 'code'); from ensemble_core import sample_uniform_sphere; pts=sample_uniform_sphere(200, 3.0, 123, recenter=False); assert pts.shape == (200, 3), pts.shape; assert np.all(np.linalg.norm(pts, axis=1) <= 3.0 + 1e-12); print('sample_uniform_sphere smoke passed')"
sample_uniform_sphere smoke passed
STATUS[18A ci local checks]=0
DIAG[cycle_01.18A.ci]=OBSERVED | /mnt/c/Users/hou16/Downloads/Codex_CLI_agent fleet/_package_patch_v0_9_4_simplified_runtime/strata_sctl_kernel_components_1_3_4_package_v0_9_4_simplified_runtime/_test_runs/flowmap02/run_20260613T121734Z/A_FLOWMAP_02_007_C01_ci.log | Declared validation commands were executed before merge.

===== 18A merge ff only =====
+ bash -lc cd\ \"\$0\"\ \&\&\ git\ switch\ \"\$1\"\ \&\&\ git\ merge\ --ff-only\ \"\$2\"\ \&\&\ git\ status\ --short /home/hou16/workspace/AAU_MED_EM_ENSEMBLE_HEATMAP_STUDENT_ASSIGNMENT main change/A_FLOWMAP_02_007/C01-sample-uniform-sphere-mc
Switched to branch 'main'
Updating ab4b4c9..7d3ff6a
Fast-forward
 code/ensemble_core.py | 29 ++++++++++++++++++-----------
 1 file changed, 18 insertions(+), 11 deletions(-)
STATUS[18A merge ff only]=0
DIAG[cycle_01.18A.merge]=OBSERVED | change/A_FLOWMAP_02_007/C01-sample-uniform-sphere-mc -> main | Authorized merge operator completed the merge after review approval and CI/checks.

===== 19 final outcome classb put =====
+ node /mnt/c/Users/hou16/Downloads/Codex_CLI_agent\ fleet/_package_patch_v0_9_4_simplified_runtime/strata_sctl_kernel_components_1_3_4_package_v0_9_4_simplified_runtime/src/cli.js --workspace /home/hou16/sctl-live-test-A_LIVE_001 classb put --id B_A_FLOWMAP_02_007_C01_MERGE_OUTCOME --title A_FLOWMAP_02_007\ C01\ approved\ outcome --assignment-id A_FLOWMAP_02_007 --agent-id delegated_coordinator_001 --role Delegated\ Coordinator --scope review_outcome --summary Cycle\ C01\ reviewer\ outcome:\ approved\;\ final\ integration\ outcome:\ approved. --progress-delta Flowmap\ 02\ routed\ delegated\ coordinator\ intent\ through\ disposable\ author\ and\ reviewer\ sessions\ for\ C01. --trunk-integration Codebase\ repo:\ /home/hou16/workspace/AAU_MED_EM_ENSEMBLE_HEATMAP_STUDENT_ASSIGNMENT\;\ trunk:\ main\;\ branch:\ change/A_FLOWMAP_02_007/C01-sample-uniform-sphere-mc\;\ merge\ setting:\ 1\;\ merge\ result:\ merged\;\ authorized\ merge\ operator:\ Delegated\ Coordinator\ \(delegated_coordinator_001\)\ for\ current\ live\ tests. --verification Reviewer\ return\ classified.\ CI\ result:\ passed.\ CI\ log\ path:\ /mnt/c/Users/hou16/Downloads/Codex_CLI_agent\ fleet/_package_patch_v0_9_4_simplified_runtime/strata_sctl_kernel_components_1_3_4_package_v0_9_4_simplified_runtime/_test_runs/flowmap02/run_20260613T121734Z/A_FLOWMAP_02_007_C01_ci.log. --evidence-detail Author\ packet:\ .strata/context/D_trace/dispatch_packets/A_FLOWMAP_02_007/change_author_c01/N_AUTHOR_C01/dispatch_packet.md\;\ review\ packet:\ .strata/context/D_trace/dispatch_packets/A_FLOWMAP_02_007/reviewer_c01/N_REVIEW_C01/dispatch_packet.md\;\ return\ ledgers:\ .strata/context/D_trace/return_ledgers/. --risks If\ final\ integration\ outcome\ is\ not\ merged\,\ inspect\ CI/merge\ diagnostics\ before\ selecting\ the\ next\ change. --next-action Refresh\ Delegated\ Coordinator\ context\ and\ resolve\ any\ non-merged\ integration\ outcome\ before\ selecting\ the\ next\ small\ change.
{
  "contract_id": "strata.sctl.result_envelope.v1",
  "tool_id": "sctl.classb.put_file.v2",
  "ok": true,
  "result": {
    "id": "B_A_FLOWMAP_02_007_C01_MERGE_OUTCOME",
    "file": "/home/hou16/sctl-live-test-A_LIVE_001/.strata/context/B/b_a_flowmap_02_007_c01_merge_outcome.md",
    "scope": "review_outcome",
    "assignment_id": "A_FLOWMAP_02_007",
    "git": {
      "command": "git",
      "args": [
        "commit",
        "-m",
        "class B report put B_A_FLOWMAP_02_007_C01_MERGE_OUTCOME"
      ],
      "cwd": "/home/hou16/sctl-live-test-A_LIVE_001/.strata/context",
      "status": 0,
      "signal": null,
      "stdout": "[master 2fd423b] class B report put B_A_FLOWMAP_02_007_C01_MERGE_OUTCOME\n 3 files changed, 53 insertions(+), 6 deletions(-)\n create mode 100644 B/b_a_flowmap_02_007_c01_merge_outcome.md\n",
      "stderr": "",
      "ok": true,
      "error": null,
      "commit": "2fd423b"
    },
    "state": {
      "contract_id": "strata.context_state.v2_simplified_runtime",
      "context_epoch": 1,
      "current_context_epoch": 14,
      "context_revision": 14,
      "class_a_revision": 0,
      "class_b_revision": 14,
      "current_class_b_revision": 14,
      "class_b_updates_since_full_refresh": 14,
      "refresh_required": true,
      "refresh_reason": "Class B update count exceeded 10",
      "context_update_policy": "simple_revision_math",
      "created_at": "2026-06-12T09:06:58.999Z",
      "updated_at": "2026-06-13T12:20:35.276Z"
    },
    "accepted_class_b_revision": 14
  },
  "errors": [],
  "evidence_paths": [
    "/home/hou16/sctl-live-test-A_LIVE_001/.strata/context/B/b_a_flowmap_02_007_c01_merge_outcome.md",
    "/home/hou16/sctl-live-test-A_LIVE_001/.strata/context/D_trace/telemetry/workflow_telemetry.jsonl"
  ],
  "created_at": "2026-06-13T12:20:35.305Z"
}
STATUS[19 final outcome classb put]=0
DIAG[cycle_01.19]=OBSERVED | Class B revision 13 -> 14 | Final outcome entered Class B.

===== 20 retire change author =====
+ env SCTL_RUNTIME_EDGE_ROOT=/mnt/c/Users/hou16/Downloads/Codex_CLI_agent\ fleet/strata_runtime_edge_launcher_delegate_component2_3_v0_9/strata_runtime_edge_launcher_delegate_component2_3_v0_9 /mnt/c/Users/hou16/Downloads/Codex_CLI_agent\ fleet/_package_patch_v0_9_4_simplified_runtime/strata_sctl_kernel_components_1_3_4_package_v0_9_4_simplified_runtime/scripts/wsl_tmux/sctl-session-retire --workspace /home/hou16/sctl-live-test-A_LIVE_001 --assignment-id A_FLOWMAP_02_007 --id change_author_c01 --session TBD-CA-A_FLOWMAP_02_007-C01 --reason Flowmap\ 02\ C01\ Change\ Author\ cycle\ completed
{
  "contract_id": "strata.sctl.result_envelope.v1",
  "tool_id": "sctl.sessions.retire.v1",
  "ok": true,
  "result": {
    "id": "change_author_c01",
    "assignment_id": "A_FLOWMAP_02_007",
    "file": "/home/hou16/sctl-live-test-A_LIVE_001/.strata/context/C/sessions/active_sessions.json",
    "lifecycle_path": "/home/hou16/sctl-live-test-A_LIVE_001/.strata/context/C/sessions/lifecycle/a_flowmap_02_007_change_author_c01_retired_2026-06-13t12-20-35-796z.json",
    "git": {
      "command": "git",
      "args": [
        "commit",
        "-m",
        "session retire A_FLOWMAP_02_007 change_author_c01"
      ],
      "cwd": "/home/hou16/sctl-live-test-A_LIVE_001/.strata/context",
      "status": 0,
      "signal": null,
      "stdout": "[master 915fbe6] session retire A_FLOWMAP_02_007 change_author_c01\n 3 files changed, 14 insertions(+), 3 deletions(-)\n create mode 100644 C/sessions/lifecycle/a_flowmap_02_007_change_author_c01_retired_2026-06-13t12-20-35-796z.json\n",
      "stderr": "",
      "ok": true,
      "error": null,
      "commit": "915fbe6"
    }
  },
  "errors": [],
  "evidence_paths": [
    "/home/hou16/sctl-live-test-A_LIVE_001/.strata/context/C/sessions/active_sessions.json",
    "/home/hou16/sctl-live-test-A_LIVE_001/.strata/context/C/sessions/lifecycle/a_flowmap_02_007_change_author_c01_retired_2026-06-13t12-20-35-796z.json",
    "/home/hou16/sctl-live-test-A_LIVE_001/.strata/context/D_trace/telemetry/workflow_telemetry.jsonl"
  ],
  "created_at": "2026-06-13T12:20:35.830Z"
}
STATUS[20 retire change author]=0

===== 20 retire reviewer =====
+ env SCTL_RUNTIME_EDGE_ROOT=/mnt/c/Users/hou16/Downloads/Codex_CLI_agent\ fleet/strata_runtime_edge_launcher_delegate_component2_3_v0_9/strata_runtime_edge_launcher_delegate_component2_3_v0_9 /mnt/c/Users/hou16/Downloads/Codex_CLI_agent\ fleet/_package_patch_v0_9_4_simplified_runtime/strata_sctl_kernel_components_1_3_4_package_v0_9_4_simplified_runtime/scripts/wsl_tmux/sctl-session-retire --workspace /home/hou16/sctl-live-test-A_LIVE_001 --assignment-id A_FLOWMAP_02_007 --id reviewer_c01 --session TBD-CR-A_FLOWMAP_02_007-C01 --reason Flowmap\ 02\ C01\ review\ cycle\ completed
{
  "contract_id": "strata.sctl.result_envelope.v1",
  "tool_id": "sctl.sessions.retire.v1",
  "ok": true,
  "result": {
    "id": "reviewer_c01",
    "assignment_id": "A_FLOWMAP_02_007",
    "file": "/home/hou16/sctl-live-test-A_LIVE_001/.strata/context/C/sessions/active_sessions.json",
    "lifecycle_path": "/home/hou16/sctl-live-test-A_LIVE_001/.strata/context/C/sessions/lifecycle/a_flowmap_02_007_reviewer_c01_retired_2026-06-13t12-20-36-150z.json",
    "git": {
      "command": "git",
      "args": [
        "commit",
        "-m",
        "session retire A_FLOWMAP_02_007 reviewer_c01"
      ],
      "cwd": "/home/hou16/sctl-live-test-A_LIVE_001/.strata/context",
      "status": 0,
      "signal": null,
      "stdout": "[master b853f98] session retire A_FLOWMAP_02_007 reviewer_c01\n 3 files changed, 14 insertions(+), 3 deletions(-)\n create mode 100644 C/sessions/lifecycle/a_flowmap_02_007_reviewer_c01_retired_2026-06-13t12-20-36-150z.json\n",
      "stderr": "",
      "ok": true,
      "error": null,
      "commit": "b853f98"
    }
  },
  "errors": [],
  "evidence_paths": [
    "/home/hou16/sctl-live-test-A_LIVE_001/.strata/context/C/sessions/active_sessions.json",
    "/home/hou16/sctl-live-test-A_LIVE_001/.strata/context/C/sessions/lifecycle/a_flowmap_02_007_reviewer_c01_retired_2026-06-13t12-20-36-150z.json",
    "/home/hou16/sctl-live-test-A_LIVE_001/.strata/context/D_trace/telemetry/workflow_telemetry.jsonl"
  ],
  "created_at": "2026-06-13T12:20:36.187Z"
}
STATUS[20 retire reviewer]=0
DIAG[cycle_01.20]=OBSERVED | disposable sessions retired | Author and reviewer lifecycle closure was recorded through SCTL.

===== 21 coordinator freshness =====
+ node /mnt/c/Users/hou16/Downloads/Codex_CLI_agent\ fleet/_package_patch_v0_9_4_simplified_runtime/strata_sctl_kernel_components_1_3_4_package_v0_9_4_simplified_runtime/src/cli.js --workspace /home/hou16/sctl-live-test-A_LIVE_001 context freshness --loaded-context-epoch 12 --loaded-class-a-revision 0
{
  "contract_id": "strata.sctl.result_envelope.v1",
  "tool_id": "sctl.context.freshness.v1",
  "ok": true,
  "result": {
    "loaded_context_epoch": 12,
    "loaded_class_a_revision": 0,
    "current_context_epoch": 14,
    "current_class_b_revision": 14,
    "current_class_a_revision": 0,
    "class_b_delta": 2,
    "class_a_delta": 0,
    "export_mode": "class_b_delta",
    "action": "delta_context_export",
    "retire_session": false,
    "math": "14-12=2",
    "policy": "If Class A changed, retire and full export. If Class B delta is 1-5, delta export. If Class B delta is greater than 5, full export.",
    "state": {
      "contract_id": "strata.context_state.v2_simplified_runtime",
      "context_epoch": 1,
      "current_context_epoch": 14,
      "context_revision": 14,
      "class_a_revision": 0,
      "class_b_revision": 14,
      "current_class_b_revision": 14,
      "class_b_updates_since_full_refresh": 14,
      "refresh_required": true,
      "refresh_reason": "Class B update count exceeded 10",
      "context_update_policy": "simple_revision_math",
      "created_at": "2026-06-12T09:06:58.999Z",
      "updated_at": "2026-06-13T12:20:35.276Z"
    }
  },
  "errors": [],
  "evidence_paths": [],
  "created_at": "2026-06-13T12:20:36.540Z"
}
STATUS[21 coordinator freshness]=0

===== 21 coordinator export refresh =====
+ node /mnt/c/Users/hou16/Downloads/Codex_CLI_agent\ fleet/_package_patch_v0_9_4_simplified_runtime/strata_sctl_kernel_components_1_3_4_package_v0_9_4_simplified_runtime/src/cli.js --workspace /home/hou16/sctl-live-test-A_LIVE_001 context export-markdown --include-classes A\,B --since-class-b-revision 12 --out .strata/exports/A_FLOWMAP_02_007_cycle_01_coordinator_refresh
{
  "contract_id": "strata.sctl.result_envelope.v1",
  "tool_id": "sctl.context.export_markdown.v2",
  "ok": true,
  "result": {
    "out_dir": "/home/hou16/sctl-live-test-A_LIVE_001/.strata/exports/A_FLOWMAP_02_007_cycle_01_coordinator_refresh",
    "markdown_path": "/home/hou16/sctl-live-test-A_LIVE_001/.strata/exports/A_FLOWMAP_02_007_cycle_01_coordinator_refresh/context.md",
    "source_index_path": "/home/hou16/sctl-live-test-A_LIVE_001/.strata/exports/A_FLOWMAP_02_007_cycle_01_coordinator_refresh/source_index.json",
    "manifest_path": "/home/hou16/sctl-live-test-A_LIVE_001/.strata/exports/A_FLOWMAP_02_007_cycle_01_coordinator_refresh/manifest.json",
    "source_count": 2,
    "state": {
      "contract_id": "strata.context_state.v2_simplified_runtime",
      "context_epoch": 1,
      "current_context_epoch": 14,
      "context_revision": 14,
      "class_a_revision": 0,
      "class_b_revision": 14,
      "current_class_b_revision": 14,
      "class_b_updates_since_full_refresh": 14,
      "refresh_required": true,
      "refresh_reason": "Class B update count exceeded 10",
      "context_update_policy": "simple_revision_math",
      "created_at": "2026-06-12T09:06:58.999Z",
      "updated_at": "2026-06-13T12:20:35.276Z"
    },
    "include_classes": [
      "A",
      "B"
    ],
    "since_class_b_revision": 12
  },
  "errors": [],
  "evidence_paths": [
    "/home/hou16/sctl-live-test-A_LIVE_001/.strata/exports/A_FLOWMAP_02_007_cycle_01_coordinator_refresh/context.md",
    "/home/hou16/sctl-live-test-A_LIVE_001/.strata/exports/A_FLOWMAP_02_007_cycle_01_coordinator_refresh/source_index.json",
    "/home/hou16/sctl-live-test-A_LIVE_001/.strata/exports/A_FLOWMAP_02_007_cycle_01_coordinator_refresh/manifest.json"
  ],
  "created_at": "2026-06-13T12:20:36.737Z"
}
STATUS[21 coordinator export refresh]=0
DIAG[cycle_01.21]=OBSERVED | freshness action=delta_context_export loaded_epoch=12 | Coordinator can refresh from current SCTL Git state instead of private chat memory.

===== context export cycle_01/coordinator_after =====
+ node /mnt/c/Users/hou16/Downloads/Codex_CLI_agent\ fleet/_package_patch_v0_9_4_simplified_runtime/strata_sctl_kernel_components_1_3_4_package_v0_9_4_simplified_runtime/src/cli.js --workspace /home/hou16/sctl-live-test-A_LIVE_001 context export-markdown --include-classes A\,B --out /mnt/c/Users/hou16/Downloads/Codex_CLI_agent\ fleet/_package_patch_v0_9_4_simplified_runtime/strata_sctl_kernel_components_1_3_4_package_v0_9_4_simplified_runtime/_test_runs/flowmap02/run_20260613T121734Z/context_exports/cycle_01/coordinator_after
{
  "contract_id": "strata.sctl.result_envelope.v1",
  "tool_id": "sctl.context.export_markdown.v2",
  "ok": true,
  "result": {
    "out_dir": "/mnt/c/Users/hou16/Downloads/Codex_CLI_agent fleet/_package_patch_v0_9_4_simplified_runtime/strata_sctl_kernel_components_1_3_4_package_v0_9_4_simplified_runtime/_test_runs/flowmap02/run_20260613T121734Z/context_exports/cycle_01/coordinator_after",
    "markdown_path": "/mnt/c/Users/hou16/Downloads/Codex_CLI_agent fleet/_package_patch_v0_9_4_simplified_runtime/strata_sctl_kernel_components_1_3_4_package_v0_9_4_simplified_runtime/_test_runs/flowmap02/run_20260613T121734Z/context_exports/cycle_01/coordinator_after/context.md",
    "source_index_path": "/mnt/c/Users/hou16/Downloads/Codex_CLI_agent fleet/_package_patch_v0_9_4_simplified_runtime/strata_sctl_kernel_components_1_3_4_package_v0_9_4_simplified_runtime/_test_runs/flowmap02/run_20260613T121734Z/context_exports/cycle_01/coordinator_after/source_index.json",
    "manifest_path": "/mnt/c/Users/hou16/Downloads/Codex_CLI_agent fleet/_package_patch_v0_9_4_simplified_runtime/strata_sctl_kernel_components_1_3_4_package_v0_9_4_simplified_runtime/_test_runs/flowmap02/run_20260613T121734Z/context_exports/cycle_01/coordinator_after/manifest.json",
    "source_count": 14,
    "state": {
      "contract_id": "strata.context_state.v2_simplified_runtime",
      "context_epoch": 1,
      "current_context_epoch": 14,
      "context_revision": 14,
      "class_a_revision": 0,
      "class_b_revision": 14,
      "current_class_b_revision": 14,
      "class_b_updates_since_full_refresh": 14,
      "refresh_required": true,
      "refresh_reason": "Class B update count exceeded 10",
      "context_update_policy": "simple_revision_math",
      "created_at": "2026-06-12T09:06:58.999Z",
      "updated_at": "2026-06-13T12:20:35.276Z"
    },
    "include_classes": [
      "A",
      "B"
    ],
    "since_class_b_revision": null
  },
  "errors": [],
  "evidence_paths": [
    "/mnt/c/Users/hou16/Downloads/Codex_CLI_agent fleet/_package_patch_v0_9_4_simplified_runtime/strata_sctl_kernel_components_1_3_4_package_v0_9_4_simplified_runtime/_test_runs/flowmap02/run_20260613T121734Z/context_exports/cycle_01/coordinator_after/context.md",
    "/mnt/c/Users/hou16/Downloads/Codex_CLI_agent fleet/_package_patch_v0_9_4_simplified_runtime/strata_sctl_kernel_components_1_3_4_package_v0_9_4_simplified_runtime/_test_runs/flowmap02/run_20260613T121734Z/context_exports/cycle_01/coordinator_after/source_index.json",
    "/mnt/c/Users/hou16/Downloads/Codex_CLI_agent fleet/_package_patch_v0_9_4_simplified_runtime/strata_sctl_kernel_components_1_3_4_package_v0_9_4_simplified_runtime/_test_runs/flowmap02/run_20260613T121734Z/context_exports/cycle_01/coordinator_after/manifest.json"
  ],
  "created_at": "2026-06-13T12:20:37.074Z"
}
STATUS[context export cycle_01/coordinator_after]=0
FULL_CONTEXT_EXPORT[cycle_01/coordinator_after]=/mnt/c/Users/hou16/Downloads/Codex_CLI_agent fleet/_package_patch_v0_9_4_simplified_runtime/strata_sctl_kernel_components_1_3_4_package_v0_9_4_simplified_runtime/_test_runs/flowmap02/run_20260613T121734Z/context_exports/cycle_01/coordinator_after/context.md
DIAG[cycle_01.context_export.coordinator_after]=OBSERVED | /mnt/c/Users/hou16/Downloads/Codex_CLI_agent fleet/_package_patch_v0_9_4_simplified_runtime/strata_sctl_kernel_components_1_3_4_package_v0_9_4_simplified_runtime/_test_runs/flowmap02/run_20260613T121734Z/context_exports/cycle_01/coordinator_after/context.md | Standalone full context export written outside the pasted dispatch packet and outside the operational log body.
===== END cycle_01 =====

===== BEGIN cycle_02 =====
CYCLE_SUFFIX=C02
CHANGE_AUTHOR_ID=change_author_c02
REVIEWER_ID=reviewer_c02
CHANGE_AUTHOR_SESSION=TBD-CA-A_FLOWMAP_02_007-C02
REVIEWER_SESSION=TBD-CR-A_FLOWMAP_02_007-C02
CHANGE_BRANCH=change/A_FLOWMAP_02_007/C02-sample-uniform-sphere-mc

===== context export cycle_02/coordinator_before =====
+ node /mnt/c/Users/hou16/Downloads/Codex_CLI_agent\ fleet/_package_patch_v0_9_4_simplified_runtime/strata_sctl_kernel_components_1_3_4_package_v0_9_4_simplified_runtime/src/cli.js --workspace /home/hou16/sctl-live-test-A_LIVE_001 context export-markdown --include-classes A\,B --out /mnt/c/Users/hou16/Downloads/Codex_CLI_agent\ fleet/_package_patch_v0_9_4_simplified_runtime/strata_sctl_kernel_components_1_3_4_package_v0_9_4_simplified_runtime/_test_runs/flowmap02/run_20260613T121734Z/context_exports/cycle_02/coordinator_before
{
  "contract_id": "strata.sctl.result_envelope.v1",
  "tool_id": "sctl.context.export_markdown.v2",
  "ok": true,
  "result": {
    "out_dir": "/mnt/c/Users/hou16/Downloads/Codex_CLI_agent fleet/_package_patch_v0_9_4_simplified_runtime/strata_sctl_kernel_components_1_3_4_package_v0_9_4_simplified_runtime/_test_runs/flowmap02/run_20260613T121734Z/context_exports/cycle_02/coordinator_before",
    "markdown_path": "/mnt/c/Users/hou16/Downloads/Codex_CLI_agent fleet/_package_patch_v0_9_4_simplified_runtime/strata_sctl_kernel_components_1_3_4_package_v0_9_4_simplified_runtime/_test_runs/flowmap02/run_20260613T121734Z/context_exports/cycle_02/coordinator_before/context.md",
    "source_index_path": "/mnt/c/Users/hou16/Downloads/Codex_CLI_agent fleet/_package_patch_v0_9_4_simplified_runtime/strata_sctl_kernel_components_1_3_4_package_v0_9_4_simplified_runtime/_test_runs/flowmap02/run_20260613T121734Z/context_exports/cycle_02/coordinator_before/source_index.json",
    "manifest_path": "/mnt/c/Users/hou16/Downloads/Codex_CLI_agent fleet/_package_patch_v0_9_4_simplified_runtime/strata_sctl_kernel_components_1_3_4_package_v0_9_4_simplified_runtime/_test_runs/flowmap02/run_20260613T121734Z/context_exports/cycle_02/coordinator_before/manifest.json",
    "source_count": 14,
    "state": {
      "contract_id": "strata.context_state.v2_simplified_runtime",
      "context_epoch": 1,
      "current_context_epoch": 14,
      "context_revision": 14,
      "class_a_revision": 0,
      "class_b_revision": 14,
      "current_class_b_revision": 14,
      "class_b_updates_since_full_refresh": 14,
      "refresh_required": true,
      "refresh_reason": "Class B update count exceeded 10",
      "context_update_policy": "simple_revision_math",
      "created_at": "2026-06-12T09:06:58.999Z",
      "updated_at": "2026-06-13T12:20:35.276Z"
    },
    "include_classes": [
      "A",
      "B"
    ],
    "since_class_b_revision": null
  },
  "errors": [],
  "evidence_paths": [
    "/mnt/c/Users/hou16/Downloads/Codex_CLI_agent fleet/_package_patch_v0_9_4_simplified_runtime/strata_sctl_kernel_components_1_3_4_package_v0_9_4_simplified_runtime/_test_runs/flowmap02/run_20260613T121734Z/context_exports/cycle_02/coordinator_before/context.md",
    "/mnt/c/Users/hou16/Downloads/Codex_CLI_agent fleet/_package_patch_v0_9_4_simplified_runtime/strata_sctl_kernel_components_1_3_4_package_v0_9_4_simplified_runtime/_test_runs/flowmap02/run_20260613T121734Z/context_exports/cycle_02/coordinator_before/source_index.json",
    "/mnt/c/Users/hou16/Downloads/Codex_CLI_agent fleet/_package_patch_v0_9_4_simplified_runtime/strata_sctl_kernel_components_1_3_4_package_v0_9_4_simplified_runtime/_test_runs/flowmap02/run_20260613T121734Z/context_exports/cycle_02/coordinator_before/manifest.json"
  ],
  "created_at": "2026-06-13T12:20:37.433Z"
}
STATUS[context export cycle_02/coordinator_before]=0
FULL_CONTEXT_EXPORT[cycle_02/coordinator_before]=/mnt/c/Users/hou16/Downloads/Codex_CLI_agent fleet/_package_patch_v0_9_4_simplified_runtime/strata_sctl_kernel_components_1_3_4_package_v0_9_4_simplified_runtime/_test_runs/flowmap02/run_20260613T121734Z/context_exports/cycle_02/coordinator_before/context.md
DIAG[cycle_02.context_export.coordinator_before]=OBSERVED | /mnt/c/Users/hou16/Downloads/Codex_CLI_agent fleet/_package_patch_v0_9_4_simplified_runtime/strata_sctl_kernel_components_1_3_4_package_v0_9_4_simplified_runtime/_test_runs/flowmap02/run_20260613T121734Z/context_exports/cycle_02/coordinator_before/context.md | Standalone full context export written outside the pasted dispatch packet and outside the operational log body.
DIAG[cycle_02.3.codebase_repo]=OBSERVED | /home/hou16/workspace/AAU_MED_EM_ENSEMBLE_HEATMAP_STUDENT_ASSIGNMENT | Using caller-supplied Codebase Git repo. Codebase Git is implementation work; SCTL Git is coordination/dispatch/reports/evidence trace.

===== 3 codebase branch status =====
+ git -C /home/hou16/workspace/AAU_MED_EM_ENSEMBLE_HEATMAP_STUDENT_ASSIGNMENT status --short

STATUS[3 codebase branch status]=0

===== 3 codebase switch trunk =====
+ git -C /home/hou16/workspace/AAU_MED_EM_ENSEMBLE_HEATMAP_STUDENT_ASSIGNMENT switch main
Already on 'main'
STATUS[3 codebase switch trunk]=0

===== 3 codebase pull ff only =====
+ git -C /home/hou16/workspace/AAU_MED_EM_ENSEMBLE_HEATMAP_STUDENT_ASSIGNMENT pull --ff-only
There is no tracking information for the current branch.
Please specify which branch you want to merge with.
See git-pull(1) for details.

    git pull <remote> <branch>

If you wish to set tracking information for this branch you can do so with:

    git branch --set-upstream-to=<remote>/<branch> main

STATUS[3 codebase pull ff only]=1
DIAG[cycle_02.3.pull]=WARN_LOCAL_MAIN_NO_UPSTREAM | main has no upstream | Harness continued from local trunk.

===== 3 codebase create branch =====
+ git -C /home/hou16/workspace/AAU_MED_EM_ENSEMBLE_HEATMAP_STUDENT_ASSIGNMENT switch -c change/A_FLOWMAP_02_007/C02-sample-uniform-sphere-mc main
Switched to a new branch 'change/A_FLOWMAP_02_007/C02-sample-uniform-sphere-mc'
STATUS[3 codebase create branch]=0
DIAG[cycle_02.3]=OBSERVED | change/A_FLOWMAP_02_007/C02-sample-uniform-sphere-mc | Short-lived Codebase Git branch exists outside SCTL Git.

===== 4 session new change author =====
+ env SCTL_RUNTIME_EDGE_ROOT=/mnt/c/Users/hou16/Downloads/Codex_CLI_agent\ fleet/strata_runtime_edge_launcher_delegate_component2_3_v0_9/strata_runtime_edge_launcher_delegate_component2_3_v0_9 /mnt/c/Users/hou16/Downloads/Codex_CLI_agent\ fleet/_package_patch_v0_9_4_simplified_runtime/strata_sctl_kernel_components_1_3_4_package_v0_9_4_simplified_runtime/scripts/wsl_tmux/sctl-session-new --workspace /home/hou16/sctl-live-test-A_LIVE_001 --assignment-id A_FLOWMAP_02_007 --role Change\ Author --id change_author_c02 --session-name TBD-CA-A_FLOWMAP_02_007-C02 --session-mode disposable
{
  "contract_id": "strata.sctl.result_envelope.v1",
  "tool_id": "sctl.sessions.register.v1",
  "ok": true,
  "result": {
    "session": {
      "contract_id": "strata.class_c.active_session.v2_simplified_runtime",
      "role": "Change Author",
      "id": "change_author_c02",
      "session_name": "TBD-CA-A_FLOWMAP_02_007-C02",
      "assignment_id": "A_FLOWMAP_02_007",
      "session_mode": "disposable",
      "loaded_context_epoch": 14,
      "loaded_class_a_revision": 0,
      "loaded_class_b_revision": 14,
      "status": "active",
      "delivery_mode": "paste_only_deterministic_envelope",
      "registered_at": "2026-06-13T12:20:38.708Z"
    },
    "file": "/home/hou16/sctl-live-test-A_LIVE_001/.strata/context/C/sessions/active_sessions.json",
    "git": {
      "command": "git",
      "args": [
        "commit",
        "-m",
        "session register A_FLOWMAP_02_007 change_author_c02"
      ],
      "cwd": "/home/hou16/sctl-live-test-A_LIVE_001/.strata/context",
      "status": 0,
      "signal": null,
      "stdout": "[master 16d0ec3] session register A_FLOWMAP_02_007 change_author_c02\n 2 files changed, 16 insertions(+), 1 deletion(-)\n",
      "stderr": "",
      "ok": true,
      "error": null,
      "commit": "16d0ec3"
    }
  },
  "errors": [],
  "evidence_paths": [
    "/home/hou16/sctl-live-test-A_LIVE_001/.strata/context/C/sessions/active_sessions.json",
    "/home/hou16/sctl-live-test-A_LIVE_001/.strata/context/D_trace/telemetry/workflow_telemetry.jsonl"
  ],
  "created_at": "2026-06-13T12:20:38.737Z"
}
adapter_runtime_status=fleet_launched
STATUS[4 session new change author]=0

===== 4 align session name =====
+ tmux rename-session -t STRATA-CHANGE-AUTHOR-TBD-CA-A_FLOWMAP_02_007-C02-1 TBD-CA-A_FLOWMAP_02_007-C02
STATUS[4 align session name]=0
DIAG[cycle_02.4.session_target]=OBSERVED | STRATA-CHANGE-AUTHOR-TBD-CA-A_FLOWMAP_02_007-C02-1 renamed to TBD-CA-A_FLOWMAP_02_007-C02 | Launcher created a role-prefixed name; harness aligned it to registered session_name.
DIAG[cycle_02.4]=OBSERVED | change_author_c02 active disposable | Fresh Change Author session for C02 was recorded in SCTL Git.
DIAG[cycle_02.5.work_order]=OBSERVED | /home/hou16/sctl-live-test-A_LIVE_001/.strata/work_orders/A_FLOWMAP_02_007/cycle_02/change_author_work_order.md | Author envelope body was materialized from /mnt/c/Users/hou16/Downloads/Envelope Template.txt and run-specific values.

===== 5 author message send =====
+ node /mnt/c/Users/hou16/Downloads/Codex_CLI_agent\ fleet/_package_patch_v0_9_4_simplified_runtime/strata_sctl_kernel_components_1_3_4_package_v0_9_4_simplified_runtime/src/cli.js --workspace /home/hou16/sctl-live-test-A_LIVE_001 message send --assignment-id A_FLOWMAP_02_007 --thread-id THREAD_A_FLOWMAP_02_007_C02_AUTHOR --from-role Delegated\ Coordinator --from-id delegated_coordinator_001 --to-role Change\ Author --to-id change_author_c02 --message-kind coordination_note --requested-handling Work\ only\ on\ the\ assigned\ short-lived\ codebase\ branch.\ Return\ a\ Worker\ Return\ Packet\ and\ Class\ B-ready\ operational\ report\ to\ the\ specified\ SCTL\ return\ path. --body-file /home/hou16/sctl-live-test-A_LIVE_001/.strata/work_orders/A_FLOWMAP_02_007/cycle_02/change_author_work_order.md
{
  "contract_id": "strata.sctl.result_envelope.v1",
  "tool_id": "sctl.message.send.v1",
  "ok": true,
  "result": {
    "file": "/home/hou16/sctl-live-test-A_LIVE_001/.strata/context/C/threads/thread_a_flowmap_02_007_c02_author/tm_a_flowmap_02_007_2026-06-13t12-20-39-488z.md",
    "message_id": "TM_A_FLOWMAP_02_007_2026-06-13T12-20-39-488Z",
    "thread_id": "THREAD_A_FLOWMAP_02_007_C02_AUTHOR",
    "assignment_id": "A_FLOWMAP_02_007",
    "related_class_b": [],
    "git": {
      "command": "git",
      "args": [
        "commit",
        "-m",
        "team message A_FLOWMAP_02_007 coordination_note delegated_coordinator_001 -> change_author_c02"
      ],
      "cwd": "/home/hou16/sctl-live-test-A_LIVE_001/.strata/context",
      "status": 0,
      "signal": null,
      "stdout": "[master 070bf99] team message A_FLOWMAP_02_007 coordination_note delegated_coordinator_001 -> change_author_c02\n 2 files changed, 85 insertions(+)\n create mode 100644 C/threads/thread_a_flowmap_02_007_c02_author/tm_a_flowmap_02_007_2026-06-13t12-20-39-488z.md\n",
      "stderr": "",
      "ok": true,
      "error": null,
      "commit": "070bf99"
    }
  },
  "errors": [],
  "evidence_paths": [
    "/home/hou16/sctl-live-test-A_LIVE_001/.strata/context/C/threads/thread_a_flowmap_02_007_c02_author/tm_a_flowmap_02_007_2026-06-13t12-20-39-488z.md",
    "/home/hou16/sctl-live-test-A_LIVE_001/.strata/context/D_trace/telemetry/workflow_telemetry.jsonl"
  ],
  "created_at": "2026-06-13T12:20:39.526Z"
}
STATUS[5 author message send]=0

===== 5 author message validate =====
+ node /mnt/c/Users/hou16/Downloads/Codex_CLI_agent\ fleet/_package_patch_v0_9_4_simplified_runtime/strata_sctl_kernel_components_1_3_4_package_v0_9_4_simplified_runtime/src/cli.js --workspace /home/hou16/sctl-live-test-A_LIVE_001 message validate --file /home/hou16/sctl-live-test-A_LIVE_001/.strata/context/C/threads/thread_a_flowmap_02_007_c02_author/tm_a_flowmap_02_007_2026-06-13t12-20-39-488z.md
{
  "contract_id": "strata.sctl.result_envelope.v1",
  "tool_id": "sctl.message.validate.v1",
  "ok": true,
  "result": {
    "file": "/home/hou16/sctl-live-test-A_LIVE_001/.strata/context/C/threads/thread_a_flowmap_02_007_c02_author/tm_a_flowmap_02_007_2026-06-13t12-20-39-488z.md",
    "sha256": "ce1f895675cbb5a6d1a5582929428886a9825b1fad48fed1a29e55b62eafa77b"
  },
  "errors": [],
  "evidence_paths": [
    "/home/hou16/sctl-live-test-A_LIVE_001/.strata/context/C/threads/thread_a_flowmap_02_007_c02_author/tm_a_flowmap_02_007_2026-06-13t12-20-39-488z.md"
  ],
  "created_at": "2026-06-13T12:20:39.759Z"
}
STATUS[5 author message validate]=0
DIAG[cycle_02.5]=OBSERVED | /home/hou16/sctl-live-test-A_LIVE_001/.strata/context/C/threads/thread_a_flowmap_02_007_c02_author/tm_a_flowmap_02_007_2026-06-13t12-20-39-488z.md | Envelope input artifact exists and validates.

===== 6 author dispatch render =====
+ /mnt/c/Users/hou16/Downloads/Codex_CLI_agent\ fleet/_package_patch_v0_9_4_simplified_runtime/strata_sctl_kernel_components_1_3_4_package_v0_9_4_simplified_runtime/scripts/wsl_tmux/sctl-dispatch-render --workspace /home/hou16/sctl-live-test-A_LIVE_001 --assignment-id A_FLOWMAP_02_007 --nonce N_AUTHOR_C02 --from-role Delegated\ Coordinator --from-id delegated_coordinator_001 --target-role Change\ Author --target-id change_author_c02 --summary Flowmap\ 02\ C02\ Change\ Author\ branch\ assignment --message-file /home/hou16/sctl-live-test-A_LIVE_001/.strata/context/C/threads/thread_a_flowmap_02_007_c02_author/tm_a_flowmap_02_007_2026-06-13t12-20-39-488z.md --declared-file CODEBASE_REPO:/home/hou16/workspace/AAU_MED_EM_ENSEMBLE_HEATMAP_STUDENT_ASSIGNMENT --declared-file TRUNK_BRANCH:main --declared-file CHANGE_BRANCH:change/A_FLOWMAP_02_007/C02-sample-uniform-sphere-mc
{
  "contract_id": "strata.sctl.result_envelope.v1",
  "tool_id": "sctl.dispatch.record.v2",
  "ok": true,
  "result": {
    "outbox": {
      "dir": "/home/hou16/sctl-live-test-A_LIVE_001/.strata/dispatch_outbox/A_FLOWMAP_02_007/change_author_c02/N_AUTHOR_C02",
      "packetJsonPath": "/home/hou16/sctl-live-test-A_LIVE_001/.strata/dispatch_outbox/A_FLOWMAP_02_007/change_author_c02/N_AUTHOR_C02/dispatch_packet.json",
      "packetMdPath": "/home/hou16/sctl-live-test-A_LIVE_001/.strata/dispatch_outbox/A_FLOWMAP_02_007/change_author_c02/N_AUTHOR_C02/dispatch_packet.md",
      "manifestPath": "/home/hou16/sctl-live-test-A_LIVE_001/.strata/dispatch_outbox/A_FLOWMAP_02_007/change_author_c02/N_AUTHOR_C02/manifest.json"
    },
    "git_snapshot": {
      "dir": "/home/hou16/sctl-live-test-A_LIVE_001/.strata/context/D_trace/dispatch_packets/A_FLOWMAP_02_007/change_author_c02/N_AUTHOR_C02",
      "packetJsonPath": "/home/hou16/sctl-live-test-A_LIVE_001/.strata/context/D_trace/dispatch_packets/A_FLOWMAP_02_007/change_author_c02/N_AUTHOR_C02/dispatch_packet.json",
      "packetMdPath": "/home/hou16/sctl-live-test-A_LIVE_001/.strata/context/D_trace/dispatch_packets/A_FLOWMAP_02_007/change_author_c02/N_AUTHOR_C02/dispatch_packet.md",
      "manifestPath": "/home/hou16/sctl-live-test-A_LIVE_001/.strata/context/D_trace/dispatch_packets/A_FLOWMAP_02_007/change_author_c02/N_AUTHOR_C02/manifest.json"
    },
    "dispatch_log_path": "/home/hou16/sctl-live-test-A_LIVE_001/.strata/context/D_trace/dispatch_log/a_flowmap_02_007_n_author_c02_change_author_c02.json",
    "notice_count": 0,
    "git": {
      "command": "git",
      "args": [
        "commit",
        "-m",
        "dispatch record A_FLOWMAP_02_007 N_AUTHOR_C02"
      ],
      "cwd": "/home/hou16/sctl-live-test-A_LIVE_001/.strata/context",
      "status": 0,
      "signal": null,
      "stdout": "[master 7cf1eb8] dispatch record A_FLOWMAP_02_007 N_AUTHOR_C02\n 8 files changed, 2002 insertions(+)\n create mode 100644 D_trace/dispatch_log/a_flowmap_02_007_n_author_c02_change_author_c02.json\n create mode 100644 D_trace/dispatch_packets/A_FLOWMAP_02_007/change_author_c02/N_AUTHOR_C02/context_export/context.md\n create mode 100644 D_trace/dispatch_packets/A_FLOWMAP_02_007/change_author_c02/N_AUTHOR_C02/context_export/manifest.json\n create mode 100644 D_trace/dispatch_packets/A_FLOWMAP_02_007/change_author_c02/N_AUTHOR_C02/context_export/source_index.json\n create mode 100644 D_trace/dispatch_packets/A_FLOWMAP_02_007/change_author_c02/N_AUTHOR_C02/dispatch_packet.json\n create mode 100644 D_trace/dispatch_packets/A_FLOWMAP_02_007/change_author_c02/N_AUTHOR_C02/dispatch_packet.md\n create mode 100644 D_trace/dispatch_packets/A_FLOWMAP_02_007/change_author_c02/N_AUTHOR_C02/manifest.json\n",
      "stderr": "",
      "ok": true,
      "error": null,
      "commit": "7cf1eb8"
    },
    "packet": {
      "contract_id": "strata.dispatch.packet.v2_deterministic_context_export",
      "dispatch_format": "deterministic_class_c_plus_context_export_v1",
      "dispatch_kind": "DETERMINISTIC_CLASS_C_CONTEXT",
      "assignment_id": "A_FLOWMAP_02_007",
      "nonce": "N_AUTHOR_C02",
      "from": {
        "role": "Delegated Coordinator",
        "id": "delegated_coordinator_001"
      },
      "to": {
        "role": "Change Author",
        "id": "change_author_c02"
      },
      "summary": "Flowmap 02 C02 Change Author branch assignment",
      "related_class_b": [],
      "declared_files": [
        "CODEBASE_REPO:/home/hou16/workspace/AAU_MED_EM_ENSEMBLE_HEATMAP_STUDENT_ASSIGNMENT",
        "TRUNK_BRANCH:main",
        "CHANGE_BRANCH:change/A_FLOWMAP_02_007/C02-sample-uniform-sphere-mc"
      ],
      "class_c_message_path": ".strata/context/C/threads/thread_a_flowmap_02_007_c02_author/tm_a_flowmap_02_007_2026-06-13t12-20-39-488z.md",
      "context_export": {
        "markdown_path": "/home/hou16/sctl-live-test-A_LIVE_001/.strata/context/D_trace/dispatch_packets/A_FLOWMAP_02_007/change_author_c02/N_AUTHOR_C02/context_export/context.md",
        "source_index_path": "/home/hou16/sctl-live-test-A_LIVE_001/.strata/context/D_trace/dispatch_packets/A_FLOWMAP_02_007/change_author_c02/N_AUTHOR_C02/context_export/source_index.json",
        "manifest_path": "/home/hou16/sctl-live-test-A_LIVE_001/.strata/context/D_trace/dispatch_packets/A_FLOWMAP_02_007/change_author_c02/N_AUTHOR_C02/context_export/manifest.json",
        "source_count": 14,
        "include_classes": [
          "A",
          "B"
        ],
        "since_class_b_revision": null,
        "empty_context_valid": true
      },
      "runtime_delivery": "paste_only_deterministic_envelope_ready",
      "dispatch_to_git_is_primary_evidence": true,
      "chatbox_inspection_required": false,
      "session_policy": "disposable_by_default",
      "created_at": "2026-06-13T12:20:40.161Z",
      "markdown_sha256": "26b43ea7975e6dc59a5347ea492b418a87230ddd033dea6cafb6bed4723b667c",
      "context_state": {
        "contract_id": "strata.context_state.v2_simplified_runtime",
        "context_epoch": 1,
        "current_context_epoch": 14,
        "context_revision": 14,
        "class_a_revision": 0,
        "class_b_revision": 14,
        "current_class_b_revision": 14,
        "class_b_updates_since_full_refresh": 14,
        "refresh_required": true,
        "refresh_reason": "Class B update count exceeded 10",
        "context_update_policy": "simple_revision_math",
        "created_at": "2026-06-12T09:06:58.999Z",
        "updated_at": "2026-06-13T12:20:35.276Z"
      }
    }
  },
  "errors": [],
  "evidence_paths": [
    "/home/hou16/sctl-live-test-A_LIVE_001/.strata/dispatch_outbox/A_FLOWMAP_02_007/change_author_c02/N_AUTHOR_C02/dispatch_packet.json",
    "/home/hou16/sctl-live-test-A_LIVE_001/.strata/dispatch_outbox/A_FLOWMAP_02_007/change_author_c02/N_AUTHOR_C02/dispatch_packet.md",
    "/home/hou16/sctl-live-test-A_LIVE_001/.strata/dispatch_outbox/A_FLOWMAP_02_007/change_author_c02/N_AUTHOR_C02/manifest.json",
    "/home/hou16/sctl-live-test-A_LIVE_001/.strata/context/D_trace/dispatch_packets/A_FLOWMAP_02_007/change_author_c02/N_AUTHOR_C02/dispatch_packet.json",
    "/home/hou16/sctl-live-test-A_LIVE_001/.strata/context/D_trace/dispatch_packets/A_FLOWMAP_02_007/change_author_c02/N_AUTHOR_C02/dispatch_packet.md",
    "/home/hou16/sctl-live-test-A_LIVE_001/.strata/context/D_trace/dispatch_packets/A_FLOWMAP_02_007/change_author_c02/N_AUTHOR_C02/manifest.json",
    "/home/hou16/sctl-live-test-A_LIVE_001/.strata/context/D_trace/dispatch_packets/A_FLOWMAP_02_007/change_author_c02/N_AUTHOR_C02/context_export/context.md",
    "/home/hou16/sctl-live-test-A_LIVE_001/.strata/context/D_trace/dispatch_packets/A_FLOWMAP_02_007/change_author_c02/N_AUTHOR_C02/context_export/source_index.json",
    "/home/hou16/sctl-live-test-A_LIVE_001/.strata/context/D_trace/dispatch_packets/A_FLOWMAP_02_007/change_author_c02/N_AUTHOR_C02/context_export/manifest.json",
    "/home/hou16/sctl-live-test-A_LIVE_001/.strata/context/D_trace/dispatch_log/a_flowmap_02_007_n_author_c02_change_author_c02.json",
    "/home/hou16/sctl-live-test-A_LIVE_001/.strata/context/D_trace/telemetry/workflow_telemetry.jsonl"
  ],
  "created_at": "2026-06-13T12:20:40.226Z"
}
STATUS[6 author dispatch render]=0
DIAG[cycle_02.6]=OBSERVED | /home/hou16/sctl-live-test-A_LIVE_001/.strata/context/D_trace/dispatch_packets/A_FLOWMAP_02_007/change_author_c02/N_AUTHOR_C02/dispatch_packet.md | Packet contains fixed envelope input and context export headline.

===== context export cycle_02/author_dispatch =====
+ node /mnt/c/Users/hou16/Downloads/Codex_CLI_agent\ fleet/_package_patch_v0_9_4_simplified_runtime/strata_sctl_kernel_components_1_3_4_package_v0_9_4_simplified_runtime/src/cli.js --workspace /home/hou16/sctl-live-test-A_LIVE_001 context export-markdown --include-classes A\,B --out /mnt/c/Users/hou16/Downloads/Codex_CLI_agent\ fleet/_package_patch_v0_9_4_simplified_runtime/strata_sctl_kernel_components_1_3_4_package_v0_9_4_simplified_runtime/_test_runs/flowmap02/run_20260613T121734Z/context_exports/cycle_02/author_dispatch
{
  "contract_id": "strata.sctl.result_envelope.v1",
  "tool_id": "sctl.context.export_markdown.v2",
  "ok": true,
  "result": {
    "out_dir": "/mnt/c/Users/hou16/Downloads/Codex_CLI_agent fleet/_package_patch_v0_9_4_simplified_runtime/strata_sctl_kernel_components_1_3_4_package_v0_9_4_simplified_runtime/_test_runs/flowmap02/run_20260613T121734Z/context_exports/cycle_02/author_dispatch",
    "markdown_path": "/mnt/c/Users/hou16/Downloads/Codex_CLI_agent fleet/_package_patch_v0_9_4_simplified_runtime/strata_sctl_kernel_components_1_3_4_package_v0_9_4_simplified_runtime/_test_runs/flowmap02/run_20260613T121734Z/context_exports/cycle_02/author_dispatch/context.md",
    "source_index_path": "/mnt/c/Users/hou16/Downloads/Codex_CLI_agent fleet/_package_patch_v0_9_4_simplified_runtime/strata_sctl_kernel_components_1_3_4_package_v0_9_4_simplified_runtime/_test_runs/flowmap02/run_20260613T121734Z/context_exports/cycle_02/author_dispatch/source_index.json",
    "manifest_path": "/mnt/c/Users/hou16/Downloads/Codex_CLI_agent fleet/_package_patch_v0_9_4_simplified_runtime/strata_sctl_kernel_components_1_3_4_package_v0_9_4_simplified_runtime/_test_runs/flowmap02/run_20260613T121734Z/context_exports/cycle_02/author_dispatch/manifest.json",
    "source_count": 14,
    "state": {
      "contract_id": "strata.context_state.v2_simplified_runtime",
      "context_epoch": 1,
      "current_context_epoch": 14,
      "context_revision": 14,
      "class_a_revision": 0,
      "class_b_revision": 14,
      "current_class_b_revision": 14,
      "class_b_updates_since_full_refresh": 14,
      "refresh_required": true,
      "refresh_reason": "Class B update count exceeded 10",
      "context_update_policy": "simple_revision_math",
      "created_at": "2026-06-12T09:06:58.999Z",
      "updated_at": "2026-06-13T12:20:35.276Z"
    },
    "include_classes": [
      "A",
      "B"
    ],
    "since_class_b_revision": null
  },
  "errors": [],
  "evidence_paths": [
    "/mnt/c/Users/hou16/Downloads/Codex_CLI_agent fleet/_package_patch_v0_9_4_simplified_runtime/strata_sctl_kernel_components_1_3_4_package_v0_9_4_simplified_runtime/_test_runs/flowmap02/run_20260613T121734Z/context_exports/cycle_02/author_dispatch/context.md",
    "/mnt/c/Users/hou16/Downloads/Codex_CLI_agent fleet/_package_patch_v0_9_4_simplified_runtime/strata_sctl_kernel_components_1_3_4_package_v0_9_4_simplified_runtime/_test_runs/flowmap02/run_20260613T121734Z/context_exports/cycle_02/author_dispatch/source_index.json",
    "/mnt/c/Users/hou16/Downloads/Codex_CLI_agent fleet/_package_patch_v0_9_4_simplified_runtime/strata_sctl_kernel_components_1_3_4_package_v0_9_4_simplified_runtime/_test_runs/flowmap02/run_20260613T121734Z/context_exports/cycle_02/author_dispatch/manifest.json"
  ],
  "created_at": "2026-06-13T12:20:40.555Z"
}
STATUS[context export cycle_02/author_dispatch]=0
FULL_CONTEXT_EXPORT[cycle_02/author_dispatch]=/mnt/c/Users/hou16/Downloads/Codex_CLI_agent fleet/_package_patch_v0_9_4_simplified_runtime/strata_sctl_kernel_components_1_3_4_package_v0_9_4_simplified_runtime/_test_runs/flowmap02/run_20260613T121734Z/context_exports/cycle_02/author_dispatch/context.md
DIAG[cycle_02.context_export.author_dispatch]=OBSERVED | /mnt/c/Users/hou16/Downloads/Codex_CLI_agent fleet/_package_patch_v0_9_4_simplified_runtime/strata_sctl_kernel_components_1_3_4_package_v0_9_4_simplified_runtime/_test_runs/flowmap02/run_20260613T121734Z/context_exports/cycle_02/author_dispatch/context.md | Standalone full context export written outside the pasted dispatch packet and outside the operational log body.

===== 7 author dispatch inject =====
+ bash -lc cd\ \"\$0\"\ \&\&\ \"\$@\" /home/hou16/sctl-live-test-A_LIVE_001 /mnt/c/Users/hou16/Downloads/Codex_CLI_agent\ fleet/_package_patch_v0_9_4_simplified_runtime/strata_sctl_kernel_components_1_3_4_package_v0_9_4_simplified_runtime/scripts/wsl_tmux/sctl-dispatch-inject --session TBD-CA-A_FLOWMAP_02_007-C02 --packet .strata/context/D_trace/dispatch_packets/A_FLOWMAP_02_007/change_author_c02/N_AUTHOR_C02/dispatch_packet.md --paste-delay 5
adapter_terminal_tab_status=tab_spawned session=TBD-CA-A_FLOWMAP_02_007-C02
{"ok":true,"session":"TBD-CA-A_FLOWMAP_02_007-C02","packet":".strata/context/D_trace/dispatch_packets/A_FLOWMAP_02_007/change_author_c02/N_AUTHOR_C02/dispatch_packet.md","enter_sent":1}
STATUS[7 author dispatch inject]=0
DIAG[cycle_02.7]=OBSERVED | TBD-CA-A_FLOWMAP_02_007-C02 injected | Change Author packet was injected through adapter using Git-backed packet path.

===== 8 author session capture =====
+ bash -lc cd\ \"\$0\"\ \&\&\ \"\$@\" /home/hou16/sctl-live-test-A_LIVE_001 /mnt/c/Users/hou16/Downloads/Codex_CLI_agent\ fleet/_package_patch_v0_9_4_simplified_runtime/strata_sctl_kernel_components_1_3_4_package_v0_9_4_simplified_runtime/scripts/wsl_tmux/sctl-session-capture --session TBD-CA-A_FLOWMAP_02_007-C02 --out .strata/evidence/session_captures/TBD-CA-A_FLOWMAP_02_007-C02.txt
{"ok":true,"session":"TBD-CA-A_FLOWMAP_02_007-C02","capture":".strata/evidence/session_captures/TBD-CA-A_FLOWMAP_02_007-C02.txt"}
STATUS[8 author session capture]=0
DIAG[cycle_02.8]=OBSERVED | TBD-CA-A_FLOWMAP_02_007-C02 capture attempted | Author session capture evidence was requested.

===== 9 wait for return =====
waiting up to 300s for /home/hou16/sctl-live-test-A_LIVE_001/.strata/returns/A_FLOWMAP_02_007/change_author_c02/packet.json
STATUS[9 wait for return]=0
DIAG[cycle_02.9.wait]=OBSERVED | /home/hou16/sctl-live-test-A_LIVE_001/.strata/returns/A_FLOWMAP_02_007/change_author_c02/packet.json | Worker return packet and operational report appeared without harness simulation.

===== 10 classify author return =====
+ node /mnt/c/Users/hou16/Downloads/Codex_CLI_agent\ fleet/_package_patch_v0_9_4_simplified_runtime/strata_sctl_kernel_components_1_3_4_package_v0_9_4_simplified_runtime/src/cli.js --workspace /home/hou16/sctl-live-test-A_LIVE_001 returns classify --packet .strata/returns/A_FLOWMAP_02_007/change_author_c02/packet.json
{
  "contract_id": "strata.sctl.result_envelope.v1",
  "tool_id": "sctl.returns.classify.v1",
  "ok": true,
  "result": {
    "classification": {
      "contract_id": "strata.worker_return_classification.v6_context_git",
      "classification_id": "wret_class_packet.json_2026-06-13T12-22-41-913Z",
      "packet_path": "/home/hou16/sctl-live-test-A_LIVE_001/.strata/returns/A_FLOWMAP_02_007/change_author_c02/packet.json",
      "packet_sha256": "ab8258933aa8b97185c9906db7dafb8d4e8839cac198c644fcc930631c4917e7",
      "valid_packet": true,
      "errors": [],
      "return_id": "ret_A_FLOWMAP_02_007_change_author_c02_001",
      "assignment_id": "A_FLOWMAP_02_007",
      "agent_id": "change_author_c02",
      "role": "Change Author",
      "return_kind": "OPERATIONAL_REPORT_READY",
      "report_scope": "actionable_report",
      "class_b_authority": "git_tracked_files_only",
      "evidence_model": "evidence_in_report_body",
      "implementation_repository": "/home/hou16/workspace/AAU_MED_EM_ENSEMBLE_HEATMAP_STUDENT_ASSIGNMENT",
      "implementation_commit": "c0d1e79a475077562a1f66bbef11d35335662c77",
      "trunk_branch": "main",
      "short_lived_branch": "change/A_FLOWMAP_02_007/C02-sample-uniform-sphere-mc",
      "integration_mode": "short_lived_change_branch",
      "routing_decision": "OPERATIONAL_REPORT_READY_LEDGERED_NOT_CLASS_B",
      "class_b_entry_path": null,
      "class_b_record_path": null,
      "class_d_diagnostic_path": null,
      "coordination_thread_path": null,
      "ack_path": null,
      "report_ledger_path": "/home/hou16/sctl-live-test-A_LIVE_001/.strata/context/D_trace/return_ledgers/operational_report_ready_index.jsonl",
      "report_path": "/home/hou16/sctl-live-test-A_LIVE_001/.strata/returns/A_FLOWMAP_02_007/change_author_c02/operational_report.md",
      "error_dispatch": null,
      "created_at": "2026-06-13T12:22:41.913Z"
    },
    "classification_record_path": "/home/hou16/sctl-live-test-A_LIVE_001/.strata/context/D_trace/return_ledgers/wret_class_packet.json_2026-06-13T12-22-41-913Z.json"
  },
  "errors": [],
  "evidence_paths": [
    "/home/hou16/sctl-live-test-A_LIVE_001/.strata/context/D_trace/return_ledgers/wret_class_packet.json_2026-06-13T12-22-41-913Z.json",
    "/home/hou16/sctl-live-test-A_LIVE_001/.strata/context/D_trace/return_ledgers/operational_report_ready_index.jsonl",
    "/home/hou16/sctl-live-test-A_LIVE_001/.strata/context/D_trace/telemetry/workflow_telemetry.jsonl"
  ],
  "created_at": "2026-06-13T12:22:41.947Z"
}
STATUS[10 classify author return]=0
DIAG[cycle_02.10 classify author return]=OBSERVED | OPERATIONAL_REPORT_READY / OPERATIONAL_REPORT_READY_LEDGERED_NOT_CLASS_B | Return was ledgered, not automatically promoted to Class B.
DIAG[cycle_02.10 author return.impl_ref]=OBSERVED | repository=/home/hou16/workspace/AAU_MED_EM_ENSEMBLE_HEATMAP_STUDENT_ASSIGNMENT commit=c0d1e79a475077562a1f66bbef11d35335662c77 branch_head=c0d1e79a475077562a1f66bbef11d35335662c77 | Worker Return Packet implementation_repository and implementation_commit match the assigned Codebase Git branch head.

===== 11 classb commit author report =====
+ node /mnt/c/Users/hou16/Downloads/Codex_CLI_agent\ fleet/_package_patch_v0_9_4_simplified_runtime/strata_sctl_kernel_components_1_3_4_package_v0_9_4_simplified_runtime/src/cli.js --workspace /home/hou16/sctl-live-test-A_LIVE_001 classb commit --file .strata/context/B/b_a_flowmap_02_007_cycle_02_author_ready.md --message class\ B\ accept\ A_FLOWMAP_02_007\ C02\ author\ report
{
  "contract_id": "strata.sctl.result_envelope.v1",
  "tool_id": "sctl.classb.commit_file.v2",
  "ok": true,
  "result": {
    "file": "/home/hou16/sctl-live-test-A_LIVE_001/.strata/context/B/b_a_flowmap_02_007_cycle_02_author_ready.md",
    "sha256": "9dc14fd6171bcd83111889ccd49714295de93e602dfff376132a30e394226cdf",
    "git": {
      "command": "git",
      "args": [
        "commit",
        "-m",
        "class B accept A_FLOWMAP_02_007 C02 author report"
      ],
      "cwd": "/home/hou16/sctl-live-test-A_LIVE_001/.strata/context",
      "status": 0,
      "signal": null,
      "stdout": "[master 7308dea] class B accept A_FLOWMAP_02_007 C02 author report\n 3 files changed, 67 insertions(+), 6 deletions(-)\n create mode 100644 B/b_a_flowmap_02_007_cycle_02_author_ready.md\n",
      "stderr": "",
      "ok": true,
      "error": null,
      "commit": "7308dea"
    },
    "state": {
      "contract_id": "strata.context_state.v2_simplified_runtime",
      "context_epoch": 1,
      "current_context_epoch": 15,
      "context_revision": 15,
      "class_a_revision": 0,
      "class_b_revision": 15,
      "current_class_b_revision": 15,
      "class_b_updates_since_full_refresh": 15,
      "refresh_required": true,
      "refresh_reason": "Class B update count exceeded 10",
      "context_update_policy": "simple_revision_math",
      "created_at": "2026-06-12T09:06:58.999Z",
      "updated_at": "2026-06-13T12:22:42.549Z"
    },
    "accepted_class_b_revision": 15
  },
  "errors": [],
  "evidence_paths": [
    "/home/hou16/sctl-live-test-A_LIVE_001/.strata/context/B/b_a_flowmap_02_007_cycle_02_author_ready.md",
    "/home/hou16/sctl-live-test-A_LIVE_001/.strata/context/D_trace/telemetry/workflow_telemetry.jsonl"
  ],
  "created_at": "2026-06-13T12:22:42.581Z"
}
STATUS[11 classb commit author report]=0
DIAG[cycle_02.11]=OBSERVED | Class B revision 14 -> 15 | Author report accepted into Class B and revision incremented exactly once.

===== 12 session new reviewer =====
+ env SCTL_RUNTIME_EDGE_ROOT=/mnt/c/Users/hou16/Downloads/Codex_CLI_agent\ fleet/strata_runtime_edge_launcher_delegate_component2_3_v0_9/strata_runtime_edge_launcher_delegate_component2_3_v0_9 /mnt/c/Users/hou16/Downloads/Codex_CLI_agent\ fleet/_package_patch_v0_9_4_simplified_runtime/strata_sctl_kernel_components_1_3_4_package_v0_9_4_simplified_runtime/scripts/wsl_tmux/sctl-session-new --workspace /home/hou16/sctl-live-test-A_LIVE_001 --assignment-id A_FLOWMAP_02_007 --role Code\ Reviewer\ /\ QC\ Engineer --id reviewer_c02 --session-name TBD-CR-A_FLOWMAP_02_007-C02 --session-mode disposable
{
  "contract_id": "strata.sctl.result_envelope.v1",
  "tool_id": "sctl.sessions.register.v1",
  "ok": true,
  "result": {
    "session": {
      "contract_id": "strata.class_c.active_session.v2_simplified_runtime",
      "role": "Code Reviewer / QC Engineer",
      "id": "reviewer_c02",
      "session_name": "TBD-CR-A_FLOWMAP_02_007-C02",
      "assignment_id": "A_FLOWMAP_02_007",
      "session_mode": "disposable",
      "loaded_context_epoch": 15,
      "loaded_class_a_revision": 0,
      "loaded_class_b_revision": 15,
      "status": "active",
      "delivery_mode": "paste_only_deterministic_envelope",
      "registered_at": "2026-06-13T12:22:43.436Z"
    },
    "file": "/home/hou16/sctl-live-test-A_LIVE_001/.strata/context/C/sessions/active_sessions.json",
    "git": {
      "command": "git",
      "args": [
        "commit",
        "-m",
        "session register A_FLOWMAP_02_007 reviewer_c02"
      ],
      "cwd": "/home/hou16/sctl-live-test-A_LIVE_001/.strata/context",
      "status": 0,
      "signal": null,
      "stdout": "[master 7388f98] session register A_FLOWMAP_02_007 reviewer_c02\n 2 files changed, 16 insertions(+), 1 deletion(-)\n",
      "stderr": "",
      "ok": true,
      "error": null,
      "commit": "7388f98"
    }
  },
  "errors": [],
  "evidence_paths": [
    "/home/hou16/sctl-live-test-A_LIVE_001/.strata/context/C/sessions/active_sessions.json",
    "/home/hou16/sctl-live-test-A_LIVE_001/.strata/context/D_trace/telemetry/workflow_telemetry.jsonl"
  ],
  "created_at": "2026-06-13T12:22:43.464Z"
}
adapter_runtime_status=fleet_launched
STATUS[12 session new reviewer]=0

===== 12 align session name =====
+ tmux rename-session -t STRATA-CODE-REVIEWER-QC-ENGINEER-TBD-CR-A_FLOWMAP_02_007-C02-1 TBD-CR-A_FLOWMAP_02_007-C02
STATUS[12 align session name]=0
DIAG[cycle_02.12.session_target]=OBSERVED | STRATA-CODE-REVIEWER-QC-ENGINEER-TBD-CR-A_FLOWMAP_02_007-C02-1 renamed to TBD-CR-A_FLOWMAP_02_007-C02 | Launcher created a role-prefixed name; harness aligned it to registered session_name.
DIAG[cycle_02.12]=OBSERVED | reviewer_c02 active disposable | Fresh reviewer session for C02 was recorded in SCTL Git.
DIAG[cycle_02.13.work_order]=OBSERVED | /home/hou16/sctl-live-test-A_LIVE_001/.strata/work_orders/A_FLOWMAP_02_007/cycle_02/reviewer_work_order.md | Reviewer envelope body was materialized from /mnt/c/Users/hou16/Downloads/Envelope Template.txt and run-specific values.

===== 13 review message send =====
+ node /mnt/c/Users/hou16/Downloads/Codex_CLI_agent\ fleet/_package_patch_v0_9_4_simplified_runtime/strata_sctl_kernel_components_1_3_4_package_v0_9_4_simplified_runtime/src/cli.js --workspace /home/hou16/sctl-live-test-A_LIVE_001 message send --assignment-id A_FLOWMAP_02_007 --thread-id THREAD_A_FLOWMAP_02_007_C02_REVIEW --from-role Delegated\ Coordinator --from-id delegated_coordinator_001 --to-role Code\ Reviewer\ /\ QC\ Engineer --to-id reviewer_c02 --message-kind qc_review_request --related-class-b .strata/context/B/b_a_flowmap_02_007_cycle_02_author_ready.md --requested-handling Review\ the\ codebase\ branch\,\ the\ Change\ Author\ report\,\ and\ available\ CI/test\ evidence.\ Return\ approved\,\ denied\,\ or\ blocked. --body-file /home/hou16/sctl-live-test-A_LIVE_001/.strata/work_orders/A_FLOWMAP_02_007/cycle_02/reviewer_work_order.md
{
  "contract_id": "strata.sctl.result_envelope.v1",
  "tool_id": "sctl.message.send.v1",
  "ok": true,
  "result": {
    "file": "/home/hou16/sctl-live-test-A_LIVE_001/.strata/context/C/threads/thread_a_flowmap_02_007_c02_review/tm_a_flowmap_02_007_2026-06-13t12-22-44-224z.md",
    "message_id": "TM_A_FLOWMAP_02_007_2026-06-13T12-22-44-224Z",
    "thread_id": "THREAD_A_FLOWMAP_02_007_C02_REVIEW",
    "assignment_id": "A_FLOWMAP_02_007",
    "related_class_b": [
      ".strata/context/B/b_a_flowmap_02_007_cycle_02_author_ready.md"
    ],
    "git": {
      "command": "git",
      "args": [
        "commit",
        "-m",
        "team message A_FLOWMAP_02_007 qc_review_request delegated_coordinator_001 -> reviewer_c02"
      ],
      "cwd": "/home/hou16/sctl-live-test-A_LIVE_001/.strata/context",
      "status": 0,
      "signal": null,
      "stdout": "[master 88a7311] team message A_FLOWMAP_02_007 qc_review_request delegated_coordinator_001 -> reviewer_c02\n 2 files changed, 83 insertions(+)\n create mode 100644 C/threads/thread_a_flowmap_02_007_c02_review/tm_a_flowmap_02_007_2026-06-13t12-22-44-224z.md\n",
      "stderr": "",
      "ok": true,
      "error": null,
      "commit": "88a7311"
    }
  },
  "errors": [],
  "evidence_paths": [
    "/home/hou16/sctl-live-test-A_LIVE_001/.strata/context/C/threads/thread_a_flowmap_02_007_c02_review/tm_a_flowmap_02_007_2026-06-13t12-22-44-224z.md",
    "/home/hou16/sctl-live-test-A_LIVE_001/.strata/context/D_trace/telemetry/workflow_telemetry.jsonl"
  ],
  "created_at": "2026-06-13T12:22:44.257Z"
}
STATUS[13 review message send]=0

===== 13 review message validate =====
+ node /mnt/c/Users/hou16/Downloads/Codex_CLI_agent\ fleet/_package_patch_v0_9_4_simplified_runtime/strata_sctl_kernel_components_1_3_4_package_v0_9_4_simplified_runtime/src/cli.js --workspace /home/hou16/sctl-live-test-A_LIVE_001 message validate --file /home/hou16/sctl-live-test-A_LIVE_001/.strata/context/C/threads/thread_a_flowmap_02_007_c02_review/tm_a_flowmap_02_007_2026-06-13t12-22-44-224z.md
{
  "contract_id": "strata.sctl.result_envelope.v1",
  "tool_id": "sctl.message.validate.v1",
  "ok": true,
  "result": {
    "file": "/home/hou16/sctl-live-test-A_LIVE_001/.strata/context/C/threads/thread_a_flowmap_02_007_c02_review/tm_a_flowmap_02_007_2026-06-13t12-22-44-224z.md",
    "sha256": "87f130735afa6721f60045fbb9aca8ad1300b6cf12cb3562f087c67385df4eff"
  },
  "errors": [],
  "evidence_paths": [
    "/home/hou16/sctl-live-test-A_LIVE_001/.strata/context/C/threads/thread_a_flowmap_02_007_c02_review/tm_a_flowmap_02_007_2026-06-13t12-22-44-224z.md"
  ],
  "created_at": "2026-06-13T12:22:44.506Z"
}
STATUS[13 review message validate]=0
DIAG[cycle_02.13]=OBSERVED | /home/hou16/sctl-live-test-A_LIVE_001/.strata/context/C/threads/thread_a_flowmap_02_007_c02_review/tm_a_flowmap_02_007_2026-06-13t12-22-44-224z.md | Review envelope input artifact exists and validates.

===== 14 review dispatch render =====
+ /mnt/c/Users/hou16/Downloads/Codex_CLI_agent\ fleet/_package_patch_v0_9_4_simplified_runtime/strata_sctl_kernel_components_1_3_4_package_v0_9_4_simplified_runtime/scripts/wsl_tmux/sctl-dispatch-render --workspace /home/hou16/sctl-live-test-A_LIVE_001 --assignment-id A_FLOWMAP_02_007 --nonce N_REVIEW_C02 --from-role Delegated\ Coordinator --from-id delegated_coordinator_001 --target-role Code\ Reviewer\ /\ QC\ Engineer --target-id reviewer_c02 --summary Flowmap\ 02\ C02\ code\ review\ request --message-file /home/hou16/sctl-live-test-A_LIVE_001/.strata/context/C/threads/thread_a_flowmap_02_007_c02_review/tm_a_flowmap_02_007_2026-06-13t12-22-44-224z.md --declared-file CODEBASE_REPO:/home/hou16/workspace/AAU_MED_EM_ENSEMBLE_HEATMAP_STUDENT_ASSIGNMENT --declared-file TRUNK_BRANCH:main --declared-file CHANGE_BRANCH:change/A_FLOWMAP_02_007/C02-sample-uniform-sphere-mc
{
  "contract_id": "strata.sctl.result_envelope.v1",
  "tool_id": "sctl.dispatch.record.v2",
  "ok": true,
  "result": {
    "outbox": {
      "dir": "/home/hou16/sctl-live-test-A_LIVE_001/.strata/dispatch_outbox/A_FLOWMAP_02_007/reviewer_c02/N_REVIEW_C02",
      "packetJsonPath": "/home/hou16/sctl-live-test-A_LIVE_001/.strata/dispatch_outbox/A_FLOWMAP_02_007/reviewer_c02/N_REVIEW_C02/dispatch_packet.json",
      "packetMdPath": "/home/hou16/sctl-live-test-A_LIVE_001/.strata/dispatch_outbox/A_FLOWMAP_02_007/reviewer_c02/N_REVIEW_C02/dispatch_packet.md",
      "manifestPath": "/home/hou16/sctl-live-test-A_LIVE_001/.strata/dispatch_outbox/A_FLOWMAP_02_007/reviewer_c02/N_REVIEW_C02/manifest.json"
    },
    "git_snapshot": {
      "dir": "/home/hou16/sctl-live-test-A_LIVE_001/.strata/context/D_trace/dispatch_packets/A_FLOWMAP_02_007/reviewer_c02/N_REVIEW_C02",
      "packetJsonPath": "/home/hou16/sctl-live-test-A_LIVE_001/.strata/context/D_trace/dispatch_packets/A_FLOWMAP_02_007/reviewer_c02/N_REVIEW_C02/dispatch_packet.json",
      "packetMdPath": "/home/hou16/sctl-live-test-A_LIVE_001/.strata/context/D_trace/dispatch_packets/A_FLOWMAP_02_007/reviewer_c02/N_REVIEW_C02/dispatch_packet.md",
      "manifestPath": "/home/hou16/sctl-live-test-A_LIVE_001/.strata/context/D_trace/dispatch_packets/A_FLOWMAP_02_007/reviewer_c02/N_REVIEW_C02/manifest.json"
    },
    "dispatch_log_path": "/home/hou16/sctl-live-test-A_LIVE_001/.strata/context/D_trace/dispatch_log/a_flowmap_02_007_n_review_c02_reviewer_c02.json",
    "notice_count": 0,
    "git": {
      "command": "git",
      "args": [
        "commit",
        "-m",
        "dispatch record A_FLOWMAP_02_007 N_REVIEW_C02"
      ],
      "cwd": "/home/hou16/sctl-live-test-A_LIVE_001/.strata/context",
      "status": 0,
      "signal": null,
      "stdout": "[master 58ee173] dispatch record A_FLOWMAP_02_007 N_REVIEW_C02\n 8 files changed, 2134 insertions(+)\n create mode 100644 D_trace/dispatch_log/a_flowmap_02_007_n_review_c02_reviewer_c02.json\n create mode 100644 D_trace/dispatch_packets/A_FLOWMAP_02_007/reviewer_c02/N_REVIEW_C02/context_export/context.md\n create mode 100644 D_trace/dispatch_packets/A_FLOWMAP_02_007/reviewer_c02/N_REVIEW_C02/context_export/manifest.json\n create mode 100644 D_trace/dispatch_packets/A_FLOWMAP_02_007/reviewer_c02/N_REVIEW_C02/context_export/source_index.json\n create mode 100644 D_trace/dispatch_packets/A_FLOWMAP_02_007/reviewer_c02/N_REVIEW_C02/dispatch_packet.json\n create mode 100644 D_trace/dispatch_packets/A_FLOWMAP_02_007/reviewer_c02/N_REVIEW_C02/dispatch_packet.md\n create mode 100644 D_trace/dispatch_packets/A_FLOWMAP_02_007/reviewer_c02/N_REVIEW_C02/manifest.json\n",
      "stderr": "",
      "ok": true,
      "error": null,
      "commit": "58ee173"
    },
    "packet": {
      "contract_id": "strata.dispatch.packet.v2_deterministic_context_export",
      "dispatch_format": "deterministic_class_c_plus_context_export_v1",
      "dispatch_kind": "DETERMINISTIC_CLASS_C_CONTEXT",
      "assignment_id": "A_FLOWMAP_02_007",
      "nonce": "N_REVIEW_C02",
      "from": {
        "role": "Delegated Coordinator",
        "id": "delegated_coordinator_001"
      },
      "to": {
        "role": "Code Reviewer / QC Engineer",
        "id": "reviewer_c02"
      },
      "summary": "Flowmap 02 C02 code review request",
      "related_class_b": [],
      "declared_files": [
        "CODEBASE_REPO:/home/hou16/workspace/AAU_MED_EM_ENSEMBLE_HEATMAP_STUDENT_ASSIGNMENT",
        "TRUNK_BRANCH:main",
        "CHANGE_BRANCH:change/A_FLOWMAP_02_007/C02-sample-uniform-sphere-mc"
      ],
      "class_c_message_path": ".strata/context/C/threads/thread_a_flowmap_02_007_c02_review/tm_a_flowmap_02_007_2026-06-13t12-22-44-224z.md",
      "context_export": {
        "markdown_path": "/home/hou16/sctl-live-test-A_LIVE_001/.strata/context/D_trace/dispatch_packets/A_FLOWMAP_02_007/reviewer_c02/N_REVIEW_C02/context_export/context.md",
        "source_index_path": "/home/hou16/sctl-live-test-A_LIVE_001/.strata/context/D_trace/dispatch_packets/A_FLOWMAP_02_007/reviewer_c02/N_REVIEW_C02/context_export/source_index.json",
        "manifest_path": "/home/hou16/sctl-live-test-A_LIVE_001/.strata/context/D_trace/dispatch_packets/A_FLOWMAP_02_007/reviewer_c02/N_REVIEW_C02/context_export/manifest.json",
        "source_count": 15,
        "include_classes": [
          "A",
          "B"
        ],
        "since_class_b_revision": null,
        "empty_context_valid": true
      },
      "runtime_delivery": "paste_only_deterministic_envelope_ready",
      "dispatch_to_git_is_primary_evidence": true,
      "chatbox_inspection_required": false,
      "session_policy": "disposable_by_default",
      "created_at": "2026-06-13T12:22:44.885Z",
      "markdown_sha256": "7c035fc3aecd675bb759f95902e259ffad9d9d45735bb333f5e7be29a0f11188",
      "context_state": {
        "contract_id": "strata.context_state.v2_simplified_runtime",
        "context_epoch": 1,
        "current_context_epoch": 15,
        "context_revision": 15,
        "class_a_revision": 0,
        "class_b_revision": 15,
        "current_class_b_revision": 15,
        "class_b_updates_since_full_refresh": 15,
        "refresh_required": true,
        "refresh_reason": "Class B update count exceeded 10",
        "context_update_policy": "simple_revision_math",
        "created_at": "2026-06-12T09:06:58.999Z",
        "updated_at": "2026-06-13T12:22:42.549Z"
      }
    }
  },
  "errors": [],
  "evidence_paths": [
    "/home/hou16/sctl-live-test-A_LIVE_001/.strata/dispatch_outbox/A_FLOWMAP_02_007/reviewer_c02/N_REVIEW_C02/dispatch_packet.json",
    "/home/hou16/sctl-live-test-A_LIVE_001/.strata/dispatch_outbox/A_FLOWMAP_02_007/reviewer_c02/N_REVIEW_C02/dispatch_packet.md",
    "/home/hou16/sctl-live-test-A_LIVE_001/.strata/dispatch_outbox/A_FLOWMAP_02_007/reviewer_c02/N_REVIEW_C02/manifest.json",
    "/home/hou16/sctl-live-test-A_LIVE_001/.strata/context/D_trace/dispatch_packets/A_FLOWMAP_02_007/reviewer_c02/N_REVIEW_C02/dispatch_packet.json",
    "/home/hou16/sctl-live-test-A_LIVE_001/.strata/context/D_trace/dispatch_packets/A_FLOWMAP_02_007/reviewer_c02/N_REVIEW_C02/dispatch_packet.md",
    "/home/hou16/sctl-live-test-A_LIVE_001/.strata/context/D_trace/dispatch_packets/A_FLOWMAP_02_007/reviewer_c02/N_REVIEW_C02/manifest.json",
    "/home/hou16/sctl-live-test-A_LIVE_001/.strata/context/D_trace/dispatch_packets/A_FLOWMAP_02_007/reviewer_c02/N_REVIEW_C02/context_export/context.md",
    "/home/hou16/sctl-live-test-A_LIVE_001/.strata/context/D_trace/dispatch_packets/A_FLOWMAP_02_007/reviewer_c02/N_REVIEW_C02/context_export/source_index.json",
    "/home/hou16/sctl-live-test-A_LIVE_001/.strata/context/D_trace/dispatch_packets/A_FLOWMAP_02_007/reviewer_c02/N_REVIEW_C02/context_export/manifest.json",
    "/home/hou16/sctl-live-test-A_LIVE_001/.strata/context/D_trace/dispatch_log/a_flowmap_02_007_n_review_c02_reviewer_c02.json",
    "/home/hou16/sctl-live-test-A_LIVE_001/.strata/context/D_trace/telemetry/workflow_telemetry.jsonl"
  ],
  "created_at": "2026-06-13T12:22:44.946Z"
}
STATUS[14 review dispatch render]=0
DIAG[cycle_02.14]=OBSERVED | /home/hou16/sctl-live-test-A_LIVE_001/.strata/context/D_trace/dispatch_packets/A_FLOWMAP_02_007/reviewer_c02/N_REVIEW_C02/dispatch_packet.md | Packet contains fixed envelope input and context export headline.

===== context export cycle_02/reviewer_dispatch =====
+ node /mnt/c/Users/hou16/Downloads/Codex_CLI_agent\ fleet/_package_patch_v0_9_4_simplified_runtime/strata_sctl_kernel_components_1_3_4_package_v0_9_4_simplified_runtime/src/cli.js --workspace /home/hou16/sctl-live-test-A_LIVE_001 context export-markdown --include-classes A\,B --out /mnt/c/Users/hou16/Downloads/Codex_CLI_agent\ fleet/_package_patch_v0_9_4_simplified_runtime/strata_sctl_kernel_components_1_3_4_package_v0_9_4_simplified_runtime/_test_runs/flowmap02/run_20260613T121734Z/context_exports/cycle_02/reviewer_dispatch
{
  "contract_id": "strata.sctl.result_envelope.v1",
  "tool_id": "sctl.context.export_markdown.v2",
  "ok": true,
  "result": {
    "out_dir": "/mnt/c/Users/hou16/Downloads/Codex_CLI_agent fleet/_package_patch_v0_9_4_simplified_runtime/strata_sctl_kernel_components_1_3_4_package_v0_9_4_simplified_runtime/_test_runs/flowmap02/run_20260613T121734Z/context_exports/cycle_02/reviewer_dispatch",
    "markdown_path": "/mnt/c/Users/hou16/Downloads/Codex_CLI_agent fleet/_package_patch_v0_9_4_simplified_runtime/strata_sctl_kernel_components_1_3_4_package_v0_9_4_simplified_runtime/_test_runs/flowmap02/run_20260613T121734Z/context_exports/cycle_02/reviewer_dispatch/context.md",
    "source_index_path": "/mnt/c/Users/hou16/Downloads/Codex_CLI_agent fleet/_package_patch_v0_9_4_simplified_runtime/strata_sctl_kernel_components_1_3_4_package_v0_9_4_simplified_runtime/_test_runs/flowmap02/run_20260613T121734Z/context_exports/cycle_02/reviewer_dispatch/source_index.json",
    "manifest_path": "/mnt/c/Users/hou16/Downloads/Codex_CLI_agent fleet/_package_patch_v0_9_4_simplified_runtime/strata_sctl_kernel_components_1_3_4_package_v0_9_4_simplified_runtime/_test_runs/flowmap02/run_20260613T121734Z/context_exports/cycle_02/reviewer_dispatch/manifest.json",
    "source_count": 15,
    "state": {
      "contract_id": "strata.context_state.v2_simplified_runtime",
      "context_epoch": 1,
      "current_context_epoch": 15,
      "context_revision": 15,
      "class_a_revision": 0,
      "class_b_revision": 15,
      "current_class_b_revision": 15,
      "class_b_updates_since_full_refresh": 15,
      "refresh_required": true,
      "refresh_reason": "Class B update count exceeded 10",
      "context_update_policy": "simple_revision_math",
      "created_at": "2026-06-12T09:06:58.999Z",
      "updated_at": "2026-06-13T12:22:42.549Z"
    },
    "include_classes": [
      "A",
      "B"
    ],
    "since_class_b_revision": null
  },
  "errors": [],
  "evidence_paths": [
    "/mnt/c/Users/hou16/Downloads/Codex_CLI_agent fleet/_package_patch_v0_9_4_simplified_runtime/strata_sctl_kernel_components_1_3_4_package_v0_9_4_simplified_runtime/_test_runs/flowmap02/run_20260613T121734Z/context_exports/cycle_02/reviewer_dispatch/context.md",
    "/mnt/c/Users/hou16/Downloads/Codex_CLI_agent fleet/_package_patch_v0_9_4_simplified_runtime/strata_sctl_kernel_components_1_3_4_package_v0_9_4_simplified_runtime/_test_runs/flowmap02/run_20260613T121734Z/context_exports/cycle_02/reviewer_dispatch/source_index.json",
    "/mnt/c/Users/hou16/Downloads/Codex_CLI_agent fleet/_package_patch_v0_9_4_simplified_runtime/strata_sctl_kernel_components_1_3_4_package_v0_9_4_simplified_runtime/_test_runs/flowmap02/run_20260613T121734Z/context_exports/cycle_02/reviewer_dispatch/manifest.json"
  ],
  "created_at": "2026-06-13T12:22:45.295Z"
}
STATUS[context export cycle_02/reviewer_dispatch]=0
FULL_CONTEXT_EXPORT[cycle_02/reviewer_dispatch]=/mnt/c/Users/hou16/Downloads/Codex_CLI_agent fleet/_package_patch_v0_9_4_simplified_runtime/strata_sctl_kernel_components_1_3_4_package_v0_9_4_simplified_runtime/_test_runs/flowmap02/run_20260613T121734Z/context_exports/cycle_02/reviewer_dispatch/context.md
DIAG[cycle_02.context_export.reviewer_dispatch]=OBSERVED | /mnt/c/Users/hou16/Downloads/Codex_CLI_agent fleet/_package_patch_v0_9_4_simplified_runtime/strata_sctl_kernel_components_1_3_4_package_v0_9_4_simplified_runtime/_test_runs/flowmap02/run_20260613T121734Z/context_exports/cycle_02/reviewer_dispatch/context.md | Standalone full context export written outside the pasted dispatch packet and outside the operational log body.

===== 15 reviewer dispatch inject =====
+ bash -lc cd\ \"\$0\"\ \&\&\ \"\$@\" /home/hou16/sctl-live-test-A_LIVE_001 /mnt/c/Users/hou16/Downloads/Codex_CLI_agent\ fleet/_package_patch_v0_9_4_simplified_runtime/strata_sctl_kernel_components_1_3_4_package_v0_9_4_simplified_runtime/scripts/wsl_tmux/sctl-dispatch-inject --session TBD-CR-A_FLOWMAP_02_007-C02 --packet .strata/context/D_trace/dispatch_packets/A_FLOWMAP_02_007/reviewer_c02/N_REVIEW_C02/dispatch_packet.md --paste-delay 5
adapter_terminal_tab_status=tab_spawned session=TBD-CR-A_FLOWMAP_02_007-C02
{"ok":true,"session":"TBD-CR-A_FLOWMAP_02_007-C02","packet":".strata/context/D_trace/dispatch_packets/A_FLOWMAP_02_007/reviewer_c02/N_REVIEW_C02/dispatch_packet.md","enter_sent":1}
STATUS[15 reviewer dispatch inject]=0
DIAG[cycle_02.15]=OBSERVED | TBD-CR-A_FLOWMAP_02_007-C02 injected | Reviewer packet was injected through adapter.

===== 16 reviewer session capture =====
+ bash -lc cd\ \"\$0\"\ \&\&\ \"\$@\" /home/hou16/sctl-live-test-A_LIVE_001 /mnt/c/Users/hou16/Downloads/Codex_CLI_agent\ fleet/_package_patch_v0_9_4_simplified_runtime/strata_sctl_kernel_components_1_3_4_package_v0_9_4_simplified_runtime/scripts/wsl_tmux/sctl-session-capture --session TBD-CR-A_FLOWMAP_02_007-C02 --out .strata/evidence/session_captures/TBD-CR-A_FLOWMAP_02_007-C02.txt
{"ok":true,"session":"TBD-CR-A_FLOWMAP_02_007-C02","capture":".strata/evidence/session_captures/TBD-CR-A_FLOWMAP_02_007-C02.txt"}
STATUS[16 reviewer session capture]=0
DIAG[cycle_02.16]=OBSERVED | TBD-CR-A_FLOWMAP_02_007-C02 capture attempted | Reviewer session capture evidence was requested.

===== 17 wait for return =====
waiting up to 300s for /home/hou16/sctl-live-test-A_LIVE_001/.strata/returns/A_FLOWMAP_02_007/reviewer_c02/packet.json
STATUS[17 wait for return]=0
DIAG[cycle_02.17.wait]=OBSERVED | /home/hou16/sctl-live-test-A_LIVE_001/.strata/returns/A_FLOWMAP_02_007/reviewer_c02/packet.json | Worker return packet and operational report appeared without harness simulation.

===== 17 classify reviewer return =====
+ node /mnt/c/Users/hou16/Downloads/Codex_CLI_agent\ fleet/_package_patch_v0_9_4_simplified_runtime/strata_sctl_kernel_components_1_3_4_package_v0_9_4_simplified_runtime/src/cli.js --workspace /home/hou16/sctl-live-test-A_LIVE_001 returns classify --packet .strata/returns/A_FLOWMAP_02_007/reviewer_c02/packet.json
{
  "contract_id": "strata.sctl.result_envelope.v1",
  "tool_id": "sctl.returns.classify.v1",
  "ok": true,
  "result": {
    "classification": {
      "contract_id": "strata.worker_return_classification.v6_context_git",
      "classification_id": "wret_class_packet.json_2026-06-13T12-23-47-271Z",
      "packet_path": "/home/hou16/sctl-live-test-A_LIVE_001/.strata/returns/A_FLOWMAP_02_007/reviewer_c02/packet.json",
      "packet_sha256": "504f8eb611aceda442ae39c6e0db5e3db7119d08afd1260ac6e975f6122039f6",
      "valid_packet": true,
      "errors": [],
      "return_id": "ret_A_FLOWMAP_02_007_reviewer_c02_001",
      "assignment_id": "A_FLOWMAP_02_007",
      "agent_id": "reviewer_c02",
      "role": "Code Reviewer / QC Engineer",
      "return_kind": "OPERATIONAL_REPORT_READY",
      "report_scope": "actionable_report",
      "class_b_authority": "git_tracked_files_only",
      "evidence_model": "evidence_in_report_body",
      "implementation_repository": "/home/hou16/workspace/AAU_MED_EM_ENSEMBLE_HEATMAP_STUDENT_ASSIGNMENT",
      "implementation_commit": "c0d1e79a475077562a1f66bbef11d35335662c77",
      "trunk_branch": "main",
      "short_lived_branch": "change/A_FLOWMAP_02_007/C02-sample-uniform-sphere-mc",
      "integration_mode": "short_lived_change_branch",
      "routing_decision": "OPERATIONAL_REPORT_READY_LEDGERED_NOT_CLASS_B",
      "class_b_entry_path": null,
      "class_b_record_path": null,
      "class_d_diagnostic_path": null,
      "coordination_thread_path": null,
      "ack_path": null,
      "report_ledger_path": "/home/hou16/sctl-live-test-A_LIVE_001/.strata/context/D_trace/return_ledgers/operational_report_ready_index.jsonl",
      "report_path": "/home/hou16/sctl-live-test-A_LIVE_001/.strata/returns/A_FLOWMAP_02_007/reviewer_c02/operational_report.md",
      "error_dispatch": null,
      "created_at": "2026-06-13T12:23:47.271Z"
    },
    "classification_record_path": "/home/hou16/sctl-live-test-A_LIVE_001/.strata/context/D_trace/return_ledgers/wret_class_packet.json_2026-06-13T12-23-47-271Z.json"
  },
  "errors": [],
  "evidence_paths": [
    "/home/hou16/sctl-live-test-A_LIVE_001/.strata/context/D_trace/return_ledgers/wret_class_packet.json_2026-06-13T12-23-47-271Z.json",
    "/home/hou16/sctl-live-test-A_LIVE_001/.strata/context/D_trace/return_ledgers/operational_report_ready_index.jsonl",
    "/home/hou16/sctl-live-test-A_LIVE_001/.strata/context/D_trace/telemetry/workflow_telemetry.jsonl"
  ],
  "created_at": "2026-06-13T12:23:47.306Z"
}
STATUS[17 classify reviewer return]=0
DIAG[cycle_02.17 classify reviewer return]=OBSERVED | OPERATIONAL_REPORT_READY / OPERATIONAL_REPORT_READY_LEDGERED_NOT_CLASS_B | Return was ledgered, not automatically promoted to Class B.
DIAG[cycle_02.17 reviewer return.impl_ref]=OBSERVED | repository=/home/hou16/workspace/AAU_MED_EM_ENSEMBLE_HEATMAP_STUDENT_ASSIGNMENT commit=c0d1e79a475077562a1f66bbef11d35335662c77 branch_head=c0d1e79a475077562a1f66bbef11d35335662c77 | Worker Return Packet implementation_repository and implementation_commit match the assigned Codebase Git branch head.
DIAG[cycle_02.17.review_result]=OBSERVED | approved | Reviewer recommendation is available for CI/merge gate.
DIAG[cycle_02.18A.authority]=OBSERVED | delegated_coordinator_001 | Current live-test policy delegates authorized merge operator authority to the Delegated Coordinator after reviewer approval and green CI.

===== 18A ci local checks =====
+ bash -lc $'\n    set -o pipefail\n    repo="$1"; branch="$2"; shift 2\n    cd "$repo"\n    git switch "$branch" >/dev/null\n    status=0\n    for cmd in "$@"; do printf "+ %s\\n" "$cmd"; bash -lc "$cmd" || status=$?; done\n    exit "$status"\n  ' _ /home/hou16/workspace/AAU_MED_EM_ENSEMBLE_HEATMAP_STUDENT_ASSIGNMENT change/A_FLOWMAP_02_007/C02-sample-uniform-sphere-mc python3\ -m\ py_compile\ code/ensemble_core.py python3\ -c\ \"import\ sys\,\ numpy\ as\ np\;\ sys.path.insert\(0\,\ \'code\'\)\;\ from\ ensemble_core\ import\ sample_uniform_sphere\;\ pts=sample_uniform_sphere\(200\,\ 3.0\,\ 123\,\ recenter=False\)\;\ assert\ pts.shape\ ==\ \(200\,\ 3\)\,\ pts.shape\;\ assert\ np.all\(np.linalg.norm\(pts\,\ axis=1\)\ \<=\ 3.0\ +\ 1e-12\)\;\ print\(\'sample_uniform_sphere\ smoke\ passed\'\)\"
Already on 'change/A_FLOWMAP_02_007/C02-sample-uniform-sphere-mc'
+ python3 -m py_compile code/ensemble_core.py
+ python3 -c "import sys, numpy as np; sys.path.insert(0, 'code'); from ensemble_core import sample_uniform_sphere; pts=sample_uniform_sphere(200, 3.0, 123, recenter=False); assert pts.shape == (200, 3), pts.shape; assert np.all(np.linalg.norm(pts, axis=1) <= 3.0 + 1e-12); print('sample_uniform_sphere smoke passed')"
sample_uniform_sphere smoke passed
STATUS[18A ci local checks]=0
DIAG[cycle_02.18A.ci]=OBSERVED | /mnt/c/Users/hou16/Downloads/Codex_CLI_agent fleet/_package_patch_v0_9_4_simplified_runtime/strata_sctl_kernel_components_1_3_4_package_v0_9_4_simplified_runtime/_test_runs/flowmap02/run_20260613T121734Z/A_FLOWMAP_02_007_C02_ci.log | Declared validation commands were executed before merge.

===== 18A merge ff only =====
+ bash -lc cd\ \"\$0\"\ \&\&\ git\ switch\ \"\$1\"\ \&\&\ git\ merge\ --ff-only\ \"\$2\"\ \&\&\ git\ status\ --short /home/hou16/workspace/AAU_MED_EM_ENSEMBLE_HEATMAP_STUDENT_ASSIGNMENT main change/A_FLOWMAP_02_007/C02-sample-uniform-sphere-mc
Switched to branch 'main'
Updating 7d3ff6a..c0d1e79
Fast-forward
 code/ensemble_core.py | 28 ++++++++++++++++------------
 1 file changed, 16 insertions(+), 12 deletions(-)
STATUS[18A merge ff only]=0
DIAG[cycle_02.18A.merge]=OBSERVED | change/A_FLOWMAP_02_007/C02-sample-uniform-sphere-mc -> main | Authorized merge operator completed the merge after review approval and CI/checks.

===== 19 final outcome classb put =====
+ node /mnt/c/Users/hou16/Downloads/Codex_CLI_agent\ fleet/_package_patch_v0_9_4_simplified_runtime/strata_sctl_kernel_components_1_3_4_package_v0_9_4_simplified_runtime/src/cli.js --workspace /home/hou16/sctl-live-test-A_LIVE_001 classb put --id B_A_FLOWMAP_02_007_C02_MERGE_OUTCOME --title A_FLOWMAP_02_007\ C02\ approved\ outcome --assignment-id A_FLOWMAP_02_007 --agent-id delegated_coordinator_001 --role Delegated\ Coordinator --scope review_outcome --summary Cycle\ C02\ reviewer\ outcome:\ approved\;\ final\ integration\ outcome:\ approved. --progress-delta Flowmap\ 02\ routed\ delegated\ coordinator\ intent\ through\ disposable\ author\ and\ reviewer\ sessions\ for\ C02. --trunk-integration Codebase\ repo:\ /home/hou16/workspace/AAU_MED_EM_ENSEMBLE_HEATMAP_STUDENT_ASSIGNMENT\;\ trunk:\ main\;\ branch:\ change/A_FLOWMAP_02_007/C02-sample-uniform-sphere-mc\;\ merge\ setting:\ 1\;\ merge\ result:\ merged\;\ authorized\ merge\ operator:\ Delegated\ Coordinator\ \(delegated_coordinator_001\)\ for\ current\ live\ tests. --verification Reviewer\ return\ classified.\ CI\ result:\ passed.\ CI\ log\ path:\ /mnt/c/Users/hou16/Downloads/Codex_CLI_agent\ fleet/_package_patch_v0_9_4_simplified_runtime/strata_sctl_kernel_components_1_3_4_package_v0_9_4_simplified_runtime/_test_runs/flowmap02/run_20260613T121734Z/A_FLOWMAP_02_007_C02_ci.log. --evidence-detail Author\ packet:\ .strata/context/D_trace/dispatch_packets/A_FLOWMAP_02_007/change_author_c02/N_AUTHOR_C02/dispatch_packet.md\;\ review\ packet:\ .strata/context/D_trace/dispatch_packets/A_FLOWMAP_02_007/reviewer_c02/N_REVIEW_C02/dispatch_packet.md\;\ return\ ledgers:\ .strata/context/D_trace/return_ledgers/. --risks If\ final\ integration\ outcome\ is\ not\ merged\,\ inspect\ CI/merge\ diagnostics\ before\ selecting\ the\ next\ change. --next-action Refresh\ Delegated\ Coordinator\ context\ and\ resolve\ any\ non-merged\ integration\ outcome\ before\ selecting\ the\ next\ small\ change.
{
  "contract_id": "strata.sctl.result_envelope.v1",
  "tool_id": "sctl.classb.put_file.v2",
  "ok": true,
  "result": {
    "id": "B_A_FLOWMAP_02_007_C02_MERGE_OUTCOME",
    "file": "/home/hou16/sctl-live-test-A_LIVE_001/.strata/context/B/b_a_flowmap_02_007_c02_merge_outcome.md",
    "scope": "review_outcome",
    "assignment_id": "A_FLOWMAP_02_007",
    "git": {
      "command": "git",
      "args": [
        "commit",
        "-m",
        "class B report put B_A_FLOWMAP_02_007_C02_MERGE_OUTCOME"
      ],
      "cwd": "/home/hou16/sctl-live-test-A_LIVE_001/.strata/context",
      "status": 0,
      "signal": null,
      "stdout": "[master b38b1da] class B report put B_A_FLOWMAP_02_007_C02_MERGE_OUTCOME\n 3 files changed, 53 insertions(+), 6 deletions(-)\n create mode 100644 B/b_a_flowmap_02_007_c02_merge_outcome.md\n",
      "stderr": "",
      "ok": true,
      "error": null,
      "commit": "b38b1da"
    },
    "state": {
      "contract_id": "strata.context_state.v2_simplified_runtime",
      "context_epoch": 1,
      "current_context_epoch": 16,
      "context_revision": 16,
      "class_a_revision": 0,
      "class_b_revision": 16,
      "current_class_b_revision": 16,
      "class_b_updates_since_full_refresh": 16,
      "refresh_required": true,
      "refresh_reason": "Class B update count exceeded 10",
      "context_update_policy": "simple_revision_math",
      "created_at": "2026-06-12T09:06:58.999Z",
      "updated_at": "2026-06-13T12:23:51.601Z"
    },
    "accepted_class_b_revision": 16
  },
  "errors": [],
  "evidence_paths": [
    "/home/hou16/sctl-live-test-A_LIVE_001/.strata/context/B/b_a_flowmap_02_007_c02_merge_outcome.md",
    "/home/hou16/sctl-live-test-A_LIVE_001/.strata/context/D_trace/telemetry/workflow_telemetry.jsonl"
  ],
  "created_at": "2026-06-13T12:23:51.633Z"
}
STATUS[19 final outcome classb put]=0
DIAG[cycle_02.19]=OBSERVED | Class B revision 15 -> 16 | Final outcome entered Class B.

===== 20 retire change author =====
+ env SCTL_RUNTIME_EDGE_ROOT=/mnt/c/Users/hou16/Downloads/Codex_CLI_agent\ fleet/strata_runtime_edge_launcher_delegate_component2_3_v0_9/strata_runtime_edge_launcher_delegate_component2_3_v0_9 /mnt/c/Users/hou16/Downloads/Codex_CLI_agent\ fleet/_package_patch_v0_9_4_simplified_runtime/strata_sctl_kernel_components_1_3_4_package_v0_9_4_simplified_runtime/scripts/wsl_tmux/sctl-session-retire --workspace /home/hou16/sctl-live-test-A_LIVE_001 --assignment-id A_FLOWMAP_02_007 --id change_author_c02 --session TBD-CA-A_FLOWMAP_02_007-C02 --reason Flowmap\ 02\ C02\ Change\ Author\ cycle\ completed
{
  "contract_id": "strata.sctl.result_envelope.v1",
  "tool_id": "sctl.sessions.retire.v1",
  "ok": true,
  "result": {
    "id": "change_author_c02",
    "assignment_id": "A_FLOWMAP_02_007",
    "file": "/home/hou16/sctl-live-test-A_LIVE_001/.strata/context/C/sessions/active_sessions.json",
    "lifecycle_path": "/home/hou16/sctl-live-test-A_LIVE_001/.strata/context/C/sessions/lifecycle/a_flowmap_02_007_change_author_c02_retired_2026-06-13t12-23-52-190z.json",
    "git": {
      "command": "git",
      "args": [
        "commit",
        "-m",
        "session retire A_FLOWMAP_02_007 change_author_c02"
      ],
      "cwd": "/home/hou16/sctl-live-test-A_LIVE_001/.strata/context",
      "status": 0,
      "signal": null,
      "stdout": "[master 97c77b2] session retire A_FLOWMAP_02_007 change_author_c02\n 3 files changed, 14 insertions(+), 3 deletions(-)\n create mode 100644 C/sessions/lifecycle/a_flowmap_02_007_change_author_c02_retired_2026-06-13t12-23-52-190z.json\n",
      "stderr": "",
      "ok": true,
      "error": null,
      "commit": "97c77b2"
    }
  },
  "errors": [],
  "evidence_paths": [
    "/home/hou16/sctl-live-test-A_LIVE_001/.strata/context/C/sessions/active_sessions.json",
    "/home/hou16/sctl-live-test-A_LIVE_001/.strata/context/C/sessions/lifecycle/a_flowmap_02_007_change_author_c02_retired_2026-06-13t12-23-52-190z.json",
    "/home/hou16/sctl-live-test-A_LIVE_001/.strata/context/D_trace/telemetry/workflow_telemetry.jsonl"
  ],
  "created_at": "2026-06-13T12:23:52.223Z"
}
STATUS[20 retire change author]=0

===== 20 retire reviewer =====
+ env SCTL_RUNTIME_EDGE_ROOT=/mnt/c/Users/hou16/Downloads/Codex_CLI_agent\ fleet/strata_runtime_edge_launcher_delegate_component2_3_v0_9/strata_runtime_edge_launcher_delegate_component2_3_v0_9 /mnt/c/Users/hou16/Downloads/Codex_CLI_agent\ fleet/_package_patch_v0_9_4_simplified_runtime/strata_sctl_kernel_components_1_3_4_package_v0_9_4_simplified_runtime/scripts/wsl_tmux/sctl-session-retire --workspace /home/hou16/sctl-live-test-A_LIVE_001 --assignment-id A_FLOWMAP_02_007 --id reviewer_c02 --session TBD-CR-A_FLOWMAP_02_007-C02 --reason Flowmap\ 02\ C02\ review\ cycle\ completed
{
  "contract_id": "strata.sctl.result_envelope.v1",
  "tool_id": "sctl.sessions.retire.v1",
  "ok": true,
  "result": {
    "id": "reviewer_c02",
    "assignment_id": "A_FLOWMAP_02_007",
    "file": "/home/hou16/sctl-live-test-A_LIVE_001/.strata/context/C/sessions/active_sessions.json",
    "lifecycle_path": "/home/hou16/sctl-live-test-A_LIVE_001/.strata/context/C/sessions/lifecycle/a_flowmap_02_007_reviewer_c02_retired_2026-06-13t12-23-52-540z.json",
    "git": {
      "command": "git",
      "args": [
        "commit",
        "-m",
        "session retire A_FLOWMAP_02_007 reviewer_c02"
      ],
      "cwd": "/home/hou16/sctl-live-test-A_LIVE_001/.strata/context",
      "status": 0,
      "signal": null,
      "stdout": "[master 59dad3f] session retire A_FLOWMAP_02_007 reviewer_c02\n 3 files changed, 14 insertions(+), 3 deletions(-)\n create mode 100644 C/sessions/lifecycle/a_flowmap_02_007_reviewer_c02_retired_2026-06-13t12-23-52-540z.json\n",
      "stderr": "",
      "ok": true,
      "error": null,
      "commit": "59dad3f"
    }
  },
  "errors": [],
  "evidence_paths": [
    "/home/hou16/sctl-live-test-A_LIVE_001/.strata/context/C/sessions/active_sessions.json",
    "/home/hou16/sctl-live-test-A_LIVE_001/.strata/context/C/sessions/lifecycle/a_flowmap_02_007_reviewer_c02_retired_2026-06-13t12-23-52-540z.json",
    "/home/hou16/sctl-live-test-A_LIVE_001/.strata/context/D_trace/telemetry/workflow_telemetry.jsonl"
  ],
  "created_at": "2026-06-13T12:23:52.578Z"
}
STATUS[20 retire reviewer]=0
DIAG[cycle_02.20]=OBSERVED | disposable sessions retired | Author and reviewer lifecycle closure was recorded through SCTL.

===== 21 coordinator freshness =====
+ node /mnt/c/Users/hou16/Downloads/Codex_CLI_agent\ fleet/_package_patch_v0_9_4_simplified_runtime/strata_sctl_kernel_components_1_3_4_package_v0_9_4_simplified_runtime/src/cli.js --workspace /home/hou16/sctl-live-test-A_LIVE_001 context freshness --loaded-context-epoch 12 --loaded-class-a-revision 0
{
  "contract_id": "strata.sctl.result_envelope.v1",
  "tool_id": "sctl.context.freshness.v1",
  "ok": true,
  "result": {
    "loaded_context_epoch": 12,
    "loaded_class_a_revision": 0,
    "current_context_epoch": 16,
    "current_class_b_revision": 16,
    "current_class_a_revision": 0,
    "class_b_delta": 4,
    "class_a_delta": 0,
    "export_mode": "class_b_delta",
    "action": "delta_context_export",
    "retire_session": false,
    "math": "16-12=4",
    "policy": "If Class A changed, retire and full export. If Class B delta is 1-5, delta export. If Class B delta is greater than 5, full export.",
    "state": {
      "contract_id": "strata.context_state.v2_simplified_runtime",
      "context_epoch": 1,
      "current_context_epoch": 16,
      "context_revision": 16,
      "class_a_revision": 0,
      "class_b_revision": 16,
      "current_class_b_revision": 16,
      "class_b_updates_since_full_refresh": 16,
      "refresh_required": true,
      "refresh_reason": "Class B update count exceeded 10",
      "context_update_policy": "simple_revision_math",
      "created_at": "2026-06-12T09:06:58.999Z",
      "updated_at": "2026-06-13T12:23:51.601Z"
    }
  },
  "errors": [],
  "evidence_paths": [],
  "created_at": "2026-06-13T12:23:52.923Z"
}
STATUS[21 coordinator freshness]=0

===== 21 coordinator export refresh =====
+ node /mnt/c/Users/hou16/Downloads/Codex_CLI_agent\ fleet/_package_patch_v0_9_4_simplified_runtime/strata_sctl_kernel_components_1_3_4_package_v0_9_4_simplified_runtime/src/cli.js --workspace /home/hou16/sctl-live-test-A_LIVE_001 context export-markdown --include-classes A\,B --since-class-b-revision 12 --out .strata/exports/A_FLOWMAP_02_007_cycle_02_coordinator_refresh
{
  "contract_id": "strata.sctl.result_envelope.v1",
  "tool_id": "sctl.context.export_markdown.v2",
  "ok": true,
  "result": {
    "out_dir": "/home/hou16/sctl-live-test-A_LIVE_001/.strata/exports/A_FLOWMAP_02_007_cycle_02_coordinator_refresh",
    "markdown_path": "/home/hou16/sctl-live-test-A_LIVE_001/.strata/exports/A_FLOWMAP_02_007_cycle_02_coordinator_refresh/context.md",
    "source_index_path": "/home/hou16/sctl-live-test-A_LIVE_001/.strata/exports/A_FLOWMAP_02_007_cycle_02_coordinator_refresh/source_index.json",
    "manifest_path": "/home/hou16/sctl-live-test-A_LIVE_001/.strata/exports/A_FLOWMAP_02_007_cycle_02_coordinator_refresh/manifest.json",
    "source_count": 4,
    "state": {
      "contract_id": "strata.context_state.v2_simplified_runtime",
      "context_epoch": 1,
      "current_context_epoch": 16,
      "context_revision": 16,
      "class_a_revision": 0,
      "class_b_revision": 16,
      "current_class_b_revision": 16,
      "class_b_updates_since_full_refresh": 16,
      "refresh_required": true,
      "refresh_reason": "Class B update count exceeded 10",
      "context_update_policy": "simple_revision_math",
      "created_at": "2026-06-12T09:06:58.999Z",
      "updated_at": "2026-06-13T12:23:51.601Z"
    },
    "include_classes": [
      "A",
      "B"
    ],
    "since_class_b_revision": 12
  },
  "errors": [],
  "evidence_paths": [
    "/home/hou16/sctl-live-test-A_LIVE_001/.strata/exports/A_FLOWMAP_02_007_cycle_02_coordinator_refresh/context.md",
    "/home/hou16/sctl-live-test-A_LIVE_001/.strata/exports/A_FLOWMAP_02_007_cycle_02_coordinator_refresh/source_index.json",
    "/home/hou16/sctl-live-test-A_LIVE_001/.strata/exports/A_FLOWMAP_02_007_cycle_02_coordinator_refresh/manifest.json"
  ],
  "created_at": "2026-06-13T12:23:53.123Z"
}
STATUS[21 coordinator export refresh]=0
DIAG[cycle_02.21]=OBSERVED | freshness action=delta_context_export loaded_epoch=12 | Coordinator can refresh from current SCTL Git state instead of private chat memory.

===== context export cycle_02/coordinator_after =====
+ node /mnt/c/Users/hou16/Downloads/Codex_CLI_agent\ fleet/_package_patch_v0_9_4_simplified_runtime/strata_sctl_kernel_components_1_3_4_package_v0_9_4_simplified_runtime/src/cli.js --workspace /home/hou16/sctl-live-test-A_LIVE_001 context export-markdown --include-classes A\,B --out /mnt/c/Users/hou16/Downloads/Codex_CLI_agent\ fleet/_package_patch_v0_9_4_simplified_runtime/strata_sctl_kernel_components_1_3_4_package_v0_9_4_simplified_runtime/_test_runs/flowmap02/run_20260613T121734Z/context_exports/cycle_02/coordinator_after
{
  "contract_id": "strata.sctl.result_envelope.v1",
  "tool_id": "sctl.context.export_markdown.v2",
  "ok": true,
  "result": {
    "out_dir": "/mnt/c/Users/hou16/Downloads/Codex_CLI_agent fleet/_package_patch_v0_9_4_simplified_runtime/strata_sctl_kernel_components_1_3_4_package_v0_9_4_simplified_runtime/_test_runs/flowmap02/run_20260613T121734Z/context_exports/cycle_02/coordinator_after",
    "markdown_path": "/mnt/c/Users/hou16/Downloads/Codex_CLI_agent fleet/_package_patch_v0_9_4_simplified_runtime/strata_sctl_kernel_components_1_3_4_package_v0_9_4_simplified_runtime/_test_runs/flowmap02/run_20260613T121734Z/context_exports/cycle_02/coordinator_after/context.md",
    "source_index_path": "/mnt/c/Users/hou16/Downloads/Codex_CLI_agent fleet/_package_patch_v0_9_4_simplified_runtime/strata_sctl_kernel_components_1_3_4_package_v0_9_4_simplified_runtime/_test_runs/flowmap02/run_20260613T121734Z/context_exports/cycle_02/coordinator_after/source_index.json",
    "manifest_path": "/mnt/c/Users/hou16/Downloads/Codex_CLI_agent fleet/_package_patch_v0_9_4_simplified_runtime/strata_sctl_kernel_components_1_3_4_package_v0_9_4_simplified_runtime/_test_runs/flowmap02/run_20260613T121734Z/context_exports/cycle_02/coordinator_after/manifest.json",
    "source_count": 16,
    "state": {
      "contract_id": "strata.context_state.v2_simplified_runtime",
      "context_epoch": 1,
      "current_context_epoch": 16,
      "context_revision": 16,
      "class_a_revision": 0,
      "class_b_revision": 16,
      "current_class_b_revision": 16,
      "class_b_updates_since_full_refresh": 16,
      "refresh_required": true,
      "refresh_reason": "Class B update count exceeded 10",
      "context_update_policy": "simple_revision_math",
      "created_at": "2026-06-12T09:06:58.999Z",
      "updated_at": "2026-06-13T12:23:51.601Z"
    },
    "include_classes": [
      "A",
      "B"
    ],
    "since_class_b_revision": null
  },
  "errors": [],
  "evidence_paths": [
    "/mnt/c/Users/hou16/Downloads/Codex_CLI_agent fleet/_package_patch_v0_9_4_simplified_runtime/strata_sctl_kernel_components_1_3_4_package_v0_9_4_simplified_runtime/_test_runs/flowmap02/run_20260613T121734Z/context_exports/cycle_02/coordinator_after/context.md",
    "/mnt/c/Users/hou16/Downloads/Codex_CLI_agent fleet/_package_patch_v0_9_4_simplified_runtime/strata_sctl_kernel_components_1_3_4_package_v0_9_4_simplified_runtime/_test_runs/flowmap02/run_20260613T121734Z/context_exports/cycle_02/coordinator_after/source_index.json",
    "/mnt/c/Users/hou16/Downloads/Codex_CLI_agent fleet/_package_patch_v0_9_4_simplified_runtime/strata_sctl_kernel_components_1_3_4_package_v0_9_4_simplified_runtime/_test_runs/flowmap02/run_20260613T121734Z/context_exports/cycle_02/coordinator_after/manifest.json"
  ],
  "created_at": "2026-06-13T12:23:53.489Z"
}
STATUS[context export cycle_02/coordinator_after]=0
FULL_CONTEXT_EXPORT[cycle_02/coordinator_after]=/mnt/c/Users/hou16/Downloads/Codex_CLI_agent fleet/_package_patch_v0_9_4_simplified_runtime/strata_sctl_kernel_components_1_3_4_package_v0_9_4_simplified_runtime/_test_runs/flowmap02/run_20260613T121734Z/context_exports/cycle_02/coordinator_after/context.md
DIAG[cycle_02.context_export.coordinator_after]=OBSERVED | /mnt/c/Users/hou16/Downloads/Codex_CLI_agent fleet/_package_patch_v0_9_4_simplified_runtime/strata_sctl_kernel_components_1_3_4_package_v0_9_4_simplified_runtime/_test_runs/flowmap02/run_20260613T121734Z/context_exports/cycle_02/coordinator_after/context.md | Standalone full context export written outside the pasted dispatch packet and outside the operational log body.
===== END cycle_02 =====

===== BEGIN cycle_03 =====
CYCLE_SUFFIX=C03
CHANGE_AUTHOR_ID=change_author_c03
REVIEWER_ID=reviewer_c03
CHANGE_AUTHOR_SESSION=TBD-CA-A_FLOWMAP_02_007-C03
REVIEWER_SESSION=TBD-CR-A_FLOWMAP_02_007-C03
CHANGE_BRANCH=change/A_FLOWMAP_02_007/C03-sample-uniform-sphere-mc

===== context export cycle_03/coordinator_before =====
+ node /mnt/c/Users/hou16/Downloads/Codex_CLI_agent\ fleet/_package_patch_v0_9_4_simplified_runtime/strata_sctl_kernel_components_1_3_4_package_v0_9_4_simplified_runtime/src/cli.js --workspace /home/hou16/sctl-live-test-A_LIVE_001 context export-markdown --include-classes A\,B --out /mnt/c/Users/hou16/Downloads/Codex_CLI_agent\ fleet/_package_patch_v0_9_4_simplified_runtime/strata_sctl_kernel_components_1_3_4_package_v0_9_4_simplified_runtime/_test_runs/flowmap02/run_20260613T121734Z/context_exports/cycle_03/coordinator_before
{
  "contract_id": "strata.sctl.result_envelope.v1",
  "tool_id": "sctl.context.export_markdown.v2",
  "ok": true,
  "result": {
    "out_dir": "/mnt/c/Users/hou16/Downloads/Codex_CLI_agent fleet/_package_patch_v0_9_4_simplified_runtime/strata_sctl_kernel_components_1_3_4_package_v0_9_4_simplified_runtime/_test_runs/flowmap02/run_20260613T121734Z/context_exports/cycle_03/coordinator_before",
    "markdown_path": "/mnt/c/Users/hou16/Downloads/Codex_CLI_agent fleet/_package_patch_v0_9_4_simplified_runtime/strata_sctl_kernel_components_1_3_4_package_v0_9_4_simplified_runtime/_test_runs/flowmap02/run_20260613T121734Z/context_exports/cycle_03/coordinator_before/context.md",
    "source_index_path": "/mnt/c/Users/hou16/Downloads/Codex_CLI_agent fleet/_package_patch_v0_9_4_simplified_runtime/strata_sctl_kernel_components_1_3_4_package_v0_9_4_simplified_runtime/_test_runs/flowmap02/run_20260613T121734Z/context_exports/cycle_03/coordinator_before/source_index.json",
    "manifest_path": "/mnt/c/Users/hou16/Downloads/Codex_CLI_agent fleet/_package_patch_v0_9_4_simplified_runtime/strata_sctl_kernel_components_1_3_4_package_v0_9_4_simplified_runtime/_test_runs/flowmap02/run_20260613T121734Z/context_exports/cycle_03/coordinator_before/manifest.json",
    "source_count": 16,
    "state": {
      "contract_id": "strata.context_state.v2_simplified_runtime",
      "context_epoch": 1,
      "current_context_epoch": 16,
      "context_revision": 16,
      "class_a_revision": 0,
      "class_b_revision": 16,
      "current_class_b_revision": 16,
      "class_b_updates_since_full_refresh": 16,
      "refresh_required": true,
      "refresh_reason": "Class B update count exceeded 10",
      "context_update_policy": "simple_revision_math",
      "created_at": "2026-06-12T09:06:58.999Z",
      "updated_at": "2026-06-13T12:23:51.601Z"
    },
    "include_classes": [
      "A",
      "B"
    ],
    "since_class_b_revision": null
  },
  "errors": [],
  "evidence_paths": [
    "/mnt/c/Users/hou16/Downloads/Codex_CLI_agent fleet/_package_patch_v0_9_4_simplified_runtime/strata_sctl_kernel_components_1_3_4_package_v0_9_4_simplified_runtime/_test_runs/flowmap02/run_20260613T121734Z/context_exports/cycle_03/coordinator_before/context.md",
    "/mnt/c/Users/hou16/Downloads/Codex_CLI_agent fleet/_package_patch_v0_9_4_simplified_runtime/strata_sctl_kernel_components_1_3_4_package_v0_9_4_simplified_runtime/_test_runs/flowmap02/run_20260613T121734Z/context_exports/cycle_03/coordinator_before/source_index.json",
    "/mnt/c/Users/hou16/Downloads/Codex_CLI_agent fleet/_package_patch_v0_9_4_simplified_runtime/strata_sctl_kernel_components_1_3_4_package_v0_9_4_simplified_runtime/_test_runs/flowmap02/run_20260613T121734Z/context_exports/cycle_03/coordinator_before/manifest.json"
  ],
  "created_at": "2026-06-13T12:23:53.820Z"
}
STATUS[context export cycle_03/coordinator_before]=0
FULL_CONTEXT_EXPORT[cycle_03/coordinator_before]=/mnt/c/Users/hou16/Downloads/Codex_CLI_agent fleet/_package_patch_v0_9_4_simplified_runtime/strata_sctl_kernel_components_1_3_4_package_v0_9_4_simplified_runtime/_test_runs/flowmap02/run_20260613T121734Z/context_exports/cycle_03/coordinator_before/context.md
DIAG[cycle_03.context_export.coordinator_before]=OBSERVED | /mnt/c/Users/hou16/Downloads/Codex_CLI_agent fleet/_package_patch_v0_9_4_simplified_runtime/strata_sctl_kernel_components_1_3_4_package_v0_9_4_simplified_runtime/_test_runs/flowmap02/run_20260613T121734Z/context_exports/cycle_03/coordinator_before/context.md | Standalone full context export written outside the pasted dispatch packet and outside the operational log body.
DIAG[cycle_03.3.codebase_repo]=OBSERVED | /home/hou16/workspace/AAU_MED_EM_ENSEMBLE_HEATMAP_STUDENT_ASSIGNMENT | Using caller-supplied Codebase Git repo. Codebase Git is implementation work; SCTL Git is coordination/dispatch/reports/evidence trace.

===== 3 codebase branch status =====
+ git -C /home/hou16/workspace/AAU_MED_EM_ENSEMBLE_HEATMAP_STUDENT_ASSIGNMENT status --short

STATUS[3 codebase branch status]=0

===== 3 codebase switch trunk =====
+ git -C /home/hou16/workspace/AAU_MED_EM_ENSEMBLE_HEATMAP_STUDENT_ASSIGNMENT switch main
Already on 'main'
STATUS[3 codebase switch trunk]=0

===== 3 codebase pull ff only =====
+ git -C /home/hou16/workspace/AAU_MED_EM_ENSEMBLE_HEATMAP_STUDENT_ASSIGNMENT pull --ff-only
There is no tracking information for the current branch.
Please specify which branch you want to merge with.
See git-pull(1) for details.

    git pull <remote> <branch>

If you wish to set tracking information for this branch you can do so with:

    git branch --set-upstream-to=<remote>/<branch> main

STATUS[3 codebase pull ff only]=1
DIAG[cycle_03.3.pull]=WARN_LOCAL_MAIN_NO_UPSTREAM | main has no upstream | Harness continued from local trunk.

===== 3 codebase create branch =====
+ git -C /home/hou16/workspace/AAU_MED_EM_ENSEMBLE_HEATMAP_STUDENT_ASSIGNMENT switch -c change/A_FLOWMAP_02_007/C03-sample-uniform-sphere-mc main
Switched to a new branch 'change/A_FLOWMAP_02_007/C03-sample-uniform-sphere-mc'
STATUS[3 codebase create branch]=0
DIAG[cycle_03.3]=OBSERVED | change/A_FLOWMAP_02_007/C03-sample-uniform-sphere-mc | Short-lived Codebase Git branch exists outside SCTL Git.

===== 4 session new change author =====
+ env SCTL_RUNTIME_EDGE_ROOT=/mnt/c/Users/hou16/Downloads/Codex_CLI_agent\ fleet/strata_runtime_edge_launcher_delegate_component2_3_v0_9/strata_runtime_edge_launcher_delegate_component2_3_v0_9 /mnt/c/Users/hou16/Downloads/Codex_CLI_agent\ fleet/_package_patch_v0_9_4_simplified_runtime/strata_sctl_kernel_components_1_3_4_package_v0_9_4_simplified_runtime/scripts/wsl_tmux/sctl-session-new --workspace /home/hou16/sctl-live-test-A_LIVE_001 --assignment-id A_FLOWMAP_02_007 --role Change\ Author --id change_author_c03 --session-name TBD-CA-A_FLOWMAP_02_007-C03 --session-mode disposable
{
  "contract_id": "strata.sctl.result_envelope.v1",
  "tool_id": "sctl.sessions.register.v1",
  "ok": true,
  "result": {
    "session": {
      "contract_id": "strata.class_c.active_session.v2_simplified_runtime",
      "role": "Change Author",
      "id": "change_author_c03",
      "session_name": "TBD-CA-A_FLOWMAP_02_007-C03",
      "assignment_id": "A_FLOWMAP_02_007",
      "session_mode": "disposable",
      "loaded_context_epoch": 16,
      "loaded_class_a_revision": 0,
      "loaded_class_b_revision": 16,
      "status": "active",
      "delivery_mode": "paste_only_deterministic_envelope",
      "registered_at": "2026-06-13T12:23:55.069Z"
    },
    "file": "/home/hou16/sctl-live-test-A_LIVE_001/.strata/context/C/sessions/active_sessions.json",
    "git": {
      "command": "git",
      "args": [
        "commit",
        "-m",
        "session register A_FLOWMAP_02_007 change_author_c03"
      ],
      "cwd": "/home/hou16/sctl-live-test-A_LIVE_001/.strata/context",
      "status": 0,
      "signal": null,
      "stdout": "[master f16084f] session register A_FLOWMAP_02_007 change_author_c03\n 2 files changed, 16 insertions(+), 1 deletion(-)\n",
      "stderr": "",
      "ok": true,
      "error": null,
      "commit": "f16084f"
    }
  },
  "errors": [],
  "evidence_paths": [
    "/home/hou16/sctl-live-test-A_LIVE_001/.strata/context/C/sessions/active_sessions.json",
    "/home/hou16/sctl-live-test-A_LIVE_001/.strata/context/D_trace/telemetry/workflow_telemetry.jsonl"
  ],
  "created_at": "2026-06-13T12:23:55.094Z"
}
adapter_runtime_status=fleet_launched
STATUS[4 session new change author]=0

===== 4 align session name =====
+ tmux rename-session -t STRATA-CHANGE-AUTHOR-TBD-CA-A_FLOWMAP_02_007-C03-1 TBD-CA-A_FLOWMAP_02_007-C03
STATUS[4 align session name]=0
DIAG[cycle_03.4.session_target]=OBSERVED | STRATA-CHANGE-AUTHOR-TBD-CA-A_FLOWMAP_02_007-C03-1 renamed to TBD-CA-A_FLOWMAP_02_007-C03 | Launcher created a role-prefixed name; harness aligned it to registered session_name.
DIAG[cycle_03.4]=OBSERVED | change_author_c03 active disposable | Fresh Change Author session for C03 was recorded in SCTL Git.
DIAG[cycle_03.5.work_order]=OBSERVED | /home/hou16/sctl-live-test-A_LIVE_001/.strata/work_orders/A_FLOWMAP_02_007/cycle_03/change_author_work_order.md | Author envelope body was materialized from /mnt/c/Users/hou16/Downloads/Envelope Template.txt and run-specific values.

===== 5 author message send =====
+ node /mnt/c/Users/hou16/Downloads/Codex_CLI_agent\ fleet/_package_patch_v0_9_4_simplified_runtime/strata_sctl_kernel_components_1_3_4_package_v0_9_4_simplified_runtime/src/cli.js --workspace /home/hou16/sctl-live-test-A_LIVE_001 message send --assignment-id A_FLOWMAP_02_007 --thread-id THREAD_A_FLOWMAP_02_007_C03_AUTHOR --from-role Delegated\ Coordinator --from-id delegated_coordinator_001 --to-role Change\ Author --to-id change_author_c03 --message-kind coordination_note --requested-handling Work\ only\ on\ the\ assigned\ short-lived\ codebase\ branch.\ Return\ a\ Worker\ Return\ Packet\ and\ Class\ B-ready\ operational\ report\ to\ the\ specified\ SCTL\ return\ path. --body-file /home/hou16/sctl-live-test-A_LIVE_001/.strata/work_orders/A_FLOWMAP_02_007/cycle_03/change_author_work_order.md
{
  "contract_id": "strata.sctl.result_envelope.v1",
  "tool_id": "sctl.message.send.v1",
  "ok": true,
  "result": {
    "file": "/home/hou16/sctl-live-test-A_LIVE_001/.strata/context/C/threads/thread_a_flowmap_02_007_c03_author/tm_a_flowmap_02_007_2026-06-13t12-23-55-804z.md",
    "message_id": "TM_A_FLOWMAP_02_007_2026-06-13T12-23-55-804Z",
    "thread_id": "THREAD_A_FLOWMAP_02_007_C03_AUTHOR",
    "assignment_id": "A_FLOWMAP_02_007",
    "related_class_b": [],
    "git": {
      "command": "git",
      "args": [
        "commit",
        "-m",
        "team message A_FLOWMAP_02_007 coordination_note delegated_coordinator_001 -> change_author_c03"
      ],
      "cwd": "/home/hou16/sctl-live-test-A_LIVE_001/.strata/context",
      "status": 0,
      "signal": null,
      "stdout": "[master f09fef7] team message A_FLOWMAP_02_007 coordination_note delegated_coordinator_001 -> change_author_c03\n 2 files changed, 85 insertions(+)\n create mode 100644 C/threads/thread_a_flowmap_02_007_c03_author/tm_a_flowmap_02_007_2026-06-13t12-23-55-804z.md\n",
      "stderr": "",
      "ok": true,
      "error": null,
      "commit": "f09fef7"
    }
  },
  "errors": [],
  "evidence_paths": [
    "/home/hou16/sctl-live-test-A_LIVE_001/.strata/context/C/threads/thread_a_flowmap_02_007_c03_author/tm_a_flowmap_02_007_2026-06-13t12-23-55-804z.md",
    "/home/hou16/sctl-live-test-A_LIVE_001/.strata/context/D_trace/telemetry/workflow_telemetry.jsonl"
  ],
  "created_at": "2026-06-13T12:23:55.839Z"
}
STATUS[5 author message send]=0

===== 5 author message validate =====
+ node /mnt/c/Users/hou16/Downloads/Codex_CLI_agent\ fleet/_package_patch_v0_9_4_simplified_runtime/strata_sctl_kernel_components_1_3_4_package_v0_9_4_simplified_runtime/src/cli.js --workspace /home/hou16/sctl-live-test-A_LIVE_001 message validate --file /home/hou16/sctl-live-test-A_LIVE_001/.strata/context/C/threads/thread_a_flowmap_02_007_c03_author/tm_a_flowmap_02_007_2026-06-13t12-23-55-804z.md
{
  "contract_id": "strata.sctl.result_envelope.v1",
  "tool_id": "sctl.message.validate.v1",
  "ok": true,
  "result": {
    "file": "/home/hou16/sctl-live-test-A_LIVE_001/.strata/context/C/threads/thread_a_flowmap_02_007_c03_author/tm_a_flowmap_02_007_2026-06-13t12-23-55-804z.md",
    "sha256": "67bdb1dc95b0019de3afdefcf346e1b8578fc1a325d7af36e842b20a33c893ef"
  },
  "errors": [],
  "evidence_paths": [
    "/home/hou16/sctl-live-test-A_LIVE_001/.strata/context/C/threads/thread_a_flowmap_02_007_c03_author/tm_a_flowmap_02_007_2026-06-13t12-23-55-804z.md"
  ],
  "created_at": "2026-06-13T12:23:56.070Z"
}
STATUS[5 author message validate]=0
DIAG[cycle_03.5]=OBSERVED | /home/hou16/sctl-live-test-A_LIVE_001/.strata/context/C/threads/thread_a_flowmap_02_007_c03_author/tm_a_flowmap_02_007_2026-06-13t12-23-55-804z.md | Envelope input artifact exists and validates.

===== 6 author dispatch render =====
+ /mnt/c/Users/hou16/Downloads/Codex_CLI_agent\ fleet/_package_patch_v0_9_4_simplified_runtime/strata_sctl_kernel_components_1_3_4_package_v0_9_4_simplified_runtime/scripts/wsl_tmux/sctl-dispatch-render --workspace /home/hou16/sctl-live-test-A_LIVE_001 --assignment-id A_FLOWMAP_02_007 --nonce N_AUTHOR_C03 --from-role Delegated\ Coordinator --from-id delegated_coordinator_001 --target-role Change\ Author --target-id change_author_c03 --summary Flowmap\ 02\ C03\ Change\ Author\ branch\ assignment --message-file /home/hou16/sctl-live-test-A_LIVE_001/.strata/context/C/threads/thread_a_flowmap_02_007_c03_author/tm_a_flowmap_02_007_2026-06-13t12-23-55-804z.md --declared-file CODEBASE_REPO:/home/hou16/workspace/AAU_MED_EM_ENSEMBLE_HEATMAP_STUDENT_ASSIGNMENT --declared-file TRUNK_BRANCH:main --declared-file CHANGE_BRANCH:change/A_FLOWMAP_02_007/C03-sample-uniform-sphere-mc
{
  "contract_id": "strata.sctl.result_envelope.v1",
  "tool_id": "sctl.dispatch.record.v2",
  "ok": true,
  "result": {
    "outbox": {
      "dir": "/home/hou16/sctl-live-test-A_LIVE_001/.strata/dispatch_outbox/A_FLOWMAP_02_007/change_author_c03/N_AUTHOR_C03",
      "packetJsonPath": "/home/hou16/sctl-live-test-A_LIVE_001/.strata/dispatch_outbox/A_FLOWMAP_02_007/change_author_c03/N_AUTHOR_C03/dispatch_packet.json",
      "packetMdPath": "/home/hou16/sctl-live-test-A_LIVE_001/.strata/dispatch_outbox/A_FLOWMAP_02_007/change_author_c03/N_AUTHOR_C03/dispatch_packet.md",
      "manifestPath": "/home/hou16/sctl-live-test-A_LIVE_001/.strata/dispatch_outbox/A_FLOWMAP_02_007/change_author_c03/N_AUTHOR_C03/manifest.json"
    },
    "git_snapshot": {
      "dir": "/home/hou16/sctl-live-test-A_LIVE_001/.strata/context/D_trace/dispatch_packets/A_FLOWMAP_02_007/change_author_c03/N_AUTHOR_C03",
      "packetJsonPath": "/home/hou16/sctl-live-test-A_LIVE_001/.strata/context/D_trace/dispatch_packets/A_FLOWMAP_02_007/change_author_c03/N_AUTHOR_C03/dispatch_packet.json",
      "packetMdPath": "/home/hou16/sctl-live-test-A_LIVE_001/.strata/context/D_trace/dispatch_packets/A_FLOWMAP_02_007/change_author_c03/N_AUTHOR_C03/dispatch_packet.md",
      "manifestPath": "/home/hou16/sctl-live-test-A_LIVE_001/.strata/context/D_trace/dispatch_packets/A_FLOWMAP_02_007/change_author_c03/N_AUTHOR_C03/manifest.json"
    },
    "dispatch_log_path": "/home/hou16/sctl-live-test-A_LIVE_001/.strata/context/D_trace/dispatch_log/a_flowmap_02_007_n_author_c03_change_author_c03.json",
    "notice_count": 0,
    "git": {
      "command": "git",
      "args": [
        "commit",
        "-m",
        "dispatch record A_FLOWMAP_02_007 N_AUTHOR_C03"
      ],
      "cwd": "/home/hou16/sctl-live-test-A_LIVE_001/.strata/context",
      "status": 0,
      "signal": null,
      "stdout": "[master 6c8b341] dispatch record A_FLOWMAP_02_007 N_AUTHOR_C03\n 8 files changed, 2242 insertions(+)\n create mode 100644 D_trace/dispatch_log/a_flowmap_02_007_n_author_c03_change_author_c03.json\n create mode 100644 D_trace/dispatch_packets/A_FLOWMAP_02_007/change_author_c03/N_AUTHOR_C03/context_export/context.md\n create mode 100644 D_trace/dispatch_packets/A_FLOWMAP_02_007/change_author_c03/N_AUTHOR_C03/context_export/manifest.json\n create mode 100644 D_trace/dispatch_packets/A_FLOWMAP_02_007/change_author_c03/N_AUTHOR_C03/context_export/source_index.json\n create mode 100644 D_trace/dispatch_packets/A_FLOWMAP_02_007/change_author_c03/N_AUTHOR_C03/dispatch_packet.json\n create mode 100644 D_trace/dispatch_packets/A_FLOWMAP_02_007/change_author_c03/N_AUTHOR_C03/dispatch_packet.md\n create mode 100644 D_trace/dispatch_packets/A_FLOWMAP_02_007/change_author_c03/N_AUTHOR_C03/manifest.json\n",
      "stderr": "",
      "ok": true,
      "error": null,
      "commit": "6c8b341"
    },
    "packet": {
      "contract_id": "strata.dispatch.packet.v2_deterministic_context_export",
      "dispatch_format": "deterministic_class_c_plus_context_export_v1",
      "dispatch_kind": "DETERMINISTIC_CLASS_C_CONTEXT",
      "assignment_id": "A_FLOWMAP_02_007",
      "nonce": "N_AUTHOR_C03",
      "from": {
        "role": "Delegated Coordinator",
        "id": "delegated_coordinator_001"
      },
      "to": {
        "role": "Change Author",
        "id": "change_author_c03"
      },
      "summary": "Flowmap 02 C03 Change Author branch assignment",
      "related_class_b": [],
      "declared_files": [
        "CODEBASE_REPO:/home/hou16/workspace/AAU_MED_EM_ENSEMBLE_HEATMAP_STUDENT_ASSIGNMENT",
        "TRUNK_BRANCH:main",
        "CHANGE_BRANCH:change/A_FLOWMAP_02_007/C03-sample-uniform-sphere-mc"
      ],
      "class_c_message_path": ".strata/context/C/threads/thread_a_flowmap_02_007_c03_author/tm_a_flowmap_02_007_2026-06-13t12-23-55-804z.md",
      "context_export": {
        "markdown_path": "/home/hou16/sctl-live-test-A_LIVE_001/.strata/context/D_trace/dispatch_packets/A_FLOWMAP_02_007/change_author_c03/N_AUTHOR_C03/context_export/context.md",
        "source_index_path": "/home/hou16/sctl-live-test-A_LIVE_001/.strata/context/D_trace/dispatch_packets/A_FLOWMAP_02_007/change_author_c03/N_AUTHOR_C03/context_export/source_index.json",
        "manifest_path": "/home/hou16/sctl-live-test-A_LIVE_001/.strata/context/D_trace/dispatch_packets/A_FLOWMAP_02_007/change_author_c03/N_AUTHOR_C03/context_export/manifest.json",
        "source_count": 16,
        "include_classes": [
          "A",
          "B"
        ],
        "since_class_b_revision": null,
        "empty_context_valid": true
      },
      "runtime_delivery": "paste_only_deterministic_envelope_ready",
      "dispatch_to_git_is_primary_evidence": true,
      "chatbox_inspection_required": false,
      "session_policy": "disposable_by_default",
      "created_at": "2026-06-13T12:23:56.443Z",
      "markdown_sha256": "334e63d0b0b152fd6a63706daf0439fab64c119ed8ec41b7a1639574396d8a8e",
      "context_state": {
        "contract_id": "strata.context_state.v2_simplified_runtime",
        "context_epoch": 1,
        "current_context_epoch": 16,
        "context_revision": 16,
        "class_a_revision": 0,
        "class_b_revision": 16,
        "current_class_b_revision": 16,
        "class_b_updates_since_full_refresh": 16,
        "refresh_required": true,
        "refresh_reason": "Class B update count exceeded 10",
        "context_update_policy": "simple_revision_math",
        "created_at": "2026-06-12T09:06:58.999Z",
        "updated_at": "2026-06-13T12:23:51.601Z"
      }
    }
  },
  "errors": [],
  "evidence_paths": [
    "/home/hou16/sctl-live-test-A_LIVE_001/.strata/dispatch_outbox/A_FLOWMAP_02_007/change_author_c03/N_AUTHOR_C03/dispatch_packet.json",
    "/home/hou16/sctl-live-test-A_LIVE_001/.strata/dispatch_outbox/A_FLOWMAP_02_007/change_author_c03/N_AUTHOR_C03/dispatch_packet.md",
    "/home/hou16/sctl-live-test-A_LIVE_001/.strata/dispatch_outbox/A_FLOWMAP_02_007/change_author_c03/N_AUTHOR_C03/manifest.json",
    "/home/hou16/sctl-live-test-A_LIVE_001/.strata/context/D_trace/dispatch_packets/A_FLOWMAP_02_007/change_author_c03/N_AUTHOR_C03/dispatch_packet.json",
    "/home/hou16/sctl-live-test-A_LIVE_001/.strata/context/D_trace/dispatch_packets/A_FLOWMAP_02_007/change_author_c03/N_AUTHOR_C03/dispatch_packet.md",
    "/home/hou16/sctl-live-test-A_LIVE_001/.strata/context/D_trace/dispatch_packets/A_FLOWMAP_02_007/change_author_c03/N_AUTHOR_C03/manifest.json",
    "/home/hou16/sctl-live-test-A_LIVE_001/.strata/context/D_trace/dispatch_packets/A_FLOWMAP_02_007/change_author_c03/N_AUTHOR_C03/context_export/context.md",
    "/home/hou16/sctl-live-test-A_LIVE_001/.strata/context/D_trace/dispatch_packets/A_FLOWMAP_02_007/change_author_c03/N_AUTHOR_C03/context_export/source_index.json",
    "/home/hou16/sctl-live-test-A_LIVE_001/.strata/context/D_trace/dispatch_packets/A_FLOWMAP_02_007/change_author_c03/N_AUTHOR_C03/context_export/manifest.json",
    "/home/hou16/sctl-live-test-A_LIVE_001/.strata/context/D_trace/dispatch_log/a_flowmap_02_007_n_author_c03_change_author_c03.json",
    "/home/hou16/sctl-live-test-A_LIVE_001/.strata/context/D_trace/telemetry/workflow_telemetry.jsonl"
  ],
  "created_at": "2026-06-13T12:23:56.496Z"
}
STATUS[6 author dispatch render]=0
DIAG[cycle_03.6]=OBSERVED | /home/hou16/sctl-live-test-A_LIVE_001/.strata/context/D_trace/dispatch_packets/A_FLOWMAP_02_007/change_author_c03/N_AUTHOR_C03/dispatch_packet.md | Packet contains fixed envelope input and context export headline.

===== context export cycle_03/author_dispatch =====
+ node /mnt/c/Users/hou16/Downloads/Codex_CLI_agent\ fleet/_package_patch_v0_9_4_simplified_runtime/strata_sctl_kernel_components_1_3_4_package_v0_9_4_simplified_runtime/src/cli.js --workspace /home/hou16/sctl-live-test-A_LIVE_001 context export-markdown --include-classes A\,B --out /mnt/c/Users/hou16/Downloads/Codex_CLI_agent\ fleet/_package_patch_v0_9_4_simplified_runtime/strata_sctl_kernel_components_1_3_4_package_v0_9_4_simplified_runtime/_test_runs/flowmap02/run_20260613T121734Z/context_exports/cycle_03/author_dispatch
{
  "contract_id": "strata.sctl.result_envelope.v1",
  "tool_id": "sctl.context.export_markdown.v2",
  "ok": true,
  "result": {
    "out_dir": "/mnt/c/Users/hou16/Downloads/Codex_CLI_agent fleet/_package_patch_v0_9_4_simplified_runtime/strata_sctl_kernel_components_1_3_4_package_v0_9_4_simplified_runtime/_test_runs/flowmap02/run_20260613T121734Z/context_exports/cycle_03/author_dispatch",
    "markdown_path": "/mnt/c/Users/hou16/Downloads/Codex_CLI_agent fleet/_package_patch_v0_9_4_simplified_runtime/strata_sctl_kernel_components_1_3_4_package_v0_9_4_simplified_runtime/_test_runs/flowmap02/run_20260613T121734Z/context_exports/cycle_03/author_dispatch/context.md",
    "source_index_path": "/mnt/c/Users/hou16/Downloads/Codex_CLI_agent fleet/_package_patch_v0_9_4_simplified_runtime/strata_sctl_kernel_components_1_3_4_package_v0_9_4_simplified_runtime/_test_runs/flowmap02/run_20260613T121734Z/context_exports/cycle_03/author_dispatch/source_index.json",
    "manifest_path": "/mnt/c/Users/hou16/Downloads/Codex_CLI_agent fleet/_package_patch_v0_9_4_simplified_runtime/strata_sctl_kernel_components_1_3_4_package_v0_9_4_simplified_runtime/_test_runs/flowmap02/run_20260613T121734Z/context_exports/cycle_03/author_dispatch/manifest.json",
    "source_count": 16,
    "state": {
      "contract_id": "strata.context_state.v2_simplified_runtime",
      "context_epoch": 1,
      "current_context_epoch": 16,
      "context_revision": 16,
      "class_a_revision": 0,
      "class_b_revision": 16,
      "current_class_b_revision": 16,
      "class_b_updates_since_full_refresh": 16,
      "refresh_required": true,
      "refresh_reason": "Class B update count exceeded 10",
      "context_update_policy": "simple_revision_math",
      "created_at": "2026-06-12T09:06:58.999Z",
      "updated_at": "2026-06-13T12:23:51.601Z"
    },
    "include_classes": [
      "A",
      "B"
    ],
    "since_class_b_revision": null
  },
  "errors": [],
  "evidence_paths": [
    "/mnt/c/Users/hou16/Downloads/Codex_CLI_agent fleet/_package_patch_v0_9_4_simplified_runtime/strata_sctl_kernel_components_1_3_4_package_v0_9_4_simplified_runtime/_test_runs/flowmap02/run_20260613T121734Z/context_exports/cycle_03/author_dispatch/context.md",
    "/mnt/c/Users/hou16/Downloads/Codex_CLI_agent fleet/_package_patch_v0_9_4_simplified_runtime/strata_sctl_kernel_components_1_3_4_package_v0_9_4_simplified_runtime/_test_runs/flowmap02/run_20260613T121734Z/context_exports/cycle_03/author_dispatch/source_index.json",
    "/mnt/c/Users/hou16/Downloads/Codex_CLI_agent fleet/_package_patch_v0_9_4_simplified_runtime/strata_sctl_kernel_components_1_3_4_package_v0_9_4_simplified_runtime/_test_runs/flowmap02/run_20260613T121734Z/context_exports/cycle_03/author_dispatch/manifest.json"
  ],
  "created_at": "2026-06-13T12:23:56.835Z"
}
STATUS[context export cycle_03/author_dispatch]=0
FULL_CONTEXT_EXPORT[cycle_03/author_dispatch]=/mnt/c/Users/hou16/Downloads/Codex_CLI_agent fleet/_package_patch_v0_9_4_simplified_runtime/strata_sctl_kernel_components_1_3_4_package_v0_9_4_simplified_runtime/_test_runs/flowmap02/run_20260613T121734Z/context_exports/cycle_03/author_dispatch/context.md
DIAG[cycle_03.context_export.author_dispatch]=OBSERVED | /mnt/c/Users/hou16/Downloads/Codex_CLI_agent fleet/_package_patch_v0_9_4_simplified_runtime/strata_sctl_kernel_components_1_3_4_package_v0_9_4_simplified_runtime/_test_runs/flowmap02/run_20260613T121734Z/context_exports/cycle_03/author_dispatch/context.md | Standalone full context export written outside the pasted dispatch packet and outside the operational log body.

===== 7 author dispatch inject =====
+ bash -lc cd\ \"\$0\"\ \&\&\ \"\$@\" /home/hou16/sctl-live-test-A_LIVE_001 /mnt/c/Users/hou16/Downloads/Codex_CLI_agent\ fleet/_package_patch_v0_9_4_simplified_runtime/strata_sctl_kernel_components_1_3_4_package_v0_9_4_simplified_runtime/scripts/wsl_tmux/sctl-dispatch-inject --session TBD-CA-A_FLOWMAP_02_007-C03 --packet .strata/context/D_trace/dispatch_packets/A_FLOWMAP_02_007/change_author_c03/N_AUTHOR_C03/dispatch_packet.md --paste-delay 5
adapter_terminal_tab_status=tab_spawned session=TBD-CA-A_FLOWMAP_02_007-C03
{"ok":true,"session":"TBD-CA-A_FLOWMAP_02_007-C03","packet":".strata/context/D_trace/dispatch_packets/A_FLOWMAP_02_007/change_author_c03/N_AUTHOR_C03/dispatch_packet.md","enter_sent":1}
STATUS[7 author dispatch inject]=0
DIAG[cycle_03.7]=OBSERVED | TBD-CA-A_FLOWMAP_02_007-C03 injected | Change Author packet was injected through adapter using Git-backed packet path.

===== 8 author session capture =====
+ bash -lc cd\ \"\$0\"\ \&\&\ \"\$@\" /home/hou16/sctl-live-test-A_LIVE_001 /mnt/c/Users/hou16/Downloads/Codex_CLI_agent\ fleet/_package_patch_v0_9_4_simplified_runtime/strata_sctl_kernel_components_1_3_4_package_v0_9_4_simplified_runtime/scripts/wsl_tmux/sctl-session-capture --session TBD-CA-A_FLOWMAP_02_007-C03 --out .strata/evidence/session_captures/TBD-CA-A_FLOWMAP_02_007-C03.txt
{"ok":true,"session":"TBD-CA-A_FLOWMAP_02_007-C03","capture":".strata/evidence/session_captures/TBD-CA-A_FLOWMAP_02_007-C03.txt"}
STATUS[8 author session capture]=0
DIAG[cycle_03.8]=OBSERVED | TBD-CA-A_FLOWMAP_02_007-C03 capture attempted | Author session capture evidence was requested.

===== 9 wait for return =====
waiting up to 300s for /home/hou16/sctl-live-test-A_LIVE_001/.strata/returns/A_FLOWMAP_02_007/change_author_c03/packet.json
STATUS[9 wait for return]=0
DIAG[cycle_03.9.wait]=OBSERVED | /home/hou16/sctl-live-test-A_LIVE_001/.strata/returns/A_FLOWMAP_02_007/change_author_c03/packet.json | Worker return packet and operational report appeared without harness simulation.

===== 10 classify author return =====
+ node /mnt/c/Users/hou16/Downloads/Codex_CLI_agent\ fleet/_package_patch_v0_9_4_simplified_runtime/strata_sctl_kernel_components_1_3_4_package_v0_9_4_simplified_runtime/src/cli.js --workspace /home/hou16/sctl-live-test-A_LIVE_001 returns classify --packet .strata/returns/A_FLOWMAP_02_007/change_author_c03/packet.json
{
  "contract_id": "strata.sctl.result_envelope.v1",
  "tool_id": "sctl.returns.classify.v1",
  "ok": true,
  "result": {
    "classification": {
      "contract_id": "strata.worker_return_classification.v6_context_git",
      "classification_id": "wret_class_packet.json_2026-06-13T12-26-23-192Z",
      "packet_path": "/home/hou16/sctl-live-test-A_LIVE_001/.strata/returns/A_FLOWMAP_02_007/change_author_c03/packet.json",
      "packet_sha256": "d9cfc1de2bdd995aa6e9b3836553787bd5fc434439e77018acc9b5e830cf4326",
      "valid_packet": true,
      "errors": [],
      "return_id": "ret_A_FLOWMAP_02_007_change_author_c03_001",
      "assignment_id": "A_FLOWMAP_02_007",
      "agent_id": "change_author_c03",
      "role": "Change Author",
      "return_kind": "OPERATIONAL_REPORT_READY",
      "report_scope": "actionable_report",
      "class_b_authority": "git_tracked_files_only",
      "evidence_model": "evidence_in_report_body",
      "implementation_repository": "/home/hou16/workspace/AAU_MED_EM_ENSEMBLE_HEATMAP_STUDENT_ASSIGNMENT",
      "implementation_commit": "6ed3066a74c6efe1de97b3efb59aa35d254b5f31",
      "trunk_branch": "main",
      "short_lived_branch": "change/A_FLOWMAP_02_007/C03-sample-uniform-sphere-mc",
      "integration_mode": "short_lived_change_branch",
      "routing_decision": "OPERATIONAL_REPORT_READY_LEDGERED_NOT_CLASS_B",
      "class_b_entry_path": null,
      "class_b_record_path": null,
      "class_d_diagnostic_path": null,
      "coordination_thread_path": null,
      "ack_path": null,
      "report_ledger_path": "/home/hou16/sctl-live-test-A_LIVE_001/.strata/context/D_trace/return_ledgers/operational_report_ready_index.jsonl",
      "report_path": "/home/hou16/sctl-live-test-A_LIVE_001/.strata/returns/A_FLOWMAP_02_007/change_author_c03/operational_report.md",
      "error_dispatch": null,
      "created_at": "2026-06-13T12:26:23.192Z"
    },
    "classification_record_path": "/home/hou16/sctl-live-test-A_LIVE_001/.strata/context/D_trace/return_ledgers/wret_class_packet.json_2026-06-13T12-26-23-192Z.json"
  },
  "errors": [],
  "evidence_paths": [
    "/home/hou16/sctl-live-test-A_LIVE_001/.strata/context/D_trace/return_ledgers/wret_class_packet.json_2026-06-13T12-26-23-192Z.json",
    "/home/hou16/sctl-live-test-A_LIVE_001/.strata/context/D_trace/return_ledgers/operational_report_ready_index.jsonl",
    "/home/hou16/sctl-live-test-A_LIVE_001/.strata/context/D_trace/telemetry/workflow_telemetry.jsonl"
  ],
  "created_at": "2026-06-13T12:26:23.233Z"
}
STATUS[10 classify author return]=0
DIAG[cycle_03.10 classify author return]=OBSERVED | OPERATIONAL_REPORT_READY / OPERATIONAL_REPORT_READY_LEDGERED_NOT_CLASS_B | Return was ledgered, not automatically promoted to Class B.
DIAG[cycle_03.10 author return.impl_ref]=OBSERVED | repository=/home/hou16/workspace/AAU_MED_EM_ENSEMBLE_HEATMAP_STUDENT_ASSIGNMENT commit=6ed3066a74c6efe1de97b3efb59aa35d254b5f31 branch_head=6ed3066a74c6efe1de97b3efb59aa35d254b5f31 | Worker Return Packet implementation_repository and implementation_commit match the assigned Codebase Git branch head.

===== 11 classb commit author report =====
+ node /mnt/c/Users/hou16/Downloads/Codex_CLI_agent\ fleet/_package_patch_v0_9_4_simplified_runtime/strata_sctl_kernel_components_1_3_4_package_v0_9_4_simplified_runtime/src/cli.js --workspace /home/hou16/sctl-live-test-A_LIVE_001 classb commit --file .strata/context/B/b_a_flowmap_02_007_cycle_03_author_ready.md --message class\ B\ accept\ A_FLOWMAP_02_007\ C03\ author\ report
{
  "contract_id": "strata.sctl.result_envelope.v1",
  "tool_id": "sctl.classb.commit_file.v2",
  "ok": true,
  "result": {
    "file": "/home/hou16/sctl-live-test-A_LIVE_001/.strata/context/B/b_a_flowmap_02_007_cycle_03_author_ready.md",
    "sha256": "c2a1aa3ec9d2deaee4a6f468c4d5db5af519a26d26808f4e0afada23e36de4f3",
    "git": {
      "command": "git",
      "args": [
        "commit",
        "-m",
        "class B accept A_FLOWMAP_02_007 C03 author report"
      ],
      "cwd": "/home/hou16/sctl-live-test-A_LIVE_001/.strata/context",
      "status": 0,
      "signal": null,
      "stdout": "[master 2e53e82] class B accept A_FLOWMAP_02_007 C03 author report\n 3 files changed, 67 insertions(+), 6 deletions(-)\n create mode 100644 B/b_a_flowmap_02_007_cycle_03_author_ready.md\n",
      "stderr": "",
      "ok": true,
      "error": null,
      "commit": "2e53e82"
    },
    "state": {
      "contract_id": "strata.context_state.v2_simplified_runtime",
      "context_epoch": 1,
      "current_context_epoch": 17,
      "context_revision": 17,
      "class_a_revision": 0,
      "class_b_revision": 17,
      "current_class_b_revision": 17,
      "class_b_updates_since_full_refresh": 17,
      "refresh_required": true,
      "refresh_reason": "Class B update count exceeded 10",
      "context_update_policy": "simple_revision_math",
      "created_at": "2026-06-12T09:06:58.999Z",
      "updated_at": "2026-06-13T12:26:23.916Z"
    },
    "accepted_class_b_revision": 17
  },
  "errors": [],
  "evidence_paths": [
    "/home/hou16/sctl-live-test-A_LIVE_001/.strata/context/B/b_a_flowmap_02_007_cycle_03_author_ready.md",
    "/home/hou16/sctl-live-test-A_LIVE_001/.strata/context/D_trace/telemetry/workflow_telemetry.jsonl"
  ],
  "created_at": "2026-06-13T12:26:23.952Z"
}
STATUS[11 classb commit author report]=0
DIAG[cycle_03.11]=OBSERVED | Class B revision 16 -> 17 | Author report accepted into Class B and revision incremented exactly once.

===== 12 session new reviewer =====
+ env SCTL_RUNTIME_EDGE_ROOT=/mnt/c/Users/hou16/Downloads/Codex_CLI_agent\ fleet/strata_runtime_edge_launcher_delegate_component2_3_v0_9/strata_runtime_edge_launcher_delegate_component2_3_v0_9 /mnt/c/Users/hou16/Downloads/Codex_CLI_agent\ fleet/_package_patch_v0_9_4_simplified_runtime/strata_sctl_kernel_components_1_3_4_package_v0_9_4_simplified_runtime/scripts/wsl_tmux/sctl-session-new --workspace /home/hou16/sctl-live-test-A_LIVE_001 --assignment-id A_FLOWMAP_02_007 --role Code\ Reviewer\ /\ QC\ Engineer --id reviewer_c03 --session-name TBD-CR-A_FLOWMAP_02_007-C03 --session-mode disposable
{
  "contract_id": "strata.sctl.result_envelope.v1",
  "tool_id": "sctl.sessions.register.v1",
  "ok": true,
  "result": {
    "session": {
      "contract_id": "strata.class_c.active_session.v2_simplified_runtime",
      "role": "Code Reviewer / QC Engineer",
      "id": "reviewer_c03",
      "session_name": "TBD-CR-A_FLOWMAP_02_007-C03",
      "assignment_id": "A_FLOWMAP_02_007",
      "session_mode": "disposable",
      "loaded_context_epoch": 17,
      "loaded_class_a_revision": 0,
      "loaded_class_b_revision": 17,
      "status": "active",
      "delivery_mode": "paste_only_deterministic_envelope",
      "registered_at": "2026-06-13T12:26:24.871Z"
    },
    "file": "/home/hou16/sctl-live-test-A_LIVE_001/.strata/context/C/sessions/active_sessions.json",
    "git": {
      "command": "git",
      "args": [
        "commit",
        "-m",
        "session register A_FLOWMAP_02_007 reviewer_c03"
      ],
      "cwd": "/home/hou16/sctl-live-test-A_LIVE_001/.strata/context",
      "status": 0,
      "signal": null,
      "stdout": "[master b1bc20a] session register A_FLOWMAP_02_007 reviewer_c03\n 2 files changed, 16 insertions(+), 1 deletion(-)\n",
      "stderr": "",
      "ok": true,
      "error": null,
      "commit": "b1bc20a"
    }
  },
  "errors": [],
  "evidence_paths": [
    "/home/hou16/sctl-live-test-A_LIVE_001/.strata/context/C/sessions/active_sessions.json",
    "/home/hou16/sctl-live-test-A_LIVE_001/.strata/context/D_trace/telemetry/workflow_telemetry.jsonl"
  ],
  "created_at": "2026-06-13T12:26:24.900Z"
}
adapter_runtime_status=fleet_launched
STATUS[12 session new reviewer]=0

===== 12 align session name =====
+ tmux rename-session -t STRATA-CODE-REVIEWER-QC-ENGINEER-TBD-CR-A_FLOWMAP_02_007-C03-1 TBD-CR-A_FLOWMAP_02_007-C03
STATUS[12 align session name]=0
DIAG[cycle_03.12.session_target]=OBSERVED | STRATA-CODE-REVIEWER-QC-ENGINEER-TBD-CR-A_FLOWMAP_02_007-C03-1 renamed to TBD-CR-A_FLOWMAP_02_007-C03 | Launcher created a role-prefixed name; harness aligned it to registered session_name.
DIAG[cycle_03.12]=OBSERVED | reviewer_c03 active disposable | Fresh reviewer session for C03 was recorded in SCTL Git.
DIAG[cycle_03.13.work_order]=OBSERVED | /home/hou16/sctl-live-test-A_LIVE_001/.strata/work_orders/A_FLOWMAP_02_007/cycle_03/reviewer_work_order.md | Reviewer envelope body was materialized from /mnt/c/Users/hou16/Downloads/Envelope Template.txt and run-specific values.

===== 13 review message send =====
+ node /mnt/c/Users/hou16/Downloads/Codex_CLI_agent\ fleet/_package_patch_v0_9_4_simplified_runtime/strata_sctl_kernel_components_1_3_4_package_v0_9_4_simplified_runtime/src/cli.js --workspace /home/hou16/sctl-live-test-A_LIVE_001 message send --assignment-id A_FLOWMAP_02_007 --thread-id THREAD_A_FLOWMAP_02_007_C03_REVIEW --from-role Delegated\ Coordinator --from-id delegated_coordinator_001 --to-role Code\ Reviewer\ /\ QC\ Engineer --to-id reviewer_c03 --message-kind qc_review_request --related-class-b .strata/context/B/b_a_flowmap_02_007_cycle_03_author_ready.md --requested-handling Review\ the\ codebase\ branch\,\ the\ Change\ Author\ report\,\ and\ available\ CI/test\ evidence.\ Return\ approved\,\ denied\,\ or\ blocked. --body-file /home/hou16/sctl-live-test-A_LIVE_001/.strata/work_orders/A_FLOWMAP_02_007/cycle_03/reviewer_work_order.md
{
  "contract_id": "strata.sctl.result_envelope.v1",
  "tool_id": "sctl.message.send.v1",
  "ok": true,
  "result": {
    "file": "/home/hou16/sctl-live-test-A_LIVE_001/.strata/context/C/threads/thread_a_flowmap_02_007_c03_review/tm_a_flowmap_02_007_2026-06-13t12-26-25-671z.md",
    "message_id": "TM_A_FLOWMAP_02_007_2026-06-13T12-26-25-671Z",
    "thread_id": "THREAD_A_FLOWMAP_02_007_C03_REVIEW",
    "assignment_id": "A_FLOWMAP_02_007",
    "related_class_b": [
      ".strata/context/B/b_a_flowmap_02_007_cycle_03_author_ready.md"
    ],
    "git": {
      "command": "git",
      "args": [
        "commit",
        "-m",
        "team message A_FLOWMAP_02_007 qc_review_request delegated_coordinator_001 -> reviewer_c03"
      ],
      "cwd": "/home/hou16/sctl-live-test-A_LIVE_001/.strata/context",
      "status": 0,
      "signal": null,
      "stdout": "[master 91131bc] team message A_FLOWMAP_02_007 qc_review_request delegated_coordinator_001 -> reviewer_c03\n 2 files changed, 83 insertions(+)\n create mode 100644 C/threads/thread_a_flowmap_02_007_c03_review/tm_a_flowmap_02_007_2026-06-13t12-26-25-671z.md\n",
      "stderr": "",
      "ok": true,
      "error": null,
      "commit": "91131bc"
    }
  },
  "errors": [],
  "evidence_paths": [
    "/home/hou16/sctl-live-test-A_LIVE_001/.strata/context/C/threads/thread_a_flowmap_02_007_c03_review/tm_a_flowmap_02_007_2026-06-13t12-26-25-671z.md",
    "/home/hou16/sctl-live-test-A_LIVE_001/.strata/context/D_trace/telemetry/workflow_telemetry.jsonl"
  ],
  "created_at": "2026-06-13T12:26:25.707Z"
}
STATUS[13 review message send]=0

===== 13 review message validate =====
+ node /mnt/c/Users/hou16/Downloads/Codex_CLI_agent\ fleet/_package_patch_v0_9_4_simplified_runtime/strata_sctl_kernel_components_1_3_4_package_v0_9_4_simplified_runtime/src/cli.js --workspace /home/hou16/sctl-live-test-A_LIVE_001 message validate --file /home/hou16/sctl-live-test-A_LIVE_001/.strata/context/C/threads/thread_a_flowmap_02_007_c03_review/tm_a_flowmap_02_007_2026-06-13t12-26-25-671z.md
{
  "contract_id": "strata.sctl.result_envelope.v1",
  "tool_id": "sctl.message.validate.v1",
  "ok": true,
  "result": {
    "file": "/home/hou16/sctl-live-test-A_LIVE_001/.strata/context/C/threads/thread_a_flowmap_02_007_c03_review/tm_a_flowmap_02_007_2026-06-13t12-26-25-671z.md",
    "sha256": "2026452e18cd25706602249be87dfe9b5a2e5df0fb596167732c4025727454a2"
  },
  "errors": [],
  "evidence_paths": [
    "/home/hou16/sctl-live-test-A_LIVE_001/.strata/context/C/threads/thread_a_flowmap_02_007_c03_review/tm_a_flowmap_02_007_2026-06-13t12-26-25-671z.md"
  ],
  "created_at": "2026-06-13T12:26:25.947Z"
}
STATUS[13 review message validate]=0
DIAG[cycle_03.13]=OBSERVED | /home/hou16/sctl-live-test-A_LIVE_001/.strata/context/C/threads/thread_a_flowmap_02_007_c03_review/tm_a_flowmap_02_007_2026-06-13t12-26-25-671z.md | Review envelope input artifact exists and validates.

===== 14 review dispatch render =====
+ /mnt/c/Users/hou16/Downloads/Codex_CLI_agent\ fleet/_package_patch_v0_9_4_simplified_runtime/strata_sctl_kernel_components_1_3_4_package_v0_9_4_simplified_runtime/scripts/wsl_tmux/sctl-dispatch-render --workspace /home/hou16/sctl-live-test-A_LIVE_001 --assignment-id A_FLOWMAP_02_007 --nonce N_REVIEW_C03 --from-role Delegated\ Coordinator --from-id delegated_coordinator_001 --target-role Code\ Reviewer\ /\ QC\ Engineer --target-id reviewer_c03 --summary Flowmap\ 02\ C03\ code\ review\ request --message-file /home/hou16/sctl-live-test-A_LIVE_001/.strata/context/C/threads/thread_a_flowmap_02_007_c03_review/tm_a_flowmap_02_007_2026-06-13t12-26-25-671z.md --declared-file CODEBASE_REPO:/home/hou16/workspace/AAU_MED_EM_ENSEMBLE_HEATMAP_STUDENT_ASSIGNMENT --declared-file TRUNK_BRANCH:main --declared-file CHANGE_BRANCH:change/A_FLOWMAP_02_007/C03-sample-uniform-sphere-mc
{
  "contract_id": "strata.sctl.result_envelope.v1",
  "tool_id": "sctl.dispatch.record.v2",
  "ok": true,
  "result": {
    "outbox": {
      "dir": "/home/hou16/sctl-live-test-A_LIVE_001/.strata/dispatch_outbox/A_FLOWMAP_02_007/reviewer_c03/N_REVIEW_C03",
      "packetJsonPath": "/home/hou16/sctl-live-test-A_LIVE_001/.strata/dispatch_outbox/A_FLOWMAP_02_007/reviewer_c03/N_REVIEW_C03/dispatch_packet.json",
      "packetMdPath": "/home/hou16/sctl-live-test-A_LIVE_001/.strata/dispatch_outbox/A_FLOWMAP_02_007/reviewer_c03/N_REVIEW_C03/dispatch_packet.md",
      "manifestPath": "/home/hou16/sctl-live-test-A_LIVE_001/.strata/dispatch_outbox/A_FLOWMAP_02_007/reviewer_c03/N_REVIEW_C03/manifest.json"
    },
    "git_snapshot": {
      "dir": "/home/hou16/sctl-live-test-A_LIVE_001/.strata/context/D_trace/dispatch_packets/A_FLOWMAP_02_007/reviewer_c03/N_REVIEW_C03",
      "packetJsonPath": "/home/hou16/sctl-live-test-A_LIVE_001/.strata/context/D_trace/dispatch_packets/A_FLOWMAP_02_007/reviewer_c03/N_REVIEW_C03/dispatch_packet.json",
      "packetMdPath": "/home/hou16/sctl-live-test-A_LIVE_001/.strata/context/D_trace/dispatch_packets/A_FLOWMAP_02_007/reviewer_c03/N_REVIEW_C03/dispatch_packet.md",
      "manifestPath": "/home/hou16/sctl-live-test-A_LIVE_001/.strata/context/D_trace/dispatch_packets/A_FLOWMAP_02_007/reviewer_c03/N_REVIEW_C03/manifest.json"
    },
    "dispatch_log_path": "/home/hou16/sctl-live-test-A_LIVE_001/.strata/context/D_trace/dispatch_log/a_flowmap_02_007_n_review_c03_reviewer_c03.json",
    "notice_count": 0,
    "git": {
      "command": "git",
      "args": [
        "commit",
        "-m",
        "dispatch record A_FLOWMAP_02_007 N_REVIEW_C03"
      ],
      "cwd": "/home/hou16/sctl-live-test-A_LIVE_001/.strata/context",
      "status": 0,
      "signal": null,
      "stdout": "[master 218a1b9] dispatch record A_FLOWMAP_02_007 N_REVIEW_C03\n 8 files changed, 2374 insertions(+)\n create mode 100644 D_trace/dispatch_log/a_flowmap_02_007_n_review_c03_reviewer_c03.json\n create mode 100644 D_trace/dispatch_packets/A_FLOWMAP_02_007/reviewer_c03/N_REVIEW_C03/context_export/context.md\n create mode 100644 D_trace/dispatch_packets/A_FLOWMAP_02_007/reviewer_c03/N_REVIEW_C03/context_export/manifest.json\n create mode 100644 D_trace/dispatch_packets/A_FLOWMAP_02_007/reviewer_c03/N_REVIEW_C03/context_export/source_index.json\n create mode 100644 D_trace/dispatch_packets/A_FLOWMAP_02_007/reviewer_c03/N_REVIEW_C03/dispatch_packet.json\n create mode 100644 D_trace/dispatch_packets/A_FLOWMAP_02_007/reviewer_c03/N_REVIEW_C03/dispatch_packet.md\n create mode 100644 D_trace/dispatch_packets/A_FLOWMAP_02_007/reviewer_c03/N_REVIEW_C03/manifest.json\n",
      "stderr": "",
      "ok": true,
      "error": null,
      "commit": "218a1b9"
    },
    "packet": {
      "contract_id": "strata.dispatch.packet.v2_deterministic_context_export",
      "dispatch_format": "deterministic_class_c_plus_context_export_v1",
      "dispatch_kind": "DETERMINISTIC_CLASS_C_CONTEXT",
      "assignment_id": "A_FLOWMAP_02_007",
      "nonce": "N_REVIEW_C03",
      "from": {
        "role": "Delegated Coordinator",
        "id": "delegated_coordinator_001"
      },
      "to": {
        "role": "Code Reviewer / QC Engineer",
        "id": "reviewer_c03"
      },
      "summary": "Flowmap 02 C03 code review request",
      "related_class_b": [],
      "declared_files": [
        "CODEBASE_REPO:/home/hou16/workspace/AAU_MED_EM_ENSEMBLE_HEATMAP_STUDENT_ASSIGNMENT",
        "TRUNK_BRANCH:main",
        "CHANGE_BRANCH:change/A_FLOWMAP_02_007/C03-sample-uniform-sphere-mc"
      ],
      "class_c_message_path": ".strata/context/C/threads/thread_a_flowmap_02_007_c03_review/tm_a_flowmap_02_007_2026-06-13t12-26-25-671z.md",
      "context_export": {
        "markdown_path": "/home/hou16/sctl-live-test-A_LIVE_001/.strata/context/D_trace/dispatch_packets/A_FLOWMAP_02_007/reviewer_c03/N_REVIEW_C03/context_export/context.md",
        "source_index_path": "/home/hou16/sctl-live-test-A_LIVE_001/.strata/context/D_trace/dispatch_packets/A_FLOWMAP_02_007/reviewer_c03/N_REVIEW_C03/context_export/source_index.json",
        "manifest_path": "/home/hou16/sctl-live-test-A_LIVE_001/.strata/context/D_trace/dispatch_packets/A_FLOWMAP_02_007/reviewer_c03/N_REVIEW_C03/context_export/manifest.json",
        "source_count": 17,
        "include_classes": [
          "A",
          "B"
        ],
        "since_class_b_revision": null,
        "empty_context_valid": true
      },
      "runtime_delivery": "paste_only_deterministic_envelope_ready",
      "dispatch_to_git_is_primary_evidence": true,
      "chatbox_inspection_required": false,
      "session_policy": "disposable_by_default",
      "created_at": "2026-06-13T12:26:26.315Z",
      "markdown_sha256": "fbb0831ace9db1e995b2dfdd289d44853f26b760225afb71cc1d8143d69b01ea",
      "context_state": {
        "contract_id": "strata.context_state.v2_simplified_runtime",
        "context_epoch": 1,
        "current_context_epoch": 17,
        "context_revision": 17,
        "class_a_revision": 0,
        "class_b_revision": 17,
        "current_class_b_revision": 17,
        "class_b_updates_since_full_refresh": 17,
        "refresh_required": true,
        "refresh_reason": "Class B update count exceeded 10",
        "context_update_policy": "simple_revision_math",
        "created_at": "2026-06-12T09:06:58.999Z",
        "updated_at": "2026-06-13T12:26:23.916Z"
      }
    }
  },
  "errors": [],
  "evidence_paths": [
    "/home/hou16/sctl-live-test-A_LIVE_001/.strata/dispatch_outbox/A_FLOWMAP_02_007/reviewer_c03/N_REVIEW_C03/dispatch_packet.json",
    "/home/hou16/sctl-live-test-A_LIVE_001/.strata/dispatch_outbox/A_FLOWMAP_02_007/reviewer_c03/N_REVIEW_C03/dispatch_packet.md",
    "/home/hou16/sctl-live-test-A_LIVE_001/.strata/dispatch_outbox/A_FLOWMAP_02_007/reviewer_c03/N_REVIEW_C03/manifest.json",
    "/home/hou16/sctl-live-test-A_LIVE_001/.strata/context/D_trace/dispatch_packets/A_FLOWMAP_02_007/reviewer_c03/N_REVIEW_C03/dispatch_packet.json",
    "/home/hou16/sctl-live-test-A_LIVE_001/.strata/context/D_trace/dispatch_packets/A_FLOWMAP_02_007/reviewer_c03/N_REVIEW_C03/dispatch_packet.md",
    "/home/hou16/sctl-live-test-A_LIVE_001/.strata/context/D_trace/dispatch_packets/A_FLOWMAP_02_007/reviewer_c03/N_REVIEW_C03/manifest.json",
    "/home/hou16/sctl-live-test-A_LIVE_001/.strata/context/D_trace/dispatch_packets/A_FLOWMAP_02_007/reviewer_c03/N_REVIEW_C03/context_export/context.md",
    "/home/hou16/sctl-live-test-A_LIVE_001/.strata/context/D_trace/dispatch_packets/A_FLOWMAP_02_007/reviewer_c03/N_REVIEW_C03/context_export/source_index.json",
    "/home/hou16/sctl-live-test-A_LIVE_001/.strata/context/D_trace/dispatch_packets/A_FLOWMAP_02_007/reviewer_c03/N_REVIEW_C03/context_export/manifest.json",
    "/home/hou16/sctl-live-test-A_LIVE_001/.strata/context/D_trace/dispatch_log/a_flowmap_02_007_n_review_c03_reviewer_c03.json",
    "/home/hou16/sctl-live-test-A_LIVE_001/.strata/context/D_trace/telemetry/workflow_telemetry.jsonl"
  ],
  "created_at": "2026-06-13T12:26:26.377Z"
}
STATUS[14 review dispatch render]=0
DIAG[cycle_03.14]=OBSERVED | /home/hou16/sctl-live-test-A_LIVE_001/.strata/context/D_trace/dispatch_packets/A_FLOWMAP_02_007/reviewer_c03/N_REVIEW_C03/dispatch_packet.md | Packet contains fixed envelope input and context export headline.

===== context export cycle_03/reviewer_dispatch =====
+ node /mnt/c/Users/hou16/Downloads/Codex_CLI_agent\ fleet/_package_patch_v0_9_4_simplified_runtime/strata_sctl_kernel_components_1_3_4_package_v0_9_4_simplified_runtime/src/cli.js --workspace /home/hou16/sctl-live-test-A_LIVE_001 context export-markdown --include-classes A\,B --out /mnt/c/Users/hou16/Downloads/Codex_CLI_agent\ fleet/_package_patch_v0_9_4_simplified_runtime/strata_sctl_kernel_components_1_3_4_package_v0_9_4_simplified_runtime/_test_runs/flowmap02/run_20260613T121734Z/context_exports/cycle_03/reviewer_dispatch
{
  "contract_id": "strata.sctl.result_envelope.v1",
  "tool_id": "sctl.context.export_markdown.v2",
  "ok": true,
  "result": {
    "out_dir": "/mnt/c/Users/hou16/Downloads/Codex_CLI_agent fleet/_package_patch_v0_9_4_simplified_runtime/strata_sctl_kernel_components_1_3_4_package_v0_9_4_simplified_runtime/_test_runs/flowmap02/run_20260613T121734Z/context_exports/cycle_03/reviewer_dispatch",
    "markdown_path": "/mnt/c/Users/hou16/Downloads/Codex_CLI_agent fleet/_package_patch_v0_9_4_simplified_runtime/strata_sctl_kernel_components_1_3_4_package_v0_9_4_simplified_runtime/_test_runs/flowmap02/run_20260613T121734Z/context_exports/cycle_03/reviewer_dispatch/context.md",
    "source_index_path": "/mnt/c/Users/hou16/Downloads/Codex_CLI_agent fleet/_package_patch_v0_9_4_simplified_runtime/strata_sctl_kernel_components_1_3_4_package_v0_9_4_simplified_runtime/_test_runs/flowmap02/run_20260613T121734Z/context_exports/cycle_03/reviewer_dispatch/source_index.json",
    "manifest_path": "/mnt/c/Users/hou16/Downloads/Codex_CLI_agent fleet/_package_patch_v0_9_4_simplified_runtime/strata_sctl_kernel_components_1_3_4_package_v0_9_4_simplified_runtime/_test_runs/flowmap02/run_20260613T121734Z/context_exports/cycle_03/reviewer_dispatch/manifest.json",
    "source_count": 17,
    "state": {
      "contract_id": "strata.context_state.v2_simplified_runtime",
      "context_epoch": 1,
      "current_context_epoch": 17,
      "context_revision": 17,
      "class_a_revision": 0,
      "class_b_revision": 17,
      "current_class_b_revision": 17,
      "class_b_updates_since_full_refresh": 17,
      "refresh_required": true,
      "refresh_reason": "Class B update count exceeded 10",
      "context_update_policy": "simple_revision_math",
      "created_at": "2026-06-12T09:06:58.999Z",
      "updated_at": "2026-06-13T12:26:23.916Z"
    },
    "include_classes": [
      "A",
      "B"
    ],
    "since_class_b_revision": null
  },
  "errors": [],
  "evidence_paths": [
    "/mnt/c/Users/hou16/Downloads/Codex_CLI_agent fleet/_package_patch_v0_9_4_simplified_runtime/strata_sctl_kernel_components_1_3_4_package_v0_9_4_simplified_runtime/_test_runs/flowmap02/run_20260613T121734Z/context_exports/cycle_03/reviewer_dispatch/context.md",
    "/mnt/c/Users/hou16/Downloads/Codex_CLI_agent fleet/_package_patch_v0_9_4_simplified_runtime/strata_sctl_kernel_components_1_3_4_package_v0_9_4_simplified_runtime/_test_runs/flowmap02/run_20260613T121734Z/context_exports/cycle_03/reviewer_dispatch/source_index.json",
    "/mnt/c/Users/hou16/Downloads/Codex_CLI_agent fleet/_package_patch_v0_9_4_simplified_runtime/strata_sctl_kernel_components_1_3_4_package_v0_9_4_simplified_runtime/_test_runs/flowmap02/run_20260613T121734Z/context_exports/cycle_03/reviewer_dispatch/manifest.json"
  ],
  "created_at": "2026-06-13T12:26:26.712Z"
}
STATUS[context export cycle_03/reviewer_dispatch]=0
FULL_CONTEXT_EXPORT[cycle_03/reviewer_dispatch]=/mnt/c/Users/hou16/Downloads/Codex_CLI_agent fleet/_package_patch_v0_9_4_simplified_runtime/strata_sctl_kernel_components_1_3_4_package_v0_9_4_simplified_runtime/_test_runs/flowmap02/run_20260613T121734Z/context_exports/cycle_03/reviewer_dispatch/context.md
DIAG[cycle_03.context_export.reviewer_dispatch]=OBSERVED | /mnt/c/Users/hou16/Downloads/Codex_CLI_agent fleet/_package_patch_v0_9_4_simplified_runtime/strata_sctl_kernel_components_1_3_4_package_v0_9_4_simplified_runtime/_test_runs/flowmap02/run_20260613T121734Z/context_exports/cycle_03/reviewer_dispatch/context.md | Standalone full context export written outside the pasted dispatch packet and outside the operational log body.

===== 15 reviewer dispatch inject =====
+ bash -lc cd\ \"\$0\"\ \&\&\ \"\$@\" /home/hou16/sctl-live-test-A_LIVE_001 /mnt/c/Users/hou16/Downloads/Codex_CLI_agent\ fleet/_package_patch_v0_9_4_simplified_runtime/strata_sctl_kernel_components_1_3_4_package_v0_9_4_simplified_runtime/scripts/wsl_tmux/sctl-dispatch-inject --session TBD-CR-A_FLOWMAP_02_007-C03 --packet .strata/context/D_trace/dispatch_packets/A_FLOWMAP_02_007/reviewer_c03/N_REVIEW_C03/dispatch_packet.md --paste-delay 5
adapter_terminal_tab_status=tab_spawned session=TBD-CR-A_FLOWMAP_02_007-C03
{"ok":true,"session":"TBD-CR-A_FLOWMAP_02_007-C03","packet":".strata/context/D_trace/dispatch_packets/A_FLOWMAP_02_007/reviewer_c03/N_REVIEW_C03/dispatch_packet.md","enter_sent":1}
STATUS[15 reviewer dispatch inject]=0
DIAG[cycle_03.15]=OBSERVED | TBD-CR-A_FLOWMAP_02_007-C03 injected | Reviewer packet was injected through adapter.

===== 16 reviewer session capture =====
+ bash -lc cd\ \"\$0\"\ \&\&\ \"\$@\" /home/hou16/sctl-live-test-A_LIVE_001 /mnt/c/Users/hou16/Downloads/Codex_CLI_agent\ fleet/_package_patch_v0_9_4_simplified_runtime/strata_sctl_kernel_components_1_3_4_package_v0_9_4_simplified_runtime/scripts/wsl_tmux/sctl-session-capture --session TBD-CR-A_FLOWMAP_02_007-C03 --out .strata/evidence/session_captures/TBD-CR-A_FLOWMAP_02_007-C03.txt
{"ok":true,"session":"TBD-CR-A_FLOWMAP_02_007-C03","capture":".strata/evidence/session_captures/TBD-CR-A_FLOWMAP_02_007-C03.txt"}
STATUS[16 reviewer session capture]=0
DIAG[cycle_03.16]=OBSERVED | TBD-CR-A_FLOWMAP_02_007-C03 capture attempted | Reviewer session capture evidence was requested.

===== 17 wait for return =====
waiting up to 300s for /home/hou16/sctl-live-test-A_LIVE_001/.strata/returns/A_FLOWMAP_02_007/reviewer_c03/packet.json
STATUS[17 wait for return]=0
DIAG[cycle_03.17.wait]=OBSERVED | /home/hou16/sctl-live-test-A_LIVE_001/.strata/returns/A_FLOWMAP_02_007/reviewer_c03/packet.json | Worker return packet and operational report appeared without harness simulation.

===== 17 classify reviewer return =====
+ node /mnt/c/Users/hou16/Downloads/Codex_CLI_agent\ fleet/_package_patch_v0_9_4_simplified_runtime/strata_sctl_kernel_components_1_3_4_package_v0_9_4_simplified_runtime/src/cli.js --workspace /home/hou16/sctl-live-test-A_LIVE_001 returns classify --packet .strata/returns/A_FLOWMAP_02_007/reviewer_c03/packet.json
{
  "contract_id": "strata.sctl.result_envelope.v1",
  "tool_id": "sctl.returns.classify.v1",
  "ok": true,
  "result": {
    "classification": {
      "contract_id": "strata.worker_return_classification.v6_context_git",
      "classification_id": "wret_class_packet.json_2026-06-13T12-27-23-110Z",
      "packet_path": "/home/hou16/sctl-live-test-A_LIVE_001/.strata/returns/A_FLOWMAP_02_007/reviewer_c03/packet.json",
      "packet_sha256": "2d6c77bca6367b52a42713b2f3501a8a7a44761754263965f5a63d4bf6e4867a",
      "valid_packet": true,
      "errors": [],
      "return_id": "ret_A_FLOWMAP_02_007_reviewer_c03_001",
      "assignment_id": "A_FLOWMAP_02_007",
      "agent_id": "reviewer_c03",
      "role": "Code Reviewer / QC Engineer",
      "return_kind": "OPERATIONAL_REPORT_READY",
      "report_scope": "actionable_report",
      "class_b_authority": "git_tracked_files_only",
      "evidence_model": "evidence_in_report_body",
      "implementation_repository": "/home/hou16/workspace/AAU_MED_EM_ENSEMBLE_HEATMAP_STUDENT_ASSIGNMENT",
      "implementation_commit": "6ed3066a74c6efe1de97b3efb59aa35d254b5f31",
      "trunk_branch": "main",
      "short_lived_branch": "change/A_FLOWMAP_02_007/C03-sample-uniform-sphere-mc",
      "integration_mode": "short_lived_change_branch",
      "routing_decision": "OPERATIONAL_REPORT_READY_LEDGERED_NOT_CLASS_B",
      "class_b_entry_path": null,
      "class_b_record_path": null,
      "class_d_diagnostic_path": null,
      "coordination_thread_path": null,
      "ack_path": null,
      "report_ledger_path": "/home/hou16/sctl-live-test-A_LIVE_001/.strata/context/D_trace/return_ledgers/operational_report_ready_index.jsonl",
      "report_path": "/home/hou16/sctl-live-test-A_LIVE_001/.strata/returns/A_FLOWMAP_02_007/reviewer_c03/operational_report.md",
      "error_dispatch": null,
      "created_at": "2026-06-13T12:27:23.110Z"
    },
    "classification_record_path": "/home/hou16/sctl-live-test-A_LIVE_001/.strata/context/D_trace/return_ledgers/wret_class_packet.json_2026-06-13T12-27-23-110Z.json"
  },
  "errors": [],
  "evidence_paths": [
    "/home/hou16/sctl-live-test-A_LIVE_001/.strata/context/D_trace/return_ledgers/wret_class_packet.json_2026-06-13T12-27-23-110Z.json",
    "/home/hou16/sctl-live-test-A_LIVE_001/.strata/context/D_trace/return_ledgers/operational_report_ready_index.jsonl",
    "/home/hou16/sctl-live-test-A_LIVE_001/.strata/context/D_trace/telemetry/workflow_telemetry.jsonl"
  ],
  "created_at": "2026-06-13T12:27:23.149Z"
}
STATUS[17 classify reviewer return]=0
DIAG[cycle_03.17 classify reviewer return]=OBSERVED | OPERATIONAL_REPORT_READY / OPERATIONAL_REPORT_READY_LEDGERED_NOT_CLASS_B | Return was ledgered, not automatically promoted to Class B.
DIAG[cycle_03.17 reviewer return.impl_ref]=OBSERVED | repository=/home/hou16/workspace/AAU_MED_EM_ENSEMBLE_HEATMAP_STUDENT_ASSIGNMENT commit=6ed3066a74c6efe1de97b3efb59aa35d254b5f31 branch_head=6ed3066a74c6efe1de97b3efb59aa35d254b5f31 | Worker Return Packet implementation_repository and implementation_commit match the assigned Codebase Git branch head.
DIAG[cycle_03.17.review_result]=OBSERVED | approved | Reviewer recommendation is available for CI/merge gate.
DIAG[cycle_03.18A.authority]=OBSERVED | delegated_coordinator_001 | Current live-test policy delegates authorized merge operator authority to the Delegated Coordinator after reviewer approval and green CI.

===== 18A ci local checks =====
+ bash -lc $'\n    set -o pipefail\n    repo="$1"; branch="$2"; shift 2\n    cd "$repo"\n    git switch "$branch" >/dev/null\n    status=0\n    for cmd in "$@"; do printf "+ %s\\n" "$cmd"; bash -lc "$cmd" || status=$?; done\n    exit "$status"\n  ' _ /home/hou16/workspace/AAU_MED_EM_ENSEMBLE_HEATMAP_STUDENT_ASSIGNMENT change/A_FLOWMAP_02_007/C03-sample-uniform-sphere-mc python3\ -m\ py_compile\ code/ensemble_core.py python3\ -c\ \"import\ sys\,\ numpy\ as\ np\;\ sys.path.insert\(0\,\ \'code\'\)\;\ from\ ensemble_core\ import\ sample_uniform_sphere\;\ pts=sample_uniform_sphere\(200\,\ 3.0\,\ 123\,\ recenter=False\)\;\ assert\ pts.shape\ ==\ \(200\,\ 3\)\,\ pts.shape\;\ assert\ np.all\(np.linalg.norm\(pts\,\ axis=1\)\ \<=\ 3.0\ +\ 1e-12\)\;\ print\(\'sample_uniform_sphere\ smoke\ passed\'\)\"
Already on 'change/A_FLOWMAP_02_007/C03-sample-uniform-sphere-mc'
+ python3 -m py_compile code/ensemble_core.py
+ python3 -c "import sys, numpy as np; sys.path.insert(0, 'code'); from ensemble_core import sample_uniform_sphere; pts=sample_uniform_sphere(200, 3.0, 123, recenter=False); assert pts.shape == (200, 3), pts.shape; assert np.all(np.linalg.norm(pts, axis=1) <= 3.0 + 1e-12); print('sample_uniform_sphere smoke passed')"
sample_uniform_sphere smoke passed
STATUS[18A ci local checks]=0
DIAG[cycle_03.18A.ci]=OBSERVED | /mnt/c/Users/hou16/Downloads/Codex_CLI_agent fleet/_package_patch_v0_9_4_simplified_runtime/strata_sctl_kernel_components_1_3_4_package_v0_9_4_simplified_runtime/_test_runs/flowmap02/run_20260613T121734Z/A_FLOWMAP_02_007_C03_ci.log | Declared validation commands were executed before merge.

===== 18A merge ff only =====
+ bash -lc cd\ \"\$0\"\ \&\&\ git\ switch\ \"\$1\"\ \&\&\ git\ merge\ --ff-only\ \"\$2\"\ \&\&\ git\ status\ --short /home/hou16/workspace/AAU_MED_EM_ENSEMBLE_HEATMAP_STUDENT_ASSIGNMENT main change/A_FLOWMAP_02_007/C03-sample-uniform-sphere-mc
Switched to branch 'main'
Updating c0d1e79..6ed3066
Fast-forward
 code/ensemble_core.py | 31 ++++++++++++++++++-------------
 1 file changed, 18 insertions(+), 13 deletions(-)
STATUS[18A merge ff only]=0
DIAG[cycle_03.18A.merge]=OBSERVED | change/A_FLOWMAP_02_007/C03-sample-uniform-sphere-mc -> main | Authorized merge operator completed the merge after review approval and CI/checks.

===== 19 final outcome classb put =====
+ node /mnt/c/Users/hou16/Downloads/Codex_CLI_agent\ fleet/_package_patch_v0_9_4_simplified_runtime/strata_sctl_kernel_components_1_3_4_package_v0_9_4_simplified_runtime/src/cli.js --workspace /home/hou16/sctl-live-test-A_LIVE_001 classb put --id B_A_FLOWMAP_02_007_C03_MERGE_OUTCOME --title A_FLOWMAP_02_007\ C03\ approved\ outcome --assignment-id A_FLOWMAP_02_007 --agent-id delegated_coordinator_001 --role Delegated\ Coordinator --scope review_outcome --summary Cycle\ C03\ reviewer\ outcome:\ approved\;\ final\ integration\ outcome:\ approved. --progress-delta Flowmap\ 02\ routed\ delegated\ coordinator\ intent\ through\ disposable\ author\ and\ reviewer\ sessions\ for\ C03. --trunk-integration Codebase\ repo:\ /home/hou16/workspace/AAU_MED_EM_ENSEMBLE_HEATMAP_STUDENT_ASSIGNMENT\;\ trunk:\ main\;\ branch:\ change/A_FLOWMAP_02_007/C03-sample-uniform-sphere-mc\;\ merge\ setting:\ 1\;\ merge\ result:\ merged\;\ authorized\ merge\ operator:\ Delegated\ Coordinator\ \(delegated_coordinator_001\)\ for\ current\ live\ tests. --verification Reviewer\ return\ classified.\ CI\ result:\ passed.\ CI\ log\ path:\ /mnt/c/Users/hou16/Downloads/Codex_CLI_agent\ fleet/_package_patch_v0_9_4_simplified_runtime/strata_sctl_kernel_components_1_3_4_package_v0_9_4_simplified_runtime/_test_runs/flowmap02/run_20260613T121734Z/A_FLOWMAP_02_007_C03_ci.log. --evidence-detail Author\ packet:\ .strata/context/D_trace/dispatch_packets/A_FLOWMAP_02_007/change_author_c03/N_AUTHOR_C03/dispatch_packet.md\;\ review\ packet:\ .strata/context/D_trace/dispatch_packets/A_FLOWMAP_02_007/reviewer_c03/N_REVIEW_C03/dispatch_packet.md\;\ return\ ledgers:\ .strata/context/D_trace/return_ledgers/. --risks If\ final\ integration\ outcome\ is\ not\ merged\,\ inspect\ CI/merge\ diagnostics\ before\ selecting\ the\ next\ change. --next-action Refresh\ Delegated\ Coordinator\ context\ and\ resolve\ any\ non-merged\ integration\ outcome\ before\ selecting\ the\ next\ small\ change.
{
  "contract_id": "strata.sctl.result_envelope.v1",
  "tool_id": "sctl.classb.put_file.v2",
  "ok": true,
  "result": {
    "id": "B_A_FLOWMAP_02_007_C03_MERGE_OUTCOME",
    "file": "/home/hou16/sctl-live-test-A_LIVE_001/.strata/context/B/b_a_flowmap_02_007_c03_merge_outcome.md",
    "scope": "review_outcome",
    "assignment_id": "A_FLOWMAP_02_007",
    "git": {
      "command": "git",
      "args": [
        "commit",
        "-m",
        "class B report put B_A_FLOWMAP_02_007_C03_MERGE_OUTCOME"
      ],
      "cwd": "/home/hou16/sctl-live-test-A_LIVE_001/.strata/context",
      "status": 0,
      "signal": null,
      "stdout": "[master e37728b] class B report put B_A_FLOWMAP_02_007_C03_MERGE_OUTCOME\n 3 files changed, 53 insertions(+), 6 deletions(-)\n create mode 100644 B/b_a_flowmap_02_007_c03_merge_outcome.md\n",
      "stderr": "",
      "ok": true,
      "error": null,
      "commit": "e37728b"
    },
    "state": {
      "contract_id": "strata.context_state.v2_simplified_runtime",
      "context_epoch": 1,
      "current_context_epoch": 18,
      "context_revision": 18,
      "class_a_revision": 0,
      "class_b_revision": 18,
      "current_class_b_revision": 18,
      "class_b_updates_since_full_refresh": 18,
      "refresh_required": true,
      "refresh_reason": "Class B update count exceeded 10",
      "context_update_policy": "simple_revision_math",
      "created_at": "2026-06-12T09:06:58.999Z",
      "updated_at": "2026-06-13T12:27:27.791Z"
    },
    "accepted_class_b_revision": 18
  },
  "errors": [],
  "evidence_paths": [
    "/home/hou16/sctl-live-test-A_LIVE_001/.strata/context/B/b_a_flowmap_02_007_c03_merge_outcome.md",
    "/home/hou16/sctl-live-test-A_LIVE_001/.strata/context/D_trace/telemetry/workflow_telemetry.jsonl"
  ],
  "created_at": "2026-06-13T12:27:27.823Z"
}
STATUS[19 final outcome classb put]=0
DIAG[cycle_03.19]=OBSERVED | Class B revision 17 -> 18 | Final outcome entered Class B.

===== 20 retire change author =====
+ env SCTL_RUNTIME_EDGE_ROOT=/mnt/c/Users/hou16/Downloads/Codex_CLI_agent\ fleet/strata_runtime_edge_launcher_delegate_component2_3_v0_9/strata_runtime_edge_launcher_delegate_component2_3_v0_9 /mnt/c/Users/hou16/Downloads/Codex_CLI_agent\ fleet/_package_patch_v0_9_4_simplified_runtime/strata_sctl_kernel_components_1_3_4_package_v0_9_4_simplified_runtime/scripts/wsl_tmux/sctl-session-retire --workspace /home/hou16/sctl-live-test-A_LIVE_001 --assignment-id A_FLOWMAP_02_007 --id change_author_c03 --session TBD-CA-A_FLOWMAP_02_007-C03 --reason Flowmap\ 02\ C03\ Change\ Author\ cycle\ completed
{
  "contract_id": "strata.sctl.result_envelope.v1",
  "tool_id": "sctl.sessions.retire.v1",
  "ok": true,
  "result": {
    "id": "change_author_c03",
    "assignment_id": "A_FLOWMAP_02_007",
    "file": "/home/hou16/sctl-live-test-A_LIVE_001/.strata/context/C/sessions/active_sessions.json",
    "lifecycle_path": "/home/hou16/sctl-live-test-A_LIVE_001/.strata/context/C/sessions/lifecycle/a_flowmap_02_007_change_author_c03_retired_2026-06-13t12-27-28-339z.json",
    "git": {
      "command": "git",
      "args": [
        "commit",
        "-m",
        "session retire A_FLOWMAP_02_007 change_author_c03"
      ],
      "cwd": "/home/hou16/sctl-live-test-A_LIVE_001/.strata/context",
      "status": 0,
      "signal": null,
      "stdout": "[master ab5247f] session retire A_FLOWMAP_02_007 change_author_c03\n 3 files changed, 14 insertions(+), 3 deletions(-)\n create mode 100644 C/sessions/lifecycle/a_flowmap_02_007_change_author_c03_retired_2026-06-13t12-27-28-339z.json\n",
      "stderr": "",
      "ok": true,
      "error": null,
      "commit": "ab5247f"
    }
  },
  "errors": [],
  "evidence_paths": [
    "/home/hou16/sctl-live-test-A_LIVE_001/.strata/context/C/sessions/active_sessions.json",
    "/home/hou16/sctl-live-test-A_LIVE_001/.strata/context/C/sessions/lifecycle/a_flowmap_02_007_change_author_c03_retired_2026-06-13t12-27-28-339z.json",
    "/home/hou16/sctl-live-test-A_LIVE_001/.strata/context/D_trace/telemetry/workflow_telemetry.jsonl"
  ],
  "created_at": "2026-06-13T12:27:28.370Z"
}
STATUS[20 retire change author]=0

===== 20 retire reviewer =====
+ env SCTL_RUNTIME_EDGE_ROOT=/mnt/c/Users/hou16/Downloads/Codex_CLI_agent\ fleet/strata_runtime_edge_launcher_delegate_component2_3_v0_9/strata_runtime_edge_launcher_delegate_component2_3_v0_9 /mnt/c/Users/hou16/Downloads/Codex_CLI_agent\ fleet/_package_patch_v0_9_4_simplified_runtime/strata_sctl_kernel_components_1_3_4_package_v0_9_4_simplified_runtime/scripts/wsl_tmux/sctl-session-retire --workspace /home/hou16/sctl-live-test-A_LIVE_001 --assignment-id A_FLOWMAP_02_007 --id reviewer_c03 --session TBD-CR-A_FLOWMAP_02_007-C03 --reason Flowmap\ 02\ C03\ review\ cycle\ completed
{
  "contract_id": "strata.sctl.result_envelope.v1",
  "tool_id": "sctl.sessions.retire.v1",
  "ok": true,
  "result": {
    "id": "reviewer_c03",
    "assignment_id": "A_FLOWMAP_02_007",
    "file": "/home/hou16/sctl-live-test-A_LIVE_001/.strata/context/C/sessions/active_sessions.json",
    "lifecycle_path": "/home/hou16/sctl-live-test-A_LIVE_001/.strata/context/C/sessions/lifecycle/a_flowmap_02_007_reviewer_c03_retired_2026-06-13t12-27-28-708z.json",
    "git": {
      "command": "git",
      "args": [
        "commit",
        "-m",
        "session retire A_FLOWMAP_02_007 reviewer_c03"
      ],
      "cwd": "/home/hou16/sctl-live-test-A_LIVE_001/.strata/context",
      "status": 0,
      "signal": null,
      "stdout": "[master 7c319e8] session retire A_FLOWMAP_02_007 reviewer_c03\n 3 files changed, 14 insertions(+), 3 deletions(-)\n create mode 100644 C/sessions/lifecycle/a_flowmap_02_007_reviewer_c03_retired_2026-06-13t12-27-28-708z.json\n",
      "stderr": "",
      "ok": true,
      "error": null,
      "commit": "7c319e8"
    }
  },
  "errors": [],
  "evidence_paths": [
    "/home/hou16/sctl-live-test-A_LIVE_001/.strata/context/C/sessions/active_sessions.json",
    "/home/hou16/sctl-live-test-A_LIVE_001/.strata/context/C/sessions/lifecycle/a_flowmap_02_007_reviewer_c03_retired_2026-06-13t12-27-28-708z.json",
    "/home/hou16/sctl-live-test-A_LIVE_001/.strata/context/D_trace/telemetry/workflow_telemetry.jsonl"
  ],
  "created_at": "2026-06-13T12:27:28.744Z"
}
STATUS[20 retire reviewer]=0
DIAG[cycle_03.20]=OBSERVED | disposable sessions retired | Author and reviewer lifecycle closure was recorded through SCTL.

===== 21 coordinator freshness =====
+ node /mnt/c/Users/hou16/Downloads/Codex_CLI_agent\ fleet/_package_patch_v0_9_4_simplified_runtime/strata_sctl_kernel_components_1_3_4_package_v0_9_4_simplified_runtime/src/cli.js --workspace /home/hou16/sctl-live-test-A_LIVE_001 context freshness --loaded-context-epoch 12 --loaded-class-a-revision 0
{
  "contract_id": "strata.sctl.result_envelope.v1",
  "tool_id": "sctl.context.freshness.v1",
  "ok": true,
  "result": {
    "loaded_context_epoch": 12,
    "loaded_class_a_revision": 0,
    "current_context_epoch": 18,
    "current_class_b_revision": 18,
    "current_class_a_revision": 0,
    "class_b_delta": 6,
    "class_a_delta": 0,
    "export_mode": "full",
    "action": "full_context_export",
    "retire_session": false,
    "math": "18-12=6",
    "policy": "If Class A changed, retire and full export. If Class B delta is 1-5, delta export. If Class B delta is greater than 5, full export.",
    "state": {
      "contract_id": "strata.context_state.v2_simplified_runtime",
      "context_epoch": 1,
      "current_context_epoch": 18,
      "context_revision": 18,
      "class_a_revision": 0,
      "class_b_revision": 18,
      "current_class_b_revision": 18,
      "class_b_updates_since_full_refresh": 18,
      "refresh_required": true,
      "refresh_reason": "Class B update count exceeded 10",
      "context_update_policy": "simple_revision_math",
      "created_at": "2026-06-12T09:06:58.999Z",
      "updated_at": "2026-06-13T12:27:27.791Z"
    }
  },
  "errors": [],
  "evidence_paths": [],
  "created_at": "2026-06-13T12:27:29.101Z"
}
STATUS[21 coordinator freshness]=0

===== 21 coordinator export refresh =====
+ node /mnt/c/Users/hou16/Downloads/Codex_CLI_agent\ fleet/_package_patch_v0_9_4_simplified_runtime/strata_sctl_kernel_components_1_3_4_package_v0_9_4_simplified_runtime/src/cli.js --workspace /home/hou16/sctl-live-test-A_LIVE_001 context export-markdown --include-classes A\,B --out .strata/exports/A_FLOWMAP_02_007_cycle_03_coordinator_refresh
{
  "contract_id": "strata.sctl.result_envelope.v1",
  "tool_id": "sctl.context.export_markdown.v2",
  "ok": true,
  "result": {
    "out_dir": "/home/hou16/sctl-live-test-A_LIVE_001/.strata/exports/A_FLOWMAP_02_007_cycle_03_coordinator_refresh",
    "markdown_path": "/home/hou16/sctl-live-test-A_LIVE_001/.strata/exports/A_FLOWMAP_02_007_cycle_03_coordinator_refresh/context.md",
    "source_index_path": "/home/hou16/sctl-live-test-A_LIVE_001/.strata/exports/A_FLOWMAP_02_007_cycle_03_coordinator_refresh/source_index.json",
    "manifest_path": "/home/hou16/sctl-live-test-A_LIVE_001/.strata/exports/A_FLOWMAP_02_007_cycle_03_coordinator_refresh/manifest.json",
    "source_count": 18,
    "state": {
      "contract_id": "strata.context_state.v2_simplified_runtime",
      "context_epoch": 1,
      "current_context_epoch": 18,
      "context_revision": 18,
      "class_a_revision": 0,
      "class_b_revision": 18,
      "current_class_b_revision": 18,
      "class_b_updates_since_full_refresh": 18,
      "refresh_required": true,
      "refresh_reason": "Class B update count exceeded 10",
      "context_update_policy": "simple_revision_math",
      "created_at": "2026-06-12T09:06:58.999Z",
      "updated_at": "2026-06-13T12:27:27.791Z"
    },
    "include_classes": [
      "A",
      "B"
    ],
    "since_class_b_revision": null
  },
  "errors": [],
  "evidence_paths": [
    "/home/hou16/sctl-live-test-A_LIVE_001/.strata/exports/A_FLOWMAP_02_007_cycle_03_coordinator_refresh/context.md",
    "/home/hou16/sctl-live-test-A_LIVE_001/.strata/exports/A_FLOWMAP_02_007_cycle_03_coordinator_refresh/source_index.json",
    "/home/hou16/sctl-live-test-A_LIVE_001/.strata/exports/A_FLOWMAP_02_007_cycle_03_coordinator_refresh/manifest.json"
  ],
  "created_at": "2026-06-13T12:27:29.295Z"
}
STATUS[21 coordinator export refresh]=0
DIAG[cycle_03.21]=OBSERVED | freshness action=full_context_export loaded_epoch=12 | Coordinator can refresh from current SCTL Git state instead of private chat memory.

===== context export cycle_03/coordinator_after =====
+ node /mnt/c/Users/hou16/Downloads/Codex_CLI_agent\ fleet/_package_patch_v0_9_4_simplified_runtime/strata_sctl_kernel_components_1_3_4_package_v0_9_4_simplified_runtime/src/cli.js --workspace /home/hou16/sctl-live-test-A_LIVE_001 context export-markdown --include-classes A\,B --out /mnt/c/Users/hou16/Downloads/Codex_CLI_agent\ fleet/_package_patch_v0_9_4_simplified_runtime/strata_sctl_kernel_components_1_3_4_package_v0_9_4_simplified_runtime/_test_runs/flowmap02/run_20260613T121734Z/context_exports/cycle_03/coordinator_after
{
  "contract_id": "strata.sctl.result_envelope.v1",
  "tool_id": "sctl.context.export_markdown.v2",
  "ok": true,
  "result": {
    "out_dir": "/mnt/c/Users/hou16/Downloads/Codex_CLI_agent fleet/_package_patch_v0_9_4_simplified_runtime/strata_sctl_kernel_components_1_3_4_package_v0_9_4_simplified_runtime/_test_runs/flowmap02/run_20260613T121734Z/context_exports/cycle_03/coordinator_after",
    "markdown_path": "/mnt/c/Users/hou16/Downloads/Codex_CLI_agent fleet/_package_patch_v0_9_4_simplified_runtime/strata_sctl_kernel_components_1_3_4_package_v0_9_4_simplified_runtime/_test_runs/flowmap02/run_20260613T121734Z/context_exports/cycle_03/coordinator_after/context.md",
    "source_index_path": "/mnt/c/Users/hou16/Downloads/Codex_CLI_agent fleet/_package_patch_v0_9_4_simplified_runtime/strata_sctl_kernel_components_1_3_4_package_v0_9_4_simplified_runtime/_test_runs/flowmap02/run_20260613T121734Z/context_exports/cycle_03/coordinator_after/source_index.json",
    "manifest_path": "/mnt/c/Users/hou16/Downloads/Codex_CLI_agent fleet/_package_patch_v0_9_4_simplified_runtime/strata_sctl_kernel_components_1_3_4_package_v0_9_4_simplified_runtime/_test_runs/flowmap02/run_20260613T121734Z/context_exports/cycle_03/coordinator_after/manifest.json",
    "source_count": 18,
    "state": {
      "contract_id": "strata.context_state.v2_simplified_runtime",
      "context_epoch": 1,
      "current_context_epoch": 18,
      "context_revision": 18,
      "class_a_revision": 0,
      "class_b_revision": 18,
      "current_class_b_revision": 18,
      "class_b_updates_since_full_refresh": 18,
      "refresh_required": true,
      "refresh_reason": "Class B update count exceeded 10",
      "context_update_policy": "simple_revision_math",
      "created_at": "2026-06-12T09:06:58.999Z",
      "updated_at": "2026-06-13T12:27:27.791Z"
    },
    "include_classes": [
      "A",
      "B"
    ],
    "since_class_b_revision": null
  },
  "errors": [],
  "evidence_paths": [
    "/mnt/c/Users/hou16/Downloads/Codex_CLI_agent fleet/_package_patch_v0_9_4_simplified_runtime/strata_sctl_kernel_components_1_3_4_package_v0_9_4_simplified_runtime/_test_runs/flowmap02/run_20260613T121734Z/context_exports/cycle_03/coordinator_after/context.md",
    "/mnt/c/Users/hou16/Downloads/Codex_CLI_agent fleet/_package_patch_v0_9_4_simplified_runtime/strata_sctl_kernel_components_1_3_4_package_v0_9_4_simplified_runtime/_test_runs/flowmap02/run_20260613T121734Z/context_exports/cycle_03/coordinator_after/source_index.json",
    "/mnt/c/Users/hou16/Downloads/Codex_CLI_agent fleet/_package_patch_v0_9_4_simplified_runtime/strata_sctl_kernel_components_1_3_4_package_v0_9_4_simplified_runtime/_test_runs/flowmap02/run_20260613T121734Z/context_exports/cycle_03/coordinator_after/manifest.json"
  ],
  "created_at": "2026-06-13T12:27:29.645Z"
}
STATUS[context export cycle_03/coordinator_after]=0
FULL_CONTEXT_EXPORT[cycle_03/coordinator_after]=/mnt/c/Users/hou16/Downloads/Codex_CLI_agent fleet/_package_patch_v0_9_4_simplified_runtime/strata_sctl_kernel_components_1_3_4_package_v0_9_4_simplified_runtime/_test_runs/flowmap02/run_20260613T121734Z/context_exports/cycle_03/coordinator_after/context.md
DIAG[cycle_03.context_export.coordinator_after]=OBSERVED | /mnt/c/Users/hou16/Downloads/Codex_CLI_agent fleet/_package_patch_v0_9_4_simplified_runtime/strata_sctl_kernel_components_1_3_4_package_v0_9_4_simplified_runtime/_test_runs/flowmap02/run_20260613T121734Z/context_exports/cycle_03/coordinator_after/context.md | Standalone full context export written outside the pasted dispatch packet and outside the operational log body.
===== END cycle_03 =====

===== 22 final sctl git status =====
+ git -C /home/hou16/sctl-live-test-A_LIVE_001/.strata/context status --short
STATUS[22 final sctl git status]=0

===== 22 final sctl git log =====
+ git -C /home/hou16/sctl-live-test-A_LIVE_001/.strata/context log --oneline -30
7c319e8 session retire A_FLOWMAP_02_007 reviewer_c03
ab5247f session retire A_FLOWMAP_02_007 change_author_c03
e37728b class B report put B_A_FLOWMAP_02_007_C03_MERGE_OUTCOME
fe1ee86 return classify A_FLOWMAP_02_007 OPERATIONAL_REPORT_READY
218a1b9 dispatch record A_FLOWMAP_02_007 N_REVIEW_C03
91131bc team message A_FLOWMAP_02_007 qc_review_request delegated_coordinator_001 -> reviewer_c03
b1bc20a session register A_FLOWMAP_02_007 reviewer_c03
2e53e82 class B accept A_FLOWMAP_02_007 C03 author report
0425905 return classify A_FLOWMAP_02_007 OPERATIONAL_REPORT_READY
6c8b341 dispatch record A_FLOWMAP_02_007 N_AUTHOR_C03
f09fef7 team message A_FLOWMAP_02_007 coordination_note delegated_coordinator_001 -> change_author_c03
f16084f session register A_FLOWMAP_02_007 change_author_c03
59dad3f session retire A_FLOWMAP_02_007 reviewer_c02
97c77b2 session retire A_FLOWMAP_02_007 change_author_c02
b38b1da class B report put B_A_FLOWMAP_02_007_C02_MERGE_OUTCOME
8a700a1 return classify A_FLOWMAP_02_007 OPERATIONAL_REPORT_READY
58ee173 dispatch record A_FLOWMAP_02_007 N_REVIEW_C02
88a7311 team message A_FLOWMAP_02_007 qc_review_request delegated_coordinator_001 -> reviewer_c02
7388f98 session register A_FLOWMAP_02_007 reviewer_c02
7308dea class B accept A_FLOWMAP_02_007 C02 author report
433e300 return classify A_FLOWMAP_02_007 OPERATIONAL_REPORT_READY
7cf1eb8 dispatch record A_FLOWMAP_02_007 N_AUTHOR_C02
070bf99 team message A_FLOWMAP_02_007 coordination_note delegated_coordinator_001 -> change_author_c02
16d0ec3 session register A_FLOWMAP_02_007 change_author_c02
b853f98 session retire A_FLOWMAP_02_007 reviewer_c01
915fbe6 session retire A_FLOWMAP_02_007 change_author_c01
2fd423b class B report put B_A_FLOWMAP_02_007_C01_MERGE_OUTCOME
49afb07 return classify A_FLOWMAP_02_007 OPERATIONAL_REPORT_READY
6758737 dispatch record A_FLOWMAP_02_007 N_REVIEW_C01
f8ffaa3 team message A_FLOWMAP_02_007 qc_review_request delegated_coordinator_001 -> reviewer_c01
STATUS[22 final sctl git log]=0

===== 22 final codebase branches =====
+ git -C /home/hou16/workspace/AAU_MED_EM_ENSEMBLE_HEATMAP_STUDENT_ASSIGNMENT branch --list
  change/A_FLOWMAP_02_004/sample-uniform-sphere
  change/A_FLOWMAP_02_005/sample-uniform-sphere-v2
  change/A_FLOWMAP_02_006/sample-uniform-sphere-v3
  change/A_FLOWMAP_02_007/C01-sample-uniform-sphere-mc
  change/A_FLOWMAP_02_007/C02-sample-uniform-sphere-mc
  change/A_FLOWMAP_02_007/C03-sample-uniform-sphere-mc
* main
STATUS[22 final codebase branches]=0

===== 22 final codebase log =====
+ git -C /home/hou16/workspace/AAU_MED_EM_ENSEMBLE_HEATMAP_STUDENT_ASSIGNMENT log --oneline --decorate -20
6ed3066 (HEAD -> main, change/A_FLOWMAP_02_007/C03-sample-uniform-sphere-mc) A_FLOWMAP_02_007: replace hit-and-run with Gibbs-sampler MCMC for uniform sphere sampling
c0d1e79 (change/A_FLOWMAP_02_007/C02-sample-uniform-sphere-mc) A_FLOWMAP_02_007: replace Metropolis-Hastings with hit-and-run MCMC for uniform sphere sampling
7d3ff6a (change/A_FLOWMAP_02_007/C01-sample-uniform-sphere-mc) A_FLOWMAP_02_007: replace direct sampling with Metropolis-Hastings MCMC based uniform sphere sampling
ab4b4c9 (change/A_FLOWMAP_02_006/sample-uniform-sphere-v3) A_FLOWMAP_02_006: replace rejection sampling with direct sphere sampling using normalized Gaussian directions
20b51bb (change/A_FLOWMAP_02_005/sample-uniform-sphere-v2) A_FLOWMAP_02_005: implement sample_uniform_sphere with rejection sampling
a627f7b Initial commit: student assignment scaffold
STATUS[22 final codebase log]=0

===== 22 final dispatch files =====
+ find /home/hou16/sctl-live-test-A_LIVE_001/.strata/context/D_trace/dispatch_packets -maxdepth 5 -type f
/home/hou16/sctl-live-test-A_LIVE_001/.strata/context/D_trace/dispatch_packets/A_FLOWMAP_02_006/reviewer_001/N_REVIEW_1/context_export/source_index.json
/home/hou16/sctl-live-test-A_LIVE_001/.strata/context/D_trace/dispatch_packets/A_FLOWMAP_02_006/reviewer_001/N_REVIEW_1/context_export/context.md
/home/hou16/sctl-live-test-A_LIVE_001/.strata/context/D_trace/dispatch_packets/A_FLOWMAP_02_006/reviewer_001/N_REVIEW_1/context_export/manifest.json
/home/hou16/sctl-live-test-A_LIVE_001/.strata/context/D_trace/dispatch_packets/A_FLOWMAP_02_006/reviewer_001/N_REVIEW_1/manifest.json
/home/hou16/sctl-live-test-A_LIVE_001/.strata/context/D_trace/dispatch_packets/A_FLOWMAP_02_006/reviewer_001/N_REVIEW_1/dispatch_packet.md
/home/hou16/sctl-live-test-A_LIVE_001/.strata/context/D_trace/dispatch_packets/A_FLOWMAP_02_006/reviewer_001/N_REVIEW_1/dispatch_packet.json
/home/hou16/sctl-live-test-A_LIVE_001/.strata/context/D_trace/dispatch_packets/A_FLOWMAP_02_006/change_author_001/N_AUTHOR_1/context_export/source_index.json
/home/hou16/sctl-live-test-A_LIVE_001/.strata/context/D_trace/dispatch_packets/A_FLOWMAP_02_006/change_author_001/N_AUTHOR_1/context_export/context.md
/home/hou16/sctl-live-test-A_LIVE_001/.strata/context/D_trace/dispatch_packets/A_FLOWMAP_02_006/change_author_001/N_AUTHOR_1/context_export/manifest.json
/home/hou16/sctl-live-test-A_LIVE_001/.strata/context/D_trace/dispatch_packets/A_FLOWMAP_02_006/change_author_001/N_AUTHOR_1/manifest.json
/home/hou16/sctl-live-test-A_LIVE_001/.strata/context/D_trace/dispatch_packets/A_FLOWMAP_02_006/change_author_001/N_AUTHOR_1/dispatch_packet.md
/home/hou16/sctl-live-test-A_LIVE_001/.strata/context/D_trace/dispatch_packets/A_FLOWMAP_02_006/change_author_001/N_AUTHOR_1/dispatch_packet.json
/home/hou16/sctl-live-test-A_LIVE_001/.strata/context/D_trace/dispatch_packets/A_FLOWMAP_02_001/change_author_001/N_AUTHOR_1/context_export/source_index.json
/home/hou16/sctl-live-test-A_LIVE_001/.strata/context/D_trace/dispatch_packets/A_FLOWMAP_02_001/change_author_001/N_AUTHOR_1/context_export/context.md
/home/hou16/sctl-live-test-A_LIVE_001/.strata/context/D_trace/dispatch_packets/A_FLOWMAP_02_001/change_author_001/N_AUTHOR_1/context_export/manifest.json
/home/hou16/sctl-live-test-A_LIVE_001/.strata/context/D_trace/dispatch_packets/A_FLOWMAP_02_001/change_author_001/N_AUTHOR_1/manifest.json
/home/hou16/sctl-live-test-A_LIVE_001/.strata/context/D_trace/dispatch_packets/A_FLOWMAP_02_001/change_author_001/N_AUTHOR_1/dispatch_packet.md
/home/hou16/sctl-live-test-A_LIVE_001/.strata/context/D_trace/dispatch_packets/A_FLOWMAP_02_001/change_author_001/N_AUTHOR_1/dispatch_packet.json
/home/hou16/sctl-live-test-A_LIVE_001/.strata/context/D_trace/dispatch_packets/A_FLOWMAP_02_005/reviewer_001/N_REVIEW_1/context_export/source_index.json
/home/hou16/sctl-live-test-A_LIVE_001/.strata/context/D_trace/dispatch_packets/A_FLOWMAP_02_005/reviewer_001/N_REVIEW_1/context_export/context.md
/home/hou16/sctl-live-test-A_LIVE_001/.strata/context/D_trace/dispatch_packets/A_FLOWMAP_02_005/reviewer_001/N_REVIEW_1/context_export/manifest.json
/home/hou16/sctl-live-test-A_LIVE_001/.strata/context/D_trace/dispatch_packets/A_FLOWMAP_02_005/reviewer_001/N_REVIEW_1/manifest.json
/home/hou16/sctl-live-test-A_LIVE_001/.strata/context/D_trace/dispatch_packets/A_FLOWMAP_02_005/reviewer_001/N_REVIEW_1/dispatch_packet.md
/home/hou16/sctl-live-test-A_LIVE_001/.strata/context/D_trace/dispatch_packets/A_FLOWMAP_02_005/reviewer_001/N_REVIEW_1/dispatch_packet.json
/home/hou16/sctl-live-test-A_LIVE_001/.strata/context/D_trace/dispatch_packets/A_FLOWMAP_02_005/change_author_001/N_AUTHOR_1/context_export/source_index.json
/home/hou16/sctl-live-test-A_LIVE_001/.strata/context/D_trace/dispatch_packets/A_FLOWMAP_02_005/change_author_001/N_AUTHOR_1/context_export/context.md
/home/hou16/sctl-live-test-A_LIVE_001/.strata/context/D_trace/dispatch_packets/A_FLOWMAP_02_005/change_author_001/N_AUTHOR_1/context_export/manifest.json
/home/hou16/sctl-live-test-A_LIVE_001/.strata/context/D_trace/dispatch_packets/A_FLOWMAP_02_005/change_author_001/N_AUTHOR_1/manifest.json
/home/hou16/sctl-live-test-A_LIVE_001/.strata/context/D_trace/dispatch_packets/A_FLOWMAP_02_005/change_author_001/N_AUTHOR_1/dispatch_packet.md
/home/hou16/sctl-live-test-A_LIVE_001/.strata/context/D_trace/dispatch_packets/A_FLOWMAP_02_005/change_author_001/N_AUTHOR_1/dispatch_packet.json
/home/hou16/sctl-live-test-A_LIVE_001/.strata/context/D_trace/dispatch_packets/A_FLOWMAP_02_002/reviewer_001/N_REVIEW_1/context_export/source_index.json
/home/hou16/sctl-live-test-A_LIVE_001/.strata/context/D_trace/dispatch_packets/A_FLOWMAP_02_002/reviewer_001/N_REVIEW_1/context_export/context.md
/home/hou16/sctl-live-test-A_LIVE_001/.strata/context/D_trace/dispatch_packets/A_FLOWMAP_02_002/reviewer_001/N_REVIEW_1/context_export/manifest.json
/home/hou16/sctl-live-test-A_LIVE_001/.strata/context/D_trace/dispatch_packets/A_FLOWMAP_02_002/reviewer_001/N_REVIEW_1/manifest.json
/home/hou16/sctl-live-test-A_LIVE_001/.strata/context/D_trace/dispatch_packets/A_FLOWMAP_02_002/reviewer_001/N_REVIEW_1/dispatch_packet.md
/home/hou16/sctl-live-test-A_LIVE_001/.strata/context/D_trace/dispatch_packets/A_FLOWMAP_02_002/reviewer_001/N_REVIEW_1/dispatch_packet.json
/home/hou16/sctl-live-test-A_LIVE_001/.strata/context/D_trace/dispatch_packets/A_FLOWMAP_02_002/change_author_001/ERR_2026-06-13T06-07-44-026Z/context_export/source_index.json
/home/hou16/sctl-live-test-A_LIVE_001/.strata/context/D_trace/dispatch_packets/A_FLOWMAP_02_002/change_author_001/ERR_2026-06-13T06-07-44-026Z/context_export/context.md
/home/hou16/sctl-live-test-A_LIVE_001/.strata/context/D_trace/dispatch_packets/A_FLOWMAP_02_002/change_author_001/ERR_2026-06-13T06-07-44-026Z/context_export/manifest.json
/home/hou16/sctl-live-test-A_LIVE_001/.strata/context/D_trace/dispatch_packets/A_FLOWMAP_02_002/change_author_001/ERR_2026-06-13T06-07-44-026Z/manifest.json
/home/hou16/sctl-live-test-A_LIVE_001/.strata/context/D_trace/dispatch_packets/A_FLOWMAP_02_002/change_author_001/ERR_2026-06-13T06-07-44-026Z/dispatch_packet.md
/home/hou16/sctl-live-test-A_LIVE_001/.strata/context/D_trace/dispatch_packets/A_FLOWMAP_02_002/change_author_001/ERR_2026-06-13T06-07-44-026Z/dispatch_packet.json
/home/hou16/sctl-live-test-A_LIVE_001/.strata/context/D_trace/dispatch_packets/A_FLOWMAP_02_002/change_author_001/N_AUTHOR_1/context_export/source_index.json
/home/hou16/sctl-live-test-A_LIVE_001/.strata/context/D_trace/dispatch_packets/A_FLOWMAP_02_002/change_author_001/N_AUTHOR_1/context_export/context.md
/home/hou16/sctl-live-test-A_LIVE_001/.strata/context/D_trace/dispatch_packets/A_FLOWMAP_02_002/change_author_001/N_AUTHOR_1/context_export/manifest.json
/home/hou16/sctl-live-test-A_LIVE_001/.strata/context/D_trace/dispatch_packets/A_FLOWMAP_02_002/change_author_001/N_AUTHOR_1/manifest.json
/home/hou16/sctl-live-test-A_LIVE_001/.strata/context/D_trace/dispatch_packets/A_FLOWMAP_02_002/change_author_001/N_AUTHOR_1/dispatch_packet.md
/home/hou16/sctl-live-test-A_LIVE_001/.strata/context/D_trace/dispatch_packets/A_FLOWMAP_02_002/change_author_001/N_AUTHOR_1/dispatch_packet.json
/home/hou16/sctl-live-test-A_LIVE_001/.strata/context/D_trace/dispatch_packets/A_LIVE_002/reviewer_live_002/N2/context_export/source_index.json
/home/hou16/sctl-live-test-A_LIVE_001/.strata/context/D_trace/dispatch_packets/A_LIVE_002/reviewer_live_002/N2/context_export/context.md
/home/hou16/sctl-live-test-A_LIVE_001/.strata/context/D_trace/dispatch_packets/A_LIVE_002/reviewer_live_002/N2/context_export/manifest.json
/home/hou16/sctl-live-test-A_LIVE_001/.strata/context/D_trace/dispatch_packets/A_LIVE_002/reviewer_live_002/N2/manifest.json
/home/hou16/sctl-live-test-A_LIVE_001/.strata/context/D_trace/dispatch_packets/A_LIVE_002/reviewer_live_002/N2/dispatch_packet.md
/home/hou16/sctl-live-test-A_LIVE_001/.strata/context/D_trace/dispatch_packets/A_LIVE_002/reviewer_live_002/N2/dispatch_packet.json
/home/hou16/sctl-live-test-A_LIVE_001/.strata/context/D_trace/dispatch_packets/A_FLOWMAP_02_007/reviewer_c03/N_REVIEW_C03/context_export/source_index.json
/home/hou16/sctl-live-test-A_LIVE_001/.strata/context/D_trace/dispatch_packets/A_FLOWMAP_02_007/reviewer_c03/N_REVIEW_C03/context_export/context.md
/home/hou16/sctl-live-test-A_LIVE_001/.strata/context/D_trace/dispatch_packets/A_FLOWMAP_02_007/reviewer_c03/N_REVIEW_C03/context_export/manifest.json
/home/hou16/sctl-live-test-A_LIVE_001/.strata/context/D_trace/dispatch_packets/A_FLOWMAP_02_007/reviewer_c03/N_REVIEW_C03/manifest.json
/home/hou16/sctl-live-test-A_LIVE_001/.strata/context/D_trace/dispatch_packets/A_FLOWMAP_02_007/reviewer_c03/N_REVIEW_C03/dispatch_packet.md
/home/hou16/sctl-live-test-A_LIVE_001/.strata/context/D_trace/dispatch_packets/A_FLOWMAP_02_007/reviewer_c03/N_REVIEW_C03/dispatch_packet.json
/home/hou16/sctl-live-test-A_LIVE_001/.strata/context/D_trace/dispatch_packets/A_FLOWMAP_02_007/change_author_c01/N_AUTHOR_C01/context_export/source_index.json
/home/hou16/sctl-live-test-A_LIVE_001/.strata/context/D_trace/dispatch_packets/A_FLOWMAP_02_007/change_author_c01/N_AUTHOR_C01/context_export/context.md
/home/hou16/sctl-live-test-A_LIVE_001/.strata/context/D_trace/dispatch_packets/A_FLOWMAP_02_007/change_author_c01/N_AUTHOR_C01/context_export/manifest.json
/home/hou16/sctl-live-test-A_LIVE_001/.strata/context/D_trace/dispatch_packets/A_FLOWMAP_02_007/change_author_c01/N_AUTHOR_C01/manifest.json
/home/hou16/sctl-live-test-A_LIVE_001/.strata/context/D_trace/dispatch_packets/A_FLOWMAP_02_007/change_author_c01/N_AUTHOR_C01/dispatch_packet.md
/home/hou16/sctl-live-test-A_LIVE_001/.strata/context/D_trace/dispatch_packets/A_FLOWMAP_02_007/change_author_c01/N_AUTHOR_C01/dispatch_packet.json
/home/hou16/sctl-live-test-A_LIVE_001/.strata/context/D_trace/dispatch_packets/A_FLOWMAP_02_007/reviewer_c01/N_REVIEW_C01/context_export/source_index.json
/home/hou16/sctl-live-test-A_LIVE_001/.strata/context/D_trace/dispatch_packets/A_FLOWMAP_02_007/reviewer_c01/N_REVIEW_C01/context_export/context.md
/home/hou16/sctl-live-test-A_LIVE_001/.strata/context/D_trace/dispatch_packets/A_FLOWMAP_02_007/reviewer_c01/N_REVIEW_C01/context_export/manifest.json
/home/hou16/sctl-live-test-A_LIVE_001/.strata/context/D_trace/dispatch_packets/A_FLOWMAP_02_007/reviewer_c01/N_REVIEW_C01/manifest.json
/home/hou16/sctl-live-test-A_LIVE_001/.strata/context/D_trace/dispatch_packets/A_FLOWMAP_02_007/reviewer_c01/N_REVIEW_C01/dispatch_packet.md
/home/hou16/sctl-live-test-A_LIVE_001/.strata/context/D_trace/dispatch_packets/A_FLOWMAP_02_007/reviewer_c01/N_REVIEW_C01/dispatch_packet.json
/home/hou16/sctl-live-test-A_LIVE_001/.strata/context/D_trace/dispatch_packets/A_FLOWMAP_02_007/reviewer_c02/N_REVIEW_C02/context_export/source_index.json
/home/hou16/sctl-live-test-A_LIVE_001/.strata/context/D_trace/dispatch_packets/A_FLOWMAP_02_007/reviewer_c02/N_REVIEW_C02/context_export/context.md
/home/hou16/sctl-live-test-A_LIVE_001/.strata/context/D_trace/dispatch_packets/A_FLOWMAP_02_007/reviewer_c02/N_REVIEW_C02/context_export/manifest.json
/home/hou16/sctl-live-test-A_LIVE_001/.strata/context/D_trace/dispatch_packets/A_FLOWMAP_02_007/reviewer_c02/N_REVIEW_C02/manifest.json
/home/hou16/sctl-live-test-A_LIVE_001/.strata/context/D_trace/dispatch_packets/A_FLOWMAP_02_007/reviewer_c02/N_REVIEW_C02/dispatch_packet.md
/home/hou16/sctl-live-test-A_LIVE_001/.strata/context/D_trace/dispatch_packets/A_FLOWMAP_02_007/reviewer_c02/N_REVIEW_C02/dispatch_packet.json
/home/hou16/sctl-live-test-A_LIVE_001/.strata/context/D_trace/dispatch_packets/A_FLOWMAP_02_007/change_author_c02/N_AUTHOR_C02/context_export/source_index.json
/home/hou16/sctl-live-test-A_LIVE_001/.strata/context/D_trace/dispatch_packets/A_FLOWMAP_02_007/change_author_c02/N_AUTHOR_C02/context_export/context.md
/home/hou16/sctl-live-test-A_LIVE_001/.strata/context/D_trace/dispatch_packets/A_FLOWMAP_02_007/change_author_c02/N_AUTHOR_C02/context_export/manifest.json
/home/hou16/sctl-live-test-A_LIVE_001/.strata/context/D_trace/dispatch_packets/A_FLOWMAP_02_007/change_author_c02/N_AUTHOR_C02/manifest.json
/home/hou16/sctl-live-test-A_LIVE_001/.strata/context/D_trace/dispatch_packets/A_FLOWMAP_02_007/change_author_c02/N_AUTHOR_C02/dispatch_packet.md
/home/hou16/sctl-live-test-A_LIVE_001/.strata/context/D_trace/dispatch_packets/A_FLOWMAP_02_007/change_author_c02/N_AUTHOR_C02/dispatch_packet.json
/home/hou16/sctl-live-test-A_LIVE_001/.strata/context/D_trace/dispatch_packets/A_FLOWMAP_02_007/change_author_c03/N_AUTHOR_C03/context_export/source_index.json
/home/hou16/sctl-live-test-A_LIVE_001/.strata/context/D_trace/dispatch_packets/A_FLOWMAP_02_007/change_author_c03/N_AUTHOR_C03/context_export/context.md
/home/hou16/sctl-live-test-A_LIVE_001/.strata/context/D_trace/dispatch_packets/A_FLOWMAP_02_007/change_author_c03/N_AUTHOR_C03/context_export/manifest.json
/home/hou16/sctl-live-test-A_LIVE_001/.strata/context/D_trace/dispatch_packets/A_FLOWMAP_02_007/change_author_c03/N_AUTHOR_C03/manifest.json
/home/hou16/sctl-live-test-A_LIVE_001/.strata/context/D_trace/dispatch_packets/A_FLOWMAP_02_007/change_author_c03/N_AUTHOR_C03/dispatch_packet.md
/home/hou16/sctl-live-test-A_LIVE_001/.strata/context/D_trace/dispatch_packets/A_FLOWMAP_02_007/change_author_c03/N_AUTHOR_C03/dispatch_packet.json
/home/hou16/sctl-live-test-A_LIVE_001/.strata/context/D_trace/dispatch_packets/UNKNOWN_ASSIGNMENT/sender_session/ERR_2026-06-13T06-07-44-331Z/context_export/source_index.json
/home/hou16/sctl-live-test-A_LIVE_001/.strata/context/D_trace/dispatch_packets/UNKNOWN_ASSIGNMENT/sender_session/ERR_2026-06-13T06-07-44-331Z/context_export/context.md
/home/hou16/sctl-live-test-A_LIVE_001/.strata/context/D_trace/dispatch_packets/UNKNOWN_ASSIGNMENT/sender_session/ERR_2026-06-13T06-07-44-331Z/context_export/manifest.json
/home/hou16/sctl-live-test-A_LIVE_001/.strata/context/D_trace/dispatch_packets/UNKNOWN_ASSIGNMENT/sender_session/ERR_2026-06-13T06-07-44-331Z/manifest.json
/home/hou16/sctl-live-test-A_LIVE_001/.strata/context/D_trace/dispatch_packets/UNKNOWN_ASSIGNMENT/sender_session/ERR_2026-06-13T06-07-44-331Z/dispatch_packet.md
/home/hou16/sctl-live-test-A_LIVE_001/.strata/context/D_trace/dispatch_packets/UNKNOWN_ASSIGNMENT/sender_session/ERR_2026-06-13T06-07-44-331Z/dispatch_packet.json
/home/hou16/sctl-live-test-A_LIVE_001/.strata/context/D_trace/dispatch_packets/A_FLOWMAP_02_003/reviewer_001/N_REVIEW_1/context_export/source_index.json
/home/hou16/sctl-live-test-A_LIVE_001/.strata/context/D_trace/dispatch_packets/A_FLOWMAP_02_003/reviewer_001/N_REVIEW_1/context_export/context.md
/home/hou16/sctl-live-test-A_LIVE_001/.strata/context/D_trace/dispatch_packets/A_FLOWMAP_02_003/reviewer_001/N_REVIEW_1/context_export/manifest.json
/home/hou16/sctl-live-test-A_LIVE_001/.strata/context/D_trace/dispatch_packets/A_FLOWMAP_02_003/reviewer_001/N_REVIEW_1/manifest.json
/home/hou16/sctl-live-test-A_LIVE_001/.strata/context/D_trace/dispatch_packets/A_FLOWMAP_02_003/reviewer_001/N_REVIEW_1/dispatch_packet.md
/home/hou16/sctl-live-test-A_LIVE_001/.strata/context/D_trace/dispatch_packets/A_FLOWMAP_02_003/reviewer_001/N_REVIEW_1/dispatch_packet.json
/home/hou16/sctl-live-test-A_LIVE_001/.strata/context/D_trace/dispatch_packets/A_FLOWMAP_02_003/change_author_001/N_AUTHOR_1/context_export/source_index.json
/home/hou16/sctl-live-test-A_LIVE_001/.strata/context/D_trace/dispatch_packets/A_FLOWMAP_02_003/change_author_001/N_AUTHOR_1/context_export/context.md
/home/hou16/sctl-live-test-A_LIVE_001/.strata/context/D_trace/dispatch_packets/A_FLOWMAP_02_003/change_author_001/N_AUTHOR_1/context_export/manifest.json
/home/hou16/sctl-live-test-A_LIVE_001/.strata/context/D_trace/dispatch_packets/A_FLOWMAP_02_003/change_author_001/N_AUTHOR_1/manifest.json
/home/hou16/sctl-live-test-A_LIVE_001/.strata/context/D_trace/dispatch_packets/A_FLOWMAP_02_003/change_author_001/N_AUTHOR_1/dispatch_packet.md
/home/hou16/sctl-live-test-A_LIVE_001/.strata/context/D_trace/dispatch_packets/A_FLOWMAP_02_003/change_author_001/N_AUTHOR_1/dispatch_packet.json
/home/hou16/sctl-live-test-A_LIVE_001/.strata/context/D_trace/dispatch_packets/A_LIVE_001/reviewer_live_001/N1/context_export/source_index.json
/home/hou16/sctl-live-test-A_LIVE_001/.strata/context/D_trace/dispatch_packets/A_LIVE_001/reviewer_live_001/N1/context_export/context.md
/home/hou16/sctl-live-test-A_LIVE_001/.strata/context/D_trace/dispatch_packets/A_LIVE_001/reviewer_live_001/N1/context_export/manifest.json
/home/hou16/sctl-live-test-A_LIVE_001/.strata/context/D_trace/dispatch_packets/A_LIVE_001/reviewer_live_001/N1/manifest.json
/home/hou16/sctl-live-test-A_LIVE_001/.strata/context/D_trace/dispatch_packets/A_LIVE_001/reviewer_live_001/N1/dispatch_packet.md
/home/hou16/sctl-live-test-A_LIVE_001/.strata/context/D_trace/dispatch_packets/A_LIVE_001/reviewer_live_001/N1/dispatch_packet.json
/home/hou16/sctl-live-test-A_LIVE_001/.strata/context/D_trace/dispatch_packets/A_FLOWMAP_02_004/reviewer_001/N_REVIEW_1/context_export/source_index.json
/home/hou16/sctl-live-test-A_LIVE_001/.strata/context/D_trace/dispatch_packets/A_FLOWMAP_02_004/reviewer_001/N_REVIEW_1/context_export/context.md
/home/hou16/sctl-live-test-A_LIVE_001/.strata/context/D_trace/dispatch_packets/A_FLOWMAP_02_004/reviewer_001/N_REVIEW_1/context_export/manifest.json
/home/hou16/sctl-live-test-A_LIVE_001/.strata/context/D_trace/dispatch_packets/A_FLOWMAP_02_004/reviewer_001/N_REVIEW_1/manifest.json
/home/hou16/sctl-live-test-A_LIVE_001/.strata/context/D_trace/dispatch_packets/A_FLOWMAP_02_004/reviewer_001/N_REVIEW_1/dispatch_packet.md
/home/hou16/sctl-live-test-A_LIVE_001/.strata/context/D_trace/dispatch_packets/A_FLOWMAP_02_004/reviewer_001/N_REVIEW_1/dispatch_packet.json
/home/hou16/sctl-live-test-A_LIVE_001/.strata/context/D_trace/dispatch_packets/A_FLOWMAP_02_004/change_author_001/N_AUTHOR_1/context_export/source_index.json
/home/hou16/sctl-live-test-A_LIVE_001/.strata/context/D_trace/dispatch_packets/A_FLOWMAP_02_004/change_author_001/N_AUTHOR_1/context_export/context.md
/home/hou16/sctl-live-test-A_LIVE_001/.strata/context/D_trace/dispatch_packets/A_FLOWMAP_02_004/change_author_001/N_AUTHOR_1/context_export/manifest.json
/home/hou16/sctl-live-test-A_LIVE_001/.strata/context/D_trace/dispatch_packets/A_FLOWMAP_02_004/change_author_001/N_AUTHOR_1/manifest.json
/home/hou16/sctl-live-test-A_LIVE_001/.strata/context/D_trace/dispatch_packets/A_FLOWMAP_02_004/change_author_001/N_AUTHOR_1/dispatch_packet.md
/home/hou16/sctl-live-test-A_LIVE_001/.strata/context/D_trace/dispatch_packets/A_FLOWMAP_02_004/change_author_001/N_AUTHOR_1/dispatch_packet.json
STATUS[22 final dispatch files]=0

===== 22 final return ledgers =====
+ find /home/hou16/sctl-live-test-A_LIVE_001/.strata/context/D_trace/return_ledgers -type f
/home/hou16/sctl-live-test-A_LIVE_001/.strata/context/D_trace/return_ledgers/wret_class_packet.json_2026-06-13T10-13-09-688Z.json
/home/hou16/sctl-live-test-A_LIVE_001/.strata/context/D_trace/return_ledgers/wret_class_packet.json_2026-06-13T12-27-23-110Z.json
/home/hou16/sctl-live-test-A_LIVE_001/.strata/context/D_trace/return_ledgers/wret_class_packet.json_2026-06-13T12-20-30-946Z.json
/home/hou16/sctl-live-test-A_LIVE_001/.strata/context/D_trace/return_ledgers/wret_class_packet.json_2026-06-13T06-08-43-828Z.json
/home/hou16/sctl-live-test-A_LIVE_001/.strata/context/D_trace/return_ledgers/wret_class_packet.json_2026-06-13T04-58-39-494Z.json
/home/hou16/sctl-live-test-A_LIVE_001/.strata/context/D_trace/return_ledgers/wret_class_packet.json_2026-06-13T07-56-34-657Z.json
/home/hou16/sctl-live-test-A_LIVE_001/.strata/context/D_trace/return_ledgers/wret_class_packet.json_2026-06-13T06-12-35-865Z.json
/home/hou16/sctl-live-test-A_LIVE_001/.strata/context/D_trace/return_ledgers/operational_report_ready_index.jsonl
/home/hou16/sctl-live-test-A_LIVE_001/.strata/context/D_trace/return_ledgers/wret_class_packet.json_2026-06-13T01-34-55-652Z.json
/home/hou16/sctl-live-test-A_LIVE_001/.strata/context/D_trace/return_ledgers/wret_class_packet.json_2026-06-13T07-58-40-405Z.json
/home/hou16/sctl-live-test-A_LIVE_001/.strata/context/D_trace/return_ledgers/wret_class_packet.json_2026-06-13T08-08-31-936Z.json
/home/hou16/sctl-live-test-A_LIVE_001/.strata/context/D_trace/return_ledgers/wret_class_packet.json_2026-06-13T02-19-43-854Z.json
/home/hou16/sctl-live-test-A_LIVE_001/.strata/context/D_trace/return_ledgers/wret_class_packet.json_2026-06-13T12-22-41-913Z.json
/home/hou16/sctl-live-test-A_LIVE_001/.strata/context/D_trace/return_ledgers/wret_class_packet.json_2026-06-13T06-13-22-275Z.json
/home/hou16/sctl-live-test-A_LIVE_001/.strata/context/D_trace/return_ledgers/wret_class_packet.json_2026-06-13T08-10-18-370Z.json
/home/hou16/sctl-live-test-A_LIVE_001/.strata/context/D_trace/return_ledgers/wret_class_packet.json_2026-06-13T12-19-36-187Z.json
/home/hou16/sctl-live-test-A_LIVE_001/.strata/context/D_trace/return_ledgers/wret_class_packet.json_2026-06-13T12-23-47-271Z.json
/home/hou16/sctl-live-test-A_LIVE_001/.strata/context/D_trace/return_ledgers/wret_class_packet.json_2026-06-13T10-12-08-625Z.json
/home/hou16/sctl-live-test-A_LIVE_001/.strata/context/D_trace/return_ledgers/wret_class_packet.json_2026-06-13T12-26-23-192Z.json
/home/hou16/sctl-live-test-A_LIVE_001/.strata/context/D_trace/return_ledgers/wret_class_packet.json_2026-06-13T06-07-44-090Z.json
STATUS[22 final return ledgers]=0

===== 22 final classb files =====
+ find /home/hou16/sctl-live-test-A_LIVE_001/.strata/context/B -type f
/home/hou16/sctl-live-test-A_LIVE_001/.strata/context/B/b_a_flowmap_02_007_c03_merge_outcome.md
/home/hou16/sctl-live-test-A_LIVE_001/.strata/context/B/b_a_flowmap_02_007_cycle_01_author_ready.md
/home/hou16/sctl-live-test-A_LIVE_001/.strata/context/B/b_a_flowmap_02_004_merge_outcome.md
/home/hou16/sctl-live-test-A_LIVE_001/.strata/context/B/b_a_flowmap_02_005_merge_outcome.md
/home/hou16/sctl-live-test-A_LIVE_001/.strata/context/B/b_a_live_001_flowmap_accepted_report.md
/home/hou16/sctl-live-test-A_LIVE_001/.strata/context/B/b_a_flowmap_02_005_author_ready.md
/home/hou16/sctl-live-test-A_LIVE_001/.strata/context/B/b_a_live_001_ready.md
/home/hou16/sctl-live-test-A_LIVE_001/.strata/context/B/b_a_flowmap_02_007_cycle_03_author_ready.md
/home/hou16/sctl-live-test-A_LIVE_001/.strata/context/B/b_a_flowmap_02_007_c01_merge_outcome.md
/home/hou16/sctl-live-test-A_LIVE_001/.strata/context/B/b_a_flowmap_02_003_author_ready.md
/home/hou16/sctl-live-test-A_LIVE_001/.strata/context/B/b_a_flowmap_02_003_merge_outcome.md
/home/hou16/sctl-live-test-A_LIVE_001/.strata/context/B/b_a_flowmap_02_007_cycle_02_author_ready.md
/home/hou16/sctl-live-test-A_LIVE_001/.strata/context/B/b_a_flowmap_02_006_author_ready.md
/home/hou16/sctl-live-test-A_LIVE_001/.strata/context/B/b_a_flowmap_02_004_author_ready.md
/home/hou16/sctl-live-test-A_LIVE_001/.strata/context/B/b_a_live_002_review_outcome.md
/home/hou16/sctl-live-test-A_LIVE_001/.strata/context/B/b_a_flowmap_02_002_merge_outcome.md
/home/hou16/sctl-live-test-A_LIVE_001/.strata/context/B/b_a_flowmap_02_006_merge_outcome.md
/home/hou16/sctl-live-test-A_LIVE_001/.strata/context/B/b_a_flowmap_02_007_c02_merge_outcome.md
STATUS[22 final classb files]=0
DIAG[22]=OBSERVED | status clean | SCTL context Git is clean and log contains cycle commits.
FLOWMAP_02_END=2026-06-13T12:27:30Z
RUN_ROOT=/mnt/c/Users/hou16/Downloads/Codex_CLI_agent fleet/_package_patch_v0_9_4_simplified_runtime/strata_sctl_kernel_components_1_3_4_package_v0_9_4_simplified_runtime/_test_runs/flowmap02/run_20260613T121734Z
LOG=/mnt/c/Users/hou16/Downloads/Codex_CLI_agent fleet/_package_patch_v0_9_4_simplified_runtime/strata_sctl_kernel_components_1_3_4_package_v0_9_4_simplified_runtime/_test_runs/flowmap02/run_20260613T121734Z/flowmap02_operational.log
DIAG=/mnt/c/Users/hou16/Downloads/Codex_CLI_agent fleet/_package_patch_v0_9_4_simplified_runtime/strata_sctl_kernel_components_1_3_4_package_v0_9_4_simplified_runtime/_test_runs/flowmap02/run_20260613T121734Z/flowmap02_step_diagnosis.tsv
REPORT=/mnt/c/Users/hou16/Downloads/Codex_CLI_agent fleet/_package_patch_v0_9_4_simplified_runtime/strata_sctl_kernel_components_1_3_4_package_v0_9_4_simplified_runtime/_test_runs/flowmap02/run_20260613T121734Z/flowmap02_result.md
RESULT_JSON=/mnt/c/Users/hou16/Downloads/Codex_CLI_agent fleet/_package_patch_v0_9_4_simplified_runtime/strata_sctl_kernel_components_1_3_4_package_v0_9_4_simplified_runtime/_test_runs/flowmap02/run_20260613T121734Z/flowmap02_result.json
