FLOWMAP_02_START=2026-07-07T14:39:43Z
RUN_ROOT=/home/strata/workspace/runs/A_APPLIANCE_20260707T143943Z_20260707T143943Z
PACKAGE_ROOT=/opt/strata/source_sctl
SCTL_WORKSPACE=/home/strata/workspace/sctl-workspace
CODEBASE_REPO=/home/strata/workspace/codebase
SCTL_RUNTIME_DELEGATE_ROOT=/opt/strata/runtime-delegate
SCTL_RUNTIME_DELEGATE_BIN=/opt/strata/runtime-delegate/dist/src/cli.js
SCTL_RUNTIME_LAUNCH_CONFIG=/home/strata/workspace/codebase/.strata-runtime/config/launcher_delegate.local.json
SESSION_CREATE_EXTRA_ARGS=
ENVELOPE_TEMPLATE_FILE_DEPRECATED=
ASSIGNMENT_ID=A_APPLIANCE_20260707T143943Z
TRUNK_BRANCH=main
BASE_CHANGE_BRANCH=
SHORT_NAME=appliance-cycle
CYCLE_COUNT=3
COORDINATOR_RETIRE_EVERY=4
LATEST_CLASS_B_CONTEXT=2
ARTIFACT_FRESHNESS=1
FRESHNESS_KEEP_RUNTIME_SESSIONS=0
FRESHNESS_SKIP_CONTEXT_GC=0
CYCLE_ENTRY_DIR=/home/strata/workspace/sctl-workspace/.strata/cycles/director_entry
CYCLE_ENTRY_FILE=
GIT_PANEL_COMMAND=git-status
RETURN_TIMEOUT=360
OPERATIONAL_STAGE[load_director_entry]=OBSERVED | /home/strata/director_entry/director_governing_entry.md -> /home/strata/workspace/sctl-workspace/.strata/cycles/director_entry/director_governing_entry.md
DIAG[load_director_entry]=OBSERVED | /home/strata/director_entry/director_governing_entry.md -> /home/strata/workspace/sctl-workspace/.strata/cycles/director_entry/director_governing_entry.md | Director Entry Markdown was copied into the controlled SCTL director_entry inbox.
DIAG[0.director_entry_import]=OBSERVED | /home/strata/director_entry/director_governing_entry.md -> /home/strata/workspace/sctl-workspace/.strata/cycles/director_entry/director_governing_entry.md | Director Entry Markdown was copied into the controlled SCTL director_entry inbox before commit.
OPERATIONAL_STAGE[validate_director_entry]=OBSERVED | /home/strata/workspace/sctl-workspace/.strata/cycles/director_entry/director_governing_entry.md
DIAG[validate_director_entry]=OBSERVED | /home/strata/workspace/sctl-workspace/.strata/cycles/director_entry/director_governing_entry.md | Director Entry passed the harness path and Markdown file gate.
DIAG[0.cycle_entry_detect]=OBSERVED | /home/strata/workspace/sctl-workspace/.strata/cycles/director_entry/director_governing_entry.md | Director Entry Markdown file is present.
OPERATIONAL_STAGE[bind_director_entry_to_bootstrap_context]=OBSERVED | /home/strata/workspace/sctl-workspace/.strata/cycles/director_entry/director_governing_entry.md
DIAG[bind_director_entry_to_bootstrap_context]=OBSERVED | /home/strata/workspace/sctl-workspace/.strata/cycles/director_entry/director_governing_entry.md | Validated Director Entry is the governing Class A input for bootstrap and cycle start; SCTL still performs no semantic task parsing.

===== preflight delegate session list =====
+ env SCTL_RUNTIME_DELEGATE_ROOT=/opt/strata/runtime-delegate SCTL_RUNTIME_DELEGATE_BIN=/opt/strata/runtime-delegate/dist/src/cli.js /opt/strata/source_sctl/scripts/wsl_tmux/sctl-session-list --workspace /home/strata/workspace/sctl-workspace
{
  "ok": true,
  "runtime": "tmux_codex_cli",
  "operation": "session_list",
  "sessions": [
    {
      "contract_id": "strata.runtime_delegate.session_binding.v1",
      "runtime": "tmux_codex_cli",
      "assignment_id": "A_MULTI3_20260707T135726Z",
      "cycle_id": "CYCLE_A_MULTI3_20260707T135726Z_2026-07-07T13-57-27-717Z",
      "session_id": "change_author_c01",
      "role": "coder",
      "session_mode": "live_tmux",
      "retire_policy": "kill-session",
      "tmux_target": "STRATA-CODER-A_MULTI3_20260707T135726Z",
      "tmux_session_name": "STRATA-CODER-A_MULTI3_20260707T135726Z",
      "tmux_window_index": 0,
      "tmux_pane_index": 0,
      "tmux_pane_id": "%1",
      "pane_current_command": "node",
      "pane_current_path": "/home/strata/workspace/sctl-workspace",
      "pane_title": "voyag-blue",
      "workspace_root": "/home/strata/workspace/sctl-workspace",
      "return_dir": ".strata/returns/A_MULTI3_20260707T135726Z/change_author_c01",
      "evidence_path": ".strata-runtime/evidence/delegate_control/session_register/change_author_c01/2026-07-07_13-57-34-431Z/session_register_result.json",
      "created_at": "2026-07-07T13:57:34.431Z",
      "updated_at": "2026-07-07T13:58:39.025Z",
      "status": "observed_alive"
    },
    {
      "contract_id": "strata.runtime_delegate.session_binding.v1",
      "runtime": "tmux_codex_cli",
      "assignment_id": "A_MULTI3_20260707T135726Z",
      "cycle_id": "CYCLE_A_MULTI3_20260707T135726Z_2026-07-07T13-57-27-717Z",
      "session_id": "delegated_coordinator_001",
      "role": "coordinator",
      "session_mode": "live_tmux",
      "retire_policy": "kill-session",
      "tmux_target": "STRATA-COORDINATOR-A_MULTI3_20260707T135726Z",
      "tmux_session_name": "STRATA-COORDINATOR-A_MULTI3_20260707T135726Z",
      "tmux_window_index": 0,
      "tmux_pane_index": 0,
      "tmux_pane_id": "%0",
      "pane_current_command": "node",
      "pane_current_path": "/home/strata/workspace/sctl-workspace",
      "pane_title": "voyag-blue",
      "workspace_root": "/home/strata/workspace/sctl-workspace",
      "return_dir": ".strata/returns/A_MULTI3_20260707T135726Z/delegated_coordinator_001",
      "evidence_path": ".strata-runtime/evidence/delegate_control/session_register/delegated_coordinator_001/2026-07-07_13-57-28-679Z/session_register_result.json",
      "created_at": "2026-07-07T13:57:28.679Z",
      "updated_at": "2026-07-07T13:57:32.790Z",
      "status": "observed_alive"
    },
    {
      "contract_id": "strata.runtime_delegate.session_binding.v1",
      "runtime": "tmux_codex_cli",
      "assignment_id": "A_MULTI3_20260707T135726Z",
      "cycle_id": "CYCLE_A_MULTI3_20260707T135726Z_2026-07-07T13-57-27-717Z",
      "session_id": "reviewer_c01",
      "role": "reviewer",
      "session_mode": "live_tmux",
      "retire_policy": "kill-session",
      "tmux_target": "STRATA-REVIEWER-A_MULTI3_20260707T135726Z",
      "tmux_session_name": "STRATA-REVIEWER-A_MULTI3_20260707T135726Z",
      "tmux_window_index": 0,
      "tmux_pane_index": 0,
      "tmux_pane_id": "%2",
      "pane_current_command": "node",
      "pane_current_path": "/home/strata/workspace/sctl-workspace",
      "pane_title": "voyag-blue",
      "workspace_root": "/home/strata/workspace/sctl-workspace",
      "return_dir": ".strata/returns/A_MULTI3_20260707T135726Z/reviewer_c01",
      "evidence_path": ".strata-runtime/evidence/delegate_control/session_register/reviewer_c01/2026-07-07_13-59-29-089Z/session_register_result.json",
      "created_at": "2026-07-07T13:59:29.089Z",
      "updated_at": "2026-07-07T13:59:34.210Z",
      "status": "observed_alive"
    }
  ],
  "timestamp": "2026-07-07T14:39:44.080Z"
}
STATUS[preflight delegate session list]=0
DIAG[preflight.tests]=SKIPPED | --skip-npm-test | Package tests were skipped by operator.
DIAG[preflight.adapters]=SKIPPED | --skip-adapter-syntax | Adapter syntax check was skipped by operator.

===== 0 context bootstrap =====
+ node /opt/strata/source_sctl/src/cli.js --workspace /home/strata/workspace/sctl-workspace context bootstrap
{
  "contract_id": "strata.sctl.result_envelope.v1",
  "tool_id": "sctl.context.bootstrap.v1",
  "ok": true,
  "result": {
    "context_repo": "/home/strata/workspace/sctl-workspace/.strata/context",
    "git": {
      "command": "git",
      "args": [
        "commit",
        "-m",
        "strata context bootstrap"
      ],
      "cwd": "/home/strata/workspace/sctl-workspace/.strata/context",
      "status": 0,
      "signal": null,
      "stdout": "[master edc17c3] strata context bootstrap\n 1 file changed, 1 insertion(+), 1 deletion(-)\n",
      "stderr": "",
      "ok": true,
      "error": null,
      "commit": "edc17c3"
    },
    "state": {
      "contract_id": "strata.context_state.v2_simplified_runtime",
      "context_epoch": 9,
      "current_context_epoch": 12,
      "context_revision": 20,
      "class_a_revision": 8,
      "class_b_revision": 12,
      "current_class_b_revision": 12,
      "class_b_updates_since_full_refresh": 2,
      "refresh_required": true,
      "refresh_reason": "Class A contract or doctrine update requires fresh full context dispatch",
      "context_update_policy": "class_a_full_latest2_class_b_cycle_math",
      "created_at": "2026-07-06T04:49:04.748Z",
      "updated_at": "2026-07-07T14:39:44.507Z"
    }
  },
  "errors": [],
  "evidence_paths": [
    "/home/strata/workspace/sctl-workspace/.strata/context/README.md",
    "/home/strata/workspace/sctl-workspace/.strata/context/D_trace/context_state.json",
    "/home/strata/workspace/sctl-workspace/.strata/context/D_trace/telemetry/workflow_telemetry.jsonl"
  ],
  "created_at": "2026-07-07T14:39:44.614Z"
}
STATUS[0 context bootstrap]=0
DIAG[0]=OBSERVED | context bootstrap ok | SCTL context Git exists and bootstrap committed or updated state.
OPERATIONAL_STAGE[bootstrap_context]=OBSERVED | context bootstrap ok
DIAG[bootstrap_context]=OBSERVED | context bootstrap ok | SCTL context Git exists and bootstrap committed or updated state.

===== 0 cycle start =====
+ node /opt/strata/source_sctl/src/cli.js --workspace /home/strata/workspace/sctl-workspace cycle start --assignment-id A_APPLIANCE_20260707T143943Z --file /home/strata/workspace/sctl-workspace/.strata/cycles/director_entry/director_governing_entry.md --coordinator-id delegated_coordinator_001 --codebase-repo /home/strata/workspace/codebase --trunk-branch main --change-branch change/A_APPLIANCE_20260707T143943Z/C01-appliance-cycle --short-name appliance-cycle
{
  "contract_id": "strata.sctl.result_envelope.v1",
  "tool_id": "sctl.cycle.director_entry.submit.v1",
  "ok": true,
  "result": {
    "cycle_id": "CYCLE_A_APPLIANCE_20260707T143943Z_2026-07-07T14-39-45-001Z",
    "assignment_id": "A_APPLIANCE_20260707T143943Z",
    "coordinator_id": "delegated_coordinator_001",
    "entry": {
      "contract_id": "strata.cycle.director_governing_entry_reference.v1",
      "cycle_id": "CYCLE_A_APPLIANCE_20260707T143943Z_2026-07-07T14-39-45-001Z",
      "assignment_id": "A_APPLIANCE_20260707T143943Z",
      "status": "active",
      "coordinator": {
        "role": "Delegated Coordinator",
        "id": "delegated_coordinator_001"
      },
      "director_entry_document": {
        "contract_id": "strata.class_a.director_governing_entry_document.v1",
        "class": "A",
        "path": "/home/strata/workspace/sctl-workspace/.strata/context/A/director_governing_entries/a_appliance_20260707t143943z/cycle_a_appliance_20260707t143943z_2026-07-07t14-39-45-001z_director_governing_entry.md",
        "relative_path": ".strata/context/A/director_governing_entries/a_appliance_20260707t143943z/cycle_a_appliance_20260707t143943z_2026-07-07t14-39-45-001z_director_governing_entry.md",
        "context_relative_path": "A/director_governing_entries/a_appliance_20260707t143943z/cycle_a_appliance_20260707t143943z_2026-07-07t14-39-45-001z_director_governing_entry.md",
        "sha256": "bd1a899c9fb6f2e596bb86de10172139e7b48124e0b97cc3f3ebe33415b35951",
        "git_commit": "b74acc8"
      },
      "validation_policy": "markdown_file_only_no_director_semantic_parsing"
    },
    "entry_path": "/home/strata/workspace/sctl-workspace/.strata/context/D_trace/cycles/cycle_a_appliance_20260707t143943z_2026-07-07t14-39-45-001z/cycle_entry.json",
    "active_cycle_path": "/home/strata/workspace/sctl-workspace/.strata/context/D_trace/cycles/active_cycle.json",
    "director_entry_document": {
      "contract_id": "strata.class_a.director_governing_entry_document.v1",
      "class": "A",
      "path": "/home/strata/workspace/sctl-workspace/.strata/context/A/director_governing_entries/a_appliance_20260707t143943z/cycle_a_appliance_20260707t143943z_2026-07-07t14-39-45-001z_director_governing_entry.md",
      "relative_path": ".strata/context/A/director_governing_entries/a_appliance_20260707t143943z/cycle_a_appliance_20260707t143943z_2026-07-07t14-39-45-001z_director_governing_entry.md",
      "context_relative_path": "A/director_governing_entries/a_appliance_20260707t143943z/cycle_a_appliance_20260707t143943z_2026-07-07t14-39-45-001z_director_governing_entry.md",
      "sha256": "bd1a899c9fb6f2e596bb86de10172139e7b48124e0b97cc3f3ebe33415b35951",
      "git_commit": "b74acc8"
    },
    "class_a_git": {
      "command": "git",
      "args": [
        "commit",
        "-m",
        "Class A Director Entry Document A_APPLIANCE_20260707T143943Z CYCLE_A_APPLIANCE_20260707T143943Z_2026-07-07T14-39-45-001Z"
      ],
      "cwd": "/home/strata/workspace/sctl-workspace/.strata/context",
      "status": 0,
      "signal": null,
      "stdout": "[master b74acc8] Class A Director Entry Document A_APPLIANCE_20260707T143943Z CYCLE_A_APPLIANCE_20260707T143943Z_2026-07-07T14-39-45-001Z\n 3 files changed, 19 insertions(+), 5 deletions(-)\n create mode 100644 A/director_governing_entries/a_appliance_20260707t143943z/cycle_a_appliance_20260707t143943z_2026-07-07t14-39-45-001z_director_governing_entry.md\n",
      "stderr": "",
      "ok": true,
      "error": null,
      "commit": "b74acc8"
    },
    "cycle_git": {
      "command": "git",
      "args": [
        "commit",
        "-m",
        "cycle entry reference A_APPLIANCE_20260707T143943Z CYCLE_A_APPLIANCE_20260707T143943Z_2026-07-07T14-39-45-001Z"
      ],
      "cwd": "/home/strata/workspace/sctl-workspace/.strata/context",
      "status": 0,
      "signal": null,
      "stdout": "[master 85bc02d] cycle entry reference A_APPLIANCE_20260707T143943Z CYCLE_A_APPLIANCE_20260707T143943Z_2026-07-07T14-39-45-001Z\n 3 files changed, 68 insertions(+), 21 deletions(-)\n create mode 100644 D_trace/cycles/cycle_a_appliance_20260707t143943z_2026-07-07t14-39-45-001z/cycle_entry.json\n",
      "stderr": "",
      "ok": true,
      "error": null,
      "commit": "85bc02d"
    },
    "coordinator_dispatch": {
      "outbox": {
        "dir": "/home/strata/workspace/sctl-workspace/.strata/dispatch_outbox/A_APPLIANCE_20260707T143943Z/delegated_coordinator_001/N_COORD_CYCLE_A_APPLIANCE_20260707T143943Z_2026-07-07T14-39-45-001Z",
        "packetJsonPath": "/home/strata/workspace/sctl-workspace/.strata/dispatch_outbox/A_APPLIANCE_20260707T143943Z/delegated_coordinator_001/N_COORD_CYCLE_A_APPLIANCE_20260707T143943Z_2026-07-07T14-39-45-001Z/dispatch_packet.json",
        "packetMdPath": "/home/strata/workspace/sctl-workspace/.strata/dispatch_outbox/A_APPLIANCE_20260707T143943Z/delegated_coordinator_001/N_COORD_CYCLE_A_APPLIANCE_20260707T143943Z_2026-07-07T14-39-45-001Z/dispatch_packet.md",
        "manifestPath": "/home/strata/workspace/sctl-workspace/.strata/dispatch_outbox/A_APPLIANCE_20260707T143943Z/delegated_coordinator_001/N_COORD_CYCLE_A_APPLIANCE_20260707T143943Z_2026-07-07T14-39-45-001Z/manifest.json"
      },
      "git_snapshot": {
        "dir": "/home/strata/workspace/sctl-workspace/.strata/context/D_trace/dispatch_packets/A_APPLIANCE_20260707T143943Z/delegated_coordinator_001/N_COORD_CYCLE_A_APPLIANCE_20260707T143943Z_2026-07-07T14-39-45-001Z",
        "packetJsonPath": "/home/strata/workspace/sctl-workspace/.strata/context/D_trace/dispatch_packets/A_APPLIANCE_20260707T143943Z/delegated_coordinator_001/N_COORD_CYCLE_A_APPLIANCE_20260707T143943Z_2026-07-07T14-39-45-001Z/dispatch_packet.json",
        "packetMdPath": "/home/strata/workspace/sctl-workspace/.strata/context/D_trace/dispatch_packets/A_APPLIANCE_20260707T143943Z/delegated_coordinator_001/N_COORD_CYCLE_A_APPLIANCE_20260707T143943Z_2026-07-07T14-39-45-001Z/dispatch_packet.md",
        "manifestPath": "/home/strata/workspace/sctl-workspace/.strata/context/D_trace/dispatch_packets/A_APPLIANCE_20260707T143943Z/delegated_coordinator_001/N_COORD_CYCLE_A_APPLIANCE_20260707T143943Z_2026-07-07T14-39-45-001Z/manifest.json"
      },
      "dispatch_log_path": "/home/strata/workspace/sctl-workspace/.strata/context/D_trace/dispatch_log/a_appliance_20260707t143943z_n_coord_cycle_a_appliance_20260707t143943z_2026-07-07t14-39-45-001z_delegated_coordinator_001.json",
      "tester_entrypoint": {
        "packet_markdown": "/home/strata/workspace/sctl-workspace/.strata/dispatch_outbox/A_APPLIANCE_20260707T143943Z/delegated_coordinator_001/N_COORD_CYCLE_A_APPLIANCE_20260707T143943Z_2026-07-07T14-39-45-001Z/dispatch_packet.md",
        "metadata_json": "/home/strata/workspace/sctl-workspace/.strata/dispatch_outbox/A_APPLIANCE_20260707T143943Z/delegated_coordinator_001/N_COORD_CYCLE_A_APPLIANCE_20260707T143943Z_2026-07-07T14-39-45-001Z/dispatch_packet.json",
        "dispatch_log": "/home/strata/workspace/sctl-workspace/.strata/context/D_trace/dispatch_log/a_appliance_20260707t143943z_n_coord_cycle_a_appliance_20260707t143943z_2026-07-07t14-39-45-001z_delegated_coordinator_001.json",
        "suggested_delivery_command": "strata-runtime-edge delegate dispatch-deliver --session-id delegated_coordinator_001 --packet /home/strata/workspace/sctl-workspace/.strata/dispatch_outbox/A_APPLIANCE_20260707T143943Z/delegated_coordinator_001/N_COORD_CYCLE_A_APPLIANCE_20260707T143943Z_2026-07-07T14-39-45-001Z/dispatch_packet.md --workspace /home/strata/workspace/sctl-workspace"
      },
      "notice_count": 0,
      "git": {
        "command": "git",
        "args": [
          "commit",
          "-m",
          "dispatch record A_APPLIANCE_20260707T143943Z N_COORD_CYCLE_A_APPLIANCE_20260707T143943Z_2026-07-07T14-39-45-001Z"
        ],
        "cwd": "/home/strata/workspace/sctl-workspace/.strata/context",
        "status": 0,
        "signal": null,
        "stdout": "[master 12177f7] dispatch record A_APPLIANCE_20260707T143943Z N_COORD_CYCLE_A_APPLIANCE_20260707T143943Z_2026-07-07T14-39-45-001Z\n 8 files changed, 750 insertions(+)\n create mode 100644 D_trace/dispatch_log/a_appliance_20260707t143943z_n_coord_cycle_a_appliance_20260707t143943z_2026-07-07t14-39-45-001z_delegated_coordinator_001.json\n create mode 100644 D_trace/dispatch_packets/A_APPLIANCE_20260707T143943Z/delegated_coordinator_001/N_COORD_CYCLE_A_APPLIANCE_20260707T143943Z_2026-07-07T14-39-45-001Z/context_export/context.md\n create mode 100644 D_trace/dispatch_packets/A_APPLIANCE_20260707T143943Z/delegated_coordinator_001/N_COORD_CYCLE_A_APPLIANCE_20260707T143943Z_2026-07-07T14-39-45-001Z/context_export/manifest.json\n create mode 100644 D_trace/dispatch_packets/A_APPLIANCE_20260707T143943Z/delegated_coordinator_001/N_COORD_CYCLE_A_APPLIANCE_20260707T143943Z_2026-07-07T14-39-45-001Z/context_export/source_index.json\n create mode 100644 D_trace/dispatch_packets/A_APPLIANCE_20260707T143943Z/delegated_coordinator_001/N_COORD_CYCLE_A_APPLIANCE_20260707T143943Z_2026-07-07T14-39-45-001Z/dispatch_packet.json\n create mode 100644 D_trace/dispatch_packets/A_APPLIANCE_20260707T143943Z/delegated_coordinator_001/N_COORD_CYCLE_A_APPLIANCE_20260707T143943Z_2026-07-07T14-39-45-001Z/dispatch_packet.md\n create mode 100644 D_trace/dispatch_packets/A_APPLIANCE_20260707T143943Z/delegated_coordinator_001/N_COORD_CYCLE_A_APPLIANCE_20260707T143943Z_2026-07-07T14-39-45-001Z/manifest.json\n",
        "stderr": "",
        "ok": true,
        "error": null,
        "commit": "12177f7"
      },
      "packet": {
        "contract_id": "strata.dispatch.packet.v3_context_envelope",
        "dispatch_format": "sctl.context_dispatch_envelope.v1",
        "envelope_type": "initial_task_coordination",
        "envelope_title": "# Initial task coordination envelope",
        "dispatch_kind": "DIRECTOR_ENTRY_CONTEXT_COMMIT",
        "assignment_id": "A_APPLIANCE_20260707T143943Z",
        "nonce": "N_COORD_CYCLE_A_APPLIANCE_20260707T143943Z_2026-07-07T14-39-45-001Z",
        "from": {
          "role": "SCTL Context Commit Trigger",
          "id": "sctl_context_git"
        },
        "to": {
          "role": "Delegated Coordinator",
          "id": "delegated_coordinator_001",
          "session": null
        },
        "fixed_header": "The director has assigned the task definition and authoritative goals, decisions via context picture. Your role is to analyze the problem and review the environment, then author a fresh Coordinator Work Order (a Class B Markdown document) that breaks the director intent into bounded change items for the Change Author. Do NOT implement code changes yourself. You will assign the role to the change author in our team by dropping the task order via submission path.",
        "dispatch_envelope_template": {
          "path": "templates/dispatch/deterministic_dispatch_envelope.template.md",
          "absolute_path": "/opt/strata/source_sctl/templates/dispatch/deterministic_dispatch_envelope.template.md",
          "sha256": "c9aec961a68ee4e6702edb2c9c6ece0b933c7db3b9e56914d05bb773c3c55376"
        },
        "pasted_body_metadata_policy": "assignment_id_only",
        "source_context": {
          "trigger": "CLASS_A_CONTEXT_COMMIT",
          "class": "A",
          "path": ".strata/context/A/director_governing_entries/a_appliance_20260707t143943z/cycle_a_appliance_20260707t143943z_2026-07-07t14-39-45-001z_director_governing_entry.md",
          "sha256": "bd1a899c9fb6f2e596bb86de10172139e7b48124e0b97cc3f3ebe33415b35951",
          "git_commit": "b74acc8"
        },
        "related_class_b": [],
        "declared_files": [
          "DIRECTOR_ENTRY_DOCUMENT:.strata/context/A/director_governing_entries/a_appliance_20260707t143943z/cycle_a_appliance_20260707t143943z_2026-07-07t14-39-45-001z_director_governing_entry.md",
          "CYCLE_ENTRY_OBJECT:.strata/context/D_trace/cycles/cycle_a_appliance_20260707t143943z_2026-07-07t14-39-45-001z/cycle_entry.json",
          "CODEBASE_REPO:/home/strata/workspace/codebase",
          "TRUNK_BRANCH:main",
          "CHANGE_BRANCH:change/A_APPLIANCE_20260707T143943Z/C01-appliance-cycle"
        ],
        "class_c_message_path": null,
        "class_c_message_sha256": null,
        "submission_templates": [
          {
            "path": "templates/work_products/coordinator_work_order.template.md",
            "absolute_path": "/opt/strata/source_sctl/templates/work_products/coordinator_work_order.template.md",
            "sha256": "1cd1572001429895fb4d650ddcb40641c9178cdc0bee01ece831ea2f2b4f51d8"
          }
        ],
        "context_export": {
          "markdown_path": "/home/strata/workspace/sctl-workspace/.strata/context/D_trace/dispatch_packets/A_APPLIANCE_20260707T143943Z/delegated_coordinator_001/N_COORD_CYCLE_A_APPLIANCE_20260707T143943Z_2026-07-07T14-39-45-001Z/context_export/context.md",
          "source_index_path": "/home/strata/workspace/sctl-workspace/.strata/context/D_trace/dispatch_packets/A_APPLIANCE_20260707T143943Z/delegated_coordinator_001/N_COORD_CYCLE_A_APPLIANCE_20260707T143943Z_2026-07-07T14-39-45-001Z/context_export/source_index.json",
          "manifest_path": "/home/strata/workspace/sctl-workspace/.strata/context/D_trace/dispatch_packets/A_APPLIANCE_20260707T143943Z/delegated_coordinator_001/N_COORD_CYCLE_A_APPLIANCE_20260707T143943Z_2026-07-07T14-39-45-001Z/context_export/manifest.json",
          "source_count": 3,
          "include_classes": [
            "A",
            "B"
          ],
          "since_class_b_revision": null,
          "class_b_latest": 2,
          "class_b_filter": "latest_2",
          "class_b_context_policy": "latest_2",
          "empty_context_valid": true
        },
        "runtime_delivery": "delegate_dispatch_deliver_contract",
        "dispatch_delivery_owner": "runtime_delegate_contract",
        "dispatch_to_git_is_primary_evidence": false,
        "runtime_operational_log_is_primary_delivery_evidence": true,
        "chatbox_inspection_required": false,
        "session_policy": "persistent_registry_explicit_release_no_auto_kill",
        "created_at": "2026-07-07T14:39:45.123Z",
        "markdown_sha256": "63f21957954bd7c6c73396af155da7855d866a243019ec5eadcd669f85426df2",
        "injection_result": null,
        "context_state": {
          "contract_id": "strata.context_state.v2_simplified_runtime",
          "context_epoch": 10,
          "current_context_epoch": 12,
          "context_revision": 21,
          "class_a_revision": 9,
          "class_b_revision": 12,
          "current_class_b_revision": 12,
          "class_b_updates_since_full_refresh": 0,
          "refresh_required": true,
          "refresh_reason": "Class A contract or doctrine update requires fresh full context dispatch",
          "context_update_policy": "class_a_full_latest2_class_b_cycle_math",
          "created_at": "2026-07-06T04:49:04.748Z",
          "updated_at": "2026-07-07T14:39:45.011Z"
        }
      }
    },
    "dispatch_deferred": false
  },
  "errors": [],
  "evidence_paths": [
    "/home/strata/workspace/sctl-workspace/.strata/context/A/director_governing_entries/a_appliance_20260707t143943z/cycle_a_appliance_20260707t143943z_2026-07-07t14-39-45-001z_director_governing_entry.md",
    "/home/strata/workspace/sctl-workspace/.strata/context/D_trace/cycles/cycle_a_appliance_20260707t143943z_2026-07-07t14-39-45-001z/cycle_entry.json",
    "/home/strata/workspace/sctl-workspace/.strata/context/D_trace/cycles/active_cycle.json",
    "/home/strata/workspace/sctl-workspace/.strata/context/D_trace/telemetry/workflow_telemetry.jsonl",
    "/home/strata/workspace/sctl-workspace/.strata/context/D_trace/telemetry/workflow_telemetry.jsonl",
    "/home/strata/workspace/sctl-workspace/.strata/dispatch_outbox/A_APPLIANCE_20260707T143943Z/delegated_coordinator_001/N_COORD_CYCLE_A_APPLIANCE_20260707T143943Z_2026-07-07T14-39-45-001Z/dispatch_packet.json",
    "/home/strata/workspace/sctl-workspace/.strata/dispatch_outbox/A_APPLIANCE_20260707T143943Z/delegated_coordinator_001/N_COORD_CYCLE_A_APPLIANCE_20260707T143943Z_2026-07-07T14-39-45-001Z/dispatch_packet.md",
    "/home/strata/workspace/sctl-workspace/.strata/dispatch_outbox/A_APPLIANCE_20260707T143943Z/delegated_coordinator_001/N_COORD_CYCLE_A_APPLIANCE_20260707T143943Z_2026-07-07T14-39-45-001Z/manifest.json",
    "/home/strata/workspace/sctl-workspace/.strata/context/D_trace/dispatch_packets/A_APPLIANCE_20260707T143943Z/delegated_coordinator_001/N_COORD_CYCLE_A_APPLIANCE_20260707T143943Z_2026-07-07T14-39-45-001Z/dispatch_packet.json",
    "/home/strata/workspace/sctl-workspace/.strata/context/D_trace/dispatch_packets/A_APPLIANCE_20260707T143943Z/delegated_coordinator_001/N_COORD_CYCLE_A_APPLIANCE_20260707T143943Z_2026-07-07T14-39-45-001Z/dispatch_packet.md",
    "/home/strata/workspace/sctl-workspace/.strata/context/D_trace/dispatch_packets/A_APPLIANCE_20260707T143943Z/delegated_coordinator_001/N_COORD_CYCLE_A_APPLIANCE_20260707T143943Z_2026-07-07T14-39-45-001Z/manifest.json",
    "/home/strata/workspace/sctl-workspace/.strata/context/D_trace/dispatch_packets/A_APPLIANCE_20260707T143943Z/delegated_coordinator_001/N_COORD_CYCLE_A_APPLIANCE_20260707T143943Z_2026-07-07T14-39-45-001Z/context_export/context.md",
    "/home/strata/workspace/sctl-workspace/.strata/context/D_trace/dispatch_packets/A_APPLIANCE_20260707T143943Z/delegated_coordinator_001/N_COORD_CYCLE_A_APPLIANCE_20260707T143943Z_2026-07-07T14-39-45-001Z/context_export/source_index.json",
    "/home/strata/workspace/sctl-workspace/.strata/context/D_trace/dispatch_packets/A_APPLIANCE_20260707T143943Z/delegated_coordinator_001/N_COORD_CYCLE_A_APPLIANCE_20260707T143943Z_2026-07-07T14-39-45-001Z/context_export/manifest.json",
    "/home/strata/workspace/sctl-workspace/.strata/context/D_trace/dispatch_log/a_appliance_20260707t143943z_n_coord_cycle_a_appliance_20260707t143943z_2026-07-07t14-39-45-001z_delegated_coordinator_001.json",
    "/home/strata/workspace/sctl-workspace/.strata/context/D_trace/telemetry/workflow_telemetry.jsonl"
  ],
  "created_at": "2026-07-07T14:39:45.195Z"
}
STATUS[0 cycle start]=0
DIAG[0.cycle_start]=OBSERVED | CYCLE_A_APPLIANCE_20260707T143943Z_2026-07-07T14-39-45-001Z | Director Entry Document was committed to Class A and normalized into a reference object without SCTL semantic task parsing.
DIAG[0.git_panel]=OBSERVED | sctl panel git caller available | Visible Git panel can be called from SCTL; operator did not request launch.
DIAG[run_start.artifact_freshness.returns]=SKIPPED | /home/strata/workspace/sctl-workspace/.strata/returns/A_APPLIANCE_20260707T143943Z absent | No transient return directories were present at run start.
DIAG[run_start.artifact_freshness.runtime]=SKIPPED | no stale disposable sessions | No zombie disposable author/reviewer sessions remained for this assignment at run start.
DIAG[run_start.artifact_freshness]=OBSERVED | run-start cleanup complete | Harness cleared stale transient worker return directories and disposable runtime sessions before cycle 1, so a crashed prior run cannot poison the first cycle via a stale packet.json or a duplicate-name tmux session. Codebase-git branches and context-git content are untouched; context-git GC runs only at cycle end.

===== 1 session new delegated coordinator =====
+ env SCTL_RUNTIME_DELEGATE_ROOT=/opt/strata/runtime-delegate SCTL_RUNTIME_DELEGATE_BIN=/opt/strata/runtime-delegate/dist/src/cli.js SCTL_RUNTIME_LAUNCH_CONFIG=/home/strata/workspace/codebase/.strata-runtime/config/launcher_delegate.local.json SCTL_RUNTIME_SESSION_EXTRA_ARGS= /opt/strata/source_sctl/scripts/wsl_tmux/sctl-session-new --workspace /home/strata/workspace/sctl-workspace --assignment-id A_APPLIANCE_20260707T143943Z --role Delegated\ Coordinator --id delegated_coordinator_001 --session-mode long_running --cycle-id CYCLE_A_APPLIANCE_20260707T143943Z_2026-07-07T14-39-45-001Z --resolve-existing
adapter_delegate_evidence=.strata-runtime/evidence/delegate_control/session_register/delegated_coordinator_001/2026-07-07_14-39-46-101Z/session_register_result.json
{
  "contract_id": "strata.sctl.result_envelope.v1",
  "tool_id": "sctl.sessions.register.v1",
  "ok": true,
  "result": {
    "session": {
      "contract_id": "strata.class_c.active_session.v3_runtime_registry",
      "role": "Delegated Coordinator",
      "id": "delegated_coordinator_001",
      "logical_session_id": "delegated_coordinator_001",
      "session_name": "STRATA-COORDINATOR-A_APPLIANCE_20260707T143943Z",
      "runtime_session_name": "STRATA-COORDINATOR-A_APPLIANCE_20260707T143943Z",
      "runtime_role": "coordinator",
      "runtime_tmux_target": "STRATA-COORDINATOR-A_APPLIANCE_20260707T143943Z",
      "runtime_binding_id": "delegated_coordinator_001",
      "runtime_binding_status": "registered",
      "assignment_id": "A_APPLIANCE_20260707T143943Z",
      "session_mode": "long_running",
      "runtime": "delegate_control_surface",
      "return_dir": ".strata/returns/A_APPLIANCE_20260707T143943Z/delegated_coordinator_001",
      "evidence_dir": ".strata/evidence/sessions/delegated_coordinator_001",
      "delegate_evidence_path": ".strata-runtime/evidence/delegate_control/session_register/delegated_coordinator_001/2026-07-07_14-39-46-101Z/session_register_result.json",
      "termination_policy": "explicit_only",
      "loaded_context_epoch": 12,
      "loaded_class_a_revision": 9,
      "loaded_class_b_revision": 12,
      "status": "active",
      "delivery_mode": "context_envelope_via_runtime_delegate_registry",
      "registered_at": "2026-07-07T14:39:46.613Z"
    },
    "file": "/home/strata/workspace/sctl-workspace/.strata/context/C/sessions/active_sessions.json",
    "git": {
      "command": "git",
      "args": [
        "commit",
        "-m",
        "session register A_APPLIANCE_20260707T143943Z delegated_coordinator_001"
      ],
      "cwd": "/home/strata/workspace/sctl-workspace/.strata/context",
      "status": 0,
      "signal": null,
      "stdout": "[master 9eb14ea] session register A_APPLIANCE_20260707T143943Z delegated_coordinator_001\n 2 files changed, 27 insertions(+), 1 deletion(-)\n",
      "stderr": "",
      "ok": true,
      "error": null,
      "commit": "9eb14ea"
    }
  },
  "errors": [],
  "evidence_paths": [
    "/home/strata/workspace/sctl-workspace/.strata/context/C/sessions/active_sessions.json",
    "/home/strata/workspace/sctl-workspace/.strata/context/D_trace/telemetry/workflow_telemetry.jsonl"
  ],
  "created_at": "2026-07-07T14:39:46.657Z"
}
STATUS[1 session new delegated coordinator]=0
DIAG[1.session_target]=OBSERVED | STRATA-COORDINATOR-A_APPLIANCE_20260707T143943Z | Runtime session name was resolved from the adapter registry; no synthetic SCTL id is used for runtime targeting.
DIAG[1]=OBSERVED | delegated_coordinator_001 registered | Persistent Delegated Coordinator was recorded in SCTL Git through the adapter boundary.
OPERATIONAL_STAGE[register_align_coordinator_session]=OBSERVED | delegated_coordinator_001 -> STRATA-COORDINATOR-A_APPLIANCE_20260707T143943Z
DIAG[register_align_coordinator_session]=OBSERVED | delegated_coordinator_001 -> STRATA-COORDINATOR-A_APPLIANCE_20260707T143943Z | Coordinator logical session was registered and aligned through the runtime delegate adapter boundary.

===== 2 coordinator dispatch inject =====
+ env SCTL_RUNTIME_DELEGATE_ROOT=/opt/strata/runtime-delegate SCTL_RUNTIME_DELEGATE_BIN=/opt/strata/runtime-delegate/dist/src/cli.js /opt/strata/source_sctl/scripts/wsl_tmux/sctl-dispatch-inject --workspace /home/strata/workspace/sctl-workspace --assignment-id A_APPLIANCE_20260707T143943Z --id delegated_coordinator_001 --session STRATA-COORDINATOR-A_APPLIANCE_20260707T143943Z --packet /home/strata/workspace/sctl-workspace/.strata/dispatch_outbox/A_APPLIANCE_20260707T143943Z/delegated_coordinator_001/N_COORD_CYCLE_A_APPLIANCE_20260707T143943Z_2026-07-07T14-39-45-001Z/dispatch_packet.md --paste-delay 5 --no-tab
{
  "ok": true,
  "runtime": "tmux_codex_cli",
  "operation": "dispatch_delivery",
  "session_id": "delegated_coordinator_001",
  "runtime_session_name": "STRATA-COORDINATOR-A_APPLIANCE_20260707T143943Z",
  "tmux_target": "STRATA-COORDINATOR-A_APPLIANCE_20260707T143943Z",
  "packet_path": ".strata/dispatch_outbox/A_APPLIANCE_20260707T143943Z/delegated_coordinator_001/N_COORD_CYCLE_A_APPLIANCE_20260707T143943Z_2026-07-07T14-39-45-001Z/dispatch_packet.md",
  "packet_sha256": "63f21957954bd7c6c73396af155da7855d866a243019ec5eadcd669f85426df2",
  "evidence_path": ".strata-runtime/evidence/delegate_control/dispatch_delivery/delegated_coordinator_001/2026-07-07_14-39-52-272Z/dispatch_delivery_result.json",
  "timestamp": "2026-07-07T14:39:52.272Z",
  "error": null
}
STATUS[2 coordinator dispatch inject]=0
DIAG[2.coordinator_dispatch]=OBSERVED | STRATA-COORDINATOR-A_APPLIANCE_20260707T143943Z injected /home/strata/workspace/sctl-workspace/.strata/dispatch_outbox/A_APPLIANCE_20260707T143943Z/delegated_coordinator_001/N_COORD_CYCLE_A_APPLIANCE_20260707T143943Z_2026-07-07T14-39-45-001Z/dispatch_packet.md | Initial Coordinator received the Director/Class A context envelope; author dispatch must wait for Coordinator-authored Class B work order.

===== 21 coordinator context latest2 cycle_00/coordinator_initial_latest2 =====
+ node /opt/strata/source_sctl/src/cli.js --workspace /home/strata/workspace/sctl-workspace context export-markdown --include-classes A\,B --class-b-latest 2 --out /home/strata/workspace/runs/A_APPLIANCE_20260707T143943Z_20260707T143943Z/context_exports/cycle_00/coordinator_initial_latest2
{
  "contract_id": "strata.sctl.result_envelope.v1",
  "tool_id": "sctl.context.export_markdown.v2",
  "ok": true,
  "result": {
    "out_dir": "/home/strata/workspace/runs/A_APPLIANCE_20260707T143943Z_20260707T143943Z/context_exports/cycle_00/coordinator_initial_latest2",
    "markdown_path": "/home/strata/workspace/runs/A_APPLIANCE_20260707T143943Z_20260707T143943Z/context_exports/cycle_00/coordinator_initial_latest2/context.md",
    "source_index_path": "/home/strata/workspace/runs/A_APPLIANCE_20260707T143943Z_20260707T143943Z/context_exports/cycle_00/coordinator_initial_latest2/source_index.json",
    "manifest_path": "/home/strata/workspace/runs/A_APPLIANCE_20260707T143943Z_20260707T143943Z/context_exports/cycle_00/coordinator_initial_latest2/manifest.json",
    "source_count": 3,
    "state": {
      "contract_id": "strata.context_state.v2_simplified_runtime",
      "context_epoch": 10,
      "current_context_epoch": 12,
      "context_revision": 21,
      "class_a_revision": 9,
      "class_b_revision": 12,
      "current_class_b_revision": 12,
      "class_b_updates_since_full_refresh": 0,
      "refresh_required": true,
      "refresh_reason": "Class A contract or doctrine update requires fresh full context dispatch",
      "context_update_policy": "class_a_full_latest2_class_b_cycle_math",
      "created_at": "2026-07-06T04:49:04.748Z",
      "updated_at": "2026-07-07T14:39:45.011Z"
    },
    "include_classes": [
      "A",
      "B"
    ],
    "since_class_b_revision": null,
    "class_b_latest": 2,
    "class_b_filter": "latest_2"
  },
  "errors": [],
  "evidence_paths": [
    "/home/strata/workspace/runs/A_APPLIANCE_20260707T143943Z_20260707T143943Z/context_exports/cycle_00/coordinator_initial_latest2/context.md",
    "/home/strata/workspace/runs/A_APPLIANCE_20260707T143943Z_20260707T143943Z/context_exports/cycle_00/coordinator_initial_latest2/source_index.json",
    "/home/strata/workspace/runs/A_APPLIANCE_20260707T143943Z_20260707T143943Z/context_exports/cycle_00/coordinator_initial_latest2/manifest.json"
  ],
  "created_at": "2026-07-07T14:39:52.553Z"
}
STATUS[21 coordinator context latest2 cycle_00/coordinator_initial_latest2]=0
DIAG[21]=OBSERVED | latest_2 Class B export: /home/strata/workspace/runs/A_APPLIANCE_20260707T143943Z_20260707T143943Z/context_exports/cycle_00/coordinator_initial_latest2/context.md | Coordinator refresh uses fixed latest-two Class B policy rather than expanding delta history.
DIAG[2]=OBSERVED | initial coordinator envelope plus latest_2 context | Coordinator starts from Class A plus recent Class B reports, not unbounded history.

===== BEGIN cycle_01 =====
CYCLE_SUFFIX=C01
CHANGE_AUTHOR_ID=change_author_c01
REVIEWER_ID=reviewer_c01
CHANGE_AUTHOR_SESSION=STRATA-CODER-A_APPLIANCE_20260707T143943Z-C01
REVIEWER_SESSION=STRATA-REVIEWER-A_APPLIANCE_20260707T143943Z-C01
CHANGE_BRANCH=change/A_APPLIANCE_20260707T143943Z/C01-appliance-cycle

===== context export cycle_01/coordinator_before =====
+ node /opt/strata/source_sctl/src/cli.js --workspace /home/strata/workspace/sctl-workspace context export-markdown --include-classes A\,B --class-b-latest 2 --out /home/strata/workspace/runs/A_APPLIANCE_20260707T143943Z_20260707T143943Z/context_exports/cycle_01/coordinator_before
{
  "contract_id": "strata.sctl.result_envelope.v1",
  "tool_id": "sctl.context.export_markdown.v2",
  "ok": true,
  "result": {
    "out_dir": "/home/strata/workspace/runs/A_APPLIANCE_20260707T143943Z_20260707T143943Z/context_exports/cycle_01/coordinator_before",
    "markdown_path": "/home/strata/workspace/runs/A_APPLIANCE_20260707T143943Z_20260707T143943Z/context_exports/cycle_01/coordinator_before/context.md",
    "source_index_path": "/home/strata/workspace/runs/A_APPLIANCE_20260707T143943Z_20260707T143943Z/context_exports/cycle_01/coordinator_before/source_index.json",
    "manifest_path": "/home/strata/workspace/runs/A_APPLIANCE_20260707T143943Z_20260707T143943Z/context_exports/cycle_01/coordinator_before/manifest.json",
    "source_count": 3,
    "state": {
      "contract_id": "strata.context_state.v2_simplified_runtime",
      "context_epoch": 10,
      "current_context_epoch": 12,
      "context_revision": 21,
      "class_a_revision": 9,
      "class_b_revision": 12,
      "current_class_b_revision": 12,
      "class_b_updates_since_full_refresh": 0,
      "refresh_required": true,
      "refresh_reason": "Class A contract or doctrine update requires fresh full context dispatch",
      "context_update_policy": "class_a_full_latest2_class_b_cycle_math",
      "created_at": "2026-07-06T04:49:04.748Z",
      "updated_at": "2026-07-07T14:39:45.011Z"
    },
    "include_classes": [
      "A",
      "B"
    ],
    "since_class_b_revision": null,
    "class_b_latest": 2,
    "class_b_filter": "latest_2"
  },
  "errors": [],
  "evidence_paths": [
    "/home/strata/workspace/runs/A_APPLIANCE_20260707T143943Z_20260707T143943Z/context_exports/cycle_01/coordinator_before/context.md",
    "/home/strata/workspace/runs/A_APPLIANCE_20260707T143943Z_20260707T143943Z/context_exports/cycle_01/coordinator_before/source_index.json",
    "/home/strata/workspace/runs/A_APPLIANCE_20260707T143943Z_20260707T143943Z/context_exports/cycle_01/coordinator_before/manifest.json"
  ],
  "created_at": "2026-07-07T14:39:52.948Z"
}
STATUS[context export cycle_01/coordinator_before]=0
FULL_CONTEXT_EXPORT[cycle_01/coordinator_before]=/home/strata/workspace/runs/A_APPLIANCE_20260707T143943Z_20260707T143943Z/context_exports/cycle_01/coordinator_before/context.md
DIAG[cycle_01.context_export.coordinator_before]=OBSERVED | /home/strata/workspace/runs/A_APPLIANCE_20260707T143943Z_20260707T143943Z/context_exports/cycle_01/coordinator_before/context.md | Standalone Class A plus latest Class B context export written outside the pasted dispatch packet and outside the operational log body.
OPERATIONAL_STAGE[export_context]=OBSERVED | /home/strata/workspace/runs/A_APPLIANCE_20260707T143943Z_20260707T143943Z/context_exports/cycle_01/coordinator_before/context.md
DIAG[cycle_01.export_context]=OBSERVED | /home/strata/workspace/runs/A_APPLIANCE_20260707T143943Z_20260707T143943Z/context_exports/cycle_01/coordinator_before/context.md | Coordinator-before context export is available for this cycle.

===== 4 session new change author =====
+ env SCTL_RUNTIME_DELEGATE_ROOT=/opt/strata/runtime-delegate SCTL_RUNTIME_DELEGATE_BIN=/opt/strata/runtime-delegate/dist/src/cli.js SCTL_RUNTIME_LAUNCH_CONFIG=/home/strata/workspace/codebase/.strata-runtime/config/launcher_delegate.local.json SCTL_RUNTIME_SESSION_EXTRA_ARGS= /opt/strata/source_sctl/scripts/wsl_tmux/sctl-session-new --workspace /home/strata/workspace/sctl-workspace --assignment-id A_APPLIANCE_20260707T143943Z --role Change\ Author --id change_author_c01 --session-mode disposable --cycle-id CYCLE_A_APPLIANCE_20260707T143943Z_2026-07-07T14-39-45-001Z --session-name STRATA-CODER-A_APPLIANCE_20260707T143943Z-C01
adapter_delegate_evidence=.strata-runtime/evidence/delegate_control/session_register/change_author_c01/2026-07-07_14-39-53-311Z/session_register_result.json
{
  "contract_id": "strata.sctl.result_envelope.v1",
  "tool_id": "sctl.sessions.register.v1",
  "ok": true,
  "result": {
    "session": {
      "contract_id": "strata.class_c.active_session.v3_runtime_registry",
      "role": "Change Author",
      "id": "change_author_c01",
      "logical_session_id": "change_author_c01",
      "session_name": "STRATA-CODER-A_APPLIANCE_20260707T143943Z",
      "runtime_session_name": "STRATA-CODER-A_APPLIANCE_20260707T143943Z",
      "runtime_role": "coder",
      "runtime_tmux_target": "STRATA-CODER-A_APPLIANCE_20260707T143943Z",
      "runtime_binding_id": "change_author_c01",
      "runtime_binding_status": "registered",
      "assignment_id": "A_APPLIANCE_20260707T143943Z",
      "session_mode": "disposable",
      "runtime": "delegate_control_surface",
      "return_dir": ".strata/returns/A_APPLIANCE_20260707T143943Z/change_author_c01",
      "evidence_dir": ".strata/evidence/sessions/change_author_c01",
      "delegate_evidence_path": ".strata-runtime/evidence/delegate_control/session_register/change_author_c01/2026-07-07_14-39-53-311Z/session_register_result.json",
      "termination_policy": "explicit_only",
      "loaded_context_epoch": 12,
      "loaded_class_a_revision": 9,
      "loaded_class_b_revision": 12,
      "status": "active",
      "delivery_mode": "context_envelope_via_runtime_delegate_registry",
      "registered_at": "2026-07-07T14:39:53.722Z"
    },
    "file": "/home/strata/workspace/sctl-workspace/.strata/context/C/sessions/active_sessions.json",
    "git": {
      "command": "git",
      "args": [
        "commit",
        "-m",
        "session register A_APPLIANCE_20260707T143943Z change_author_c01"
      ],
      "cwd": "/home/strata/workspace/sctl-workspace/.strata/context",
      "status": 0,
      "signal": null,
      "stdout": "[master b6bc8cd] session register A_APPLIANCE_20260707T143943Z change_author_c01\n 2 files changed, 27 insertions(+), 1 deletion(-)\n",
      "stderr": "",
      "ok": true,
      "error": null,
      "commit": "b6bc8cd"
    }
  },
  "errors": [],
  "evidence_paths": [
    "/home/strata/workspace/sctl-workspace/.strata/context/C/sessions/active_sessions.json",
    "/home/strata/workspace/sctl-workspace/.strata/context/D_trace/telemetry/workflow_telemetry.jsonl"
  ],
  "created_at": "2026-07-07T14:39:53.766Z"
}
STATUS[4 session new change author]=0
DIAG[cycle_01.4.session_target]=OBSERVED | STRATA-CODER-A_APPLIANCE_20260707T143943Z | Runtime session name was resolved from the adapter registry; no synthetic SCTL id is used for runtime targeting.
DIAG[cycle_01.4]=OBSERVED | change_author_c01 active disposable | Fresh Change Author session for C01 was recorded in SCTL Git through the adapter boundary.
OPERATIONAL_STAGE[register_align_author_session]=OBSERVED | change_author_c01 -> STRATA-CODER-A_APPLIANCE_20260707T143943Z
DIAG[cycle_01.register_align_author_session]=OBSERVED | change_author_c01 -> STRATA-CODER-A_APPLIANCE_20260707T143943Z | Change Author session was registered and aligned through the runtime delegate adapter boundary.

===== 5 wait for Coordinator-authored Class B work order =====
waiting up to 360s for /home/strata/workspace/sctl-workspace/.strata/returns/A_APPLIANCE_20260707T143943Z/delegated_coordinator_001/coordinator_work_order.md

===== 5 coordinator work order Class B commit =====
+ node /opt/strata/source_sctl/src/cli.js --workspace /home/strata/workspace/sctl-workspace classb commit --file /home/strata/workspace/sctl-workspace/.strata/context/B/wo_a_appliance_20260707t143943z_c01_change_author.md --message Class\ B\ Coordinator\ Work\ Order\ WO_A_APPLIANCE_20260707T143943Z_C01_CHANGE_AUTHOR
{
  "contract_id": "strata.sctl.result_envelope.v1",
  "tool_id": "sctl.classb.commit_file.v2",
  "ok": true,
  "result": {
    "file": "/home/strata/workspace/sctl-workspace/.strata/context/B/wo_a_appliance_20260707t143943z_c01_change_author.md",
    "sha256": "02f836c7b1c48b408321350a9b3244cc067e3a5b8837d6f5f455bedf67709e54",
    "git": {
      "command": "git",
      "args": [
        "commit",
        "-m",
        "Class B Coordinator Work Order WO_A_APPLIANCE_20260707T143943Z_C01_CHANGE_AUTHOR"
      ],
      "cwd": "/home/strata/workspace/sctl-workspace/.strata/context",
      "status": 0,
      "signal": null,
      "stdout": "[master 7cc6772] Class B Coordinator Work Order WO_A_APPLIANCE_20260707T143943Z_C01_CHANGE_AUTHOR\n 3 files changed, 107 insertions(+), 6 deletions(-)\n create mode 100644 B/wo_a_appliance_20260707t143943z_c01_change_author.md\n",
      "stderr": "",
      "ok": true,
      "error": null,
      "commit": "7cc6772"
    },
    "state": {
      "contract_id": "strata.context_state.v2_simplified_runtime",
      "context_epoch": 10,
      "current_context_epoch": 13,
      "context_revision": 22,
      "class_a_revision": 9,
      "class_b_revision": 13,
      "current_class_b_revision": 13,
      "class_b_updates_since_full_refresh": 1,
      "refresh_required": true,
      "refresh_reason": "Class A contract or doctrine update requires fresh full context dispatch",
      "context_update_policy": "class_a_full_latest2_class_b_cycle_math",
      "created_at": "2026-07-06T04:49:04.748Z",
      "updated_at": "2026-07-07T14:40:34.468Z"
    },
    "accepted_class_b_revision": 13
  },
  "errors": [],
  "evidence_paths": [
    "/home/strata/workspace/sctl-workspace/.strata/context/B/wo_a_appliance_20260707t143943z_c01_change_author.md",
    "/home/strata/workspace/sctl-workspace/.strata/context/D_trace/telemetry/workflow_telemetry.jsonl"
  ],
  "created_at": "2026-07-07T14:40:34.502Z"
}
STATUS[5 coordinator work order Class B commit]=0
DIAG[cycle_01.5.work_order]=OBSERVED | /home/strata/workspace/sctl-workspace/.strata/returns/A_APPLIANCE_20260707T143943Z/delegated_coordinator_001/coordinator_work_order.md -> /home/strata/workspace/sctl-workspace/.strata/context/B/wo_a_appliance_20260707t143943z_c01_change_author.md | Coordinator-authored Work Order was accepted as Class B before Change Author dispatch.
DIAG[cycle_01.5]=OBSERVED | /home/strata/workspace/sctl-workspace/.strata/context/B/wo_a_appliance_20260707t143943z_c01_change_author.md | Dispatch source is the committed Class B Coordinator Work Order, not an uncommitted Class C/body-file artifact.

===== 6 author dispatch render =====
+ /opt/strata/source_sctl/scripts/wsl_tmux/sctl-dispatch-render --workspace /home/strata/workspace/sctl-workspace --assignment-id A_APPLIANCE_20260707T143943Z --nonce N_AUTHOR_C01 --from-role Delegated\ Coordinator --from-id delegated_coordinator_001 --target-role Change\ Author --target-id change_author_c01 --target-session STRATA-CODER-A_APPLIANCE_20260707T143943Z --summary Flowmap\ 02\ C01\ Change\ Author\ branch\ assignment --class-b-latest 2 --related-class-b .strata/context/B/wo_a_appliance_20260707t143943z_c01_change_author.md --source-context-class B --source-context-path .strata/context/B/wo_a_appliance_20260707t143943z_c01_change_author.md --codebase-repo /home/strata/workspace/codebase --trunk-branch main --change-branch change/A_APPLIANCE_20260707T143943Z/C01-appliance-cycle --short-name appliance-cycle --declared-file CODEBASE_REPO:/home/strata/workspace/codebase --declared-file TRUNK_BRANCH:main --declared-file CHANGE_BRANCH:change/A_APPLIANCE_20260707T143943Z/C01-appliance-cycle
{
  "contract_id": "strata.sctl.result_envelope.v1",
  "tool_id": "sctl.dispatch.record.v3",
  "ok": true,
  "result": {
    "outbox": {
      "dir": "/home/strata/workspace/sctl-workspace/.strata/dispatch_outbox/A_APPLIANCE_20260707T143943Z/change_author_c01/N_AUTHOR_C01",
      "packetJsonPath": "/home/strata/workspace/sctl-workspace/.strata/dispatch_outbox/A_APPLIANCE_20260707T143943Z/change_author_c01/N_AUTHOR_C01/dispatch_packet.json",
      "packetMdPath": "/home/strata/workspace/sctl-workspace/.strata/dispatch_outbox/A_APPLIANCE_20260707T143943Z/change_author_c01/N_AUTHOR_C01/dispatch_packet.md",
      "manifestPath": "/home/strata/workspace/sctl-workspace/.strata/dispatch_outbox/A_APPLIANCE_20260707T143943Z/change_author_c01/N_AUTHOR_C01/manifest.json"
    },
    "git_snapshot": {
      "dir": "/home/strata/workspace/sctl-workspace/.strata/context/D_trace/dispatch_packets/A_APPLIANCE_20260707T143943Z/change_author_c01/N_AUTHOR_C01",
      "packetJsonPath": "/home/strata/workspace/sctl-workspace/.strata/context/D_trace/dispatch_packets/A_APPLIANCE_20260707T143943Z/change_author_c01/N_AUTHOR_C01/dispatch_packet.json",
      "packetMdPath": "/home/strata/workspace/sctl-workspace/.strata/context/D_trace/dispatch_packets/A_APPLIANCE_20260707T143943Z/change_author_c01/N_AUTHOR_C01/dispatch_packet.md",
      "manifestPath": "/home/strata/workspace/sctl-workspace/.strata/context/D_trace/dispatch_packets/A_APPLIANCE_20260707T143943Z/change_author_c01/N_AUTHOR_C01/manifest.json"
    },
    "dispatch_log_path": "/home/strata/workspace/sctl-workspace/.strata/context/D_trace/dispatch_log/a_appliance_20260707t143943z_n_author_c01_change_author_c01.json",
    "tester_entrypoint": {
      "packet_markdown": "/home/strata/workspace/sctl-workspace/.strata/dispatch_outbox/A_APPLIANCE_20260707T143943Z/change_author_c01/N_AUTHOR_C01/dispatch_packet.md",
      "metadata_json": "/home/strata/workspace/sctl-workspace/.strata/dispatch_outbox/A_APPLIANCE_20260707T143943Z/change_author_c01/N_AUTHOR_C01/dispatch_packet.json",
      "dispatch_log": "/home/strata/workspace/sctl-workspace/.strata/context/D_trace/dispatch_log/a_appliance_20260707t143943z_n_author_c01_change_author_c01.json",
      "suggested_delivery_command": "strata-runtime-edge delegate dispatch-deliver --session-id change_author_c01 --packet /home/strata/workspace/sctl-workspace/.strata/dispatch_outbox/A_APPLIANCE_20260707T143943Z/change_author_c01/N_AUTHOR_C01/dispatch_packet.md --workspace /home/strata/workspace/sctl-workspace"
    },
    "notice_count": 0,
    "git": {
      "command": "git",
      "args": [
        "commit",
        "-m",
        "dispatch record A_APPLIANCE_20260707T143943Z N_AUTHOR_C01"
      ],
      "cwd": "/home/strata/workspace/sctl-workspace/.strata/context",
      "status": 0,
      "signal": null,
      "stdout": "[master 797e80a] dispatch record A_APPLIANCE_20260707T143943Z N_AUTHOR_C01\n 8 files changed, 739 insertions(+)\n create mode 100644 D_trace/dispatch_log/a_appliance_20260707t143943z_n_author_c01_change_author_c01.json\n create mode 100644 D_trace/dispatch_packets/A_APPLIANCE_20260707T143943Z/change_author_c01/N_AUTHOR_C01/context_export/context.md\n create mode 100644 D_trace/dispatch_packets/A_APPLIANCE_20260707T143943Z/change_author_c01/N_AUTHOR_C01/context_export/manifest.json\n create mode 100644 D_trace/dispatch_packets/A_APPLIANCE_20260707T143943Z/change_author_c01/N_AUTHOR_C01/context_export/source_index.json\n create mode 100644 D_trace/dispatch_packets/A_APPLIANCE_20260707T143943Z/change_author_c01/N_AUTHOR_C01/dispatch_packet.json\n create mode 100644 D_trace/dispatch_packets/A_APPLIANCE_20260707T143943Z/change_author_c01/N_AUTHOR_C01/dispatch_packet.md\n create mode 100644 D_trace/dispatch_packets/A_APPLIANCE_20260707T143943Z/change_author_c01/N_AUTHOR_C01/manifest.json\n",
      "stderr": "",
      "ok": true,
      "error": null,
      "commit": "797e80a"
    },
    "packet": {
      "contract_id": "strata.dispatch.packet.v3_context_envelope",
      "dispatch_format": "sctl.context_dispatch_envelope.v1",
      "envelope_type": "sctl_dispatch",
      "envelope_title": "# SCTL Dispatch Envelope",
      "dispatch_kind": "SCTL_CONTEXT_COMMIT",
      "assignment_id": "A_APPLIANCE_20260707T143943Z",
      "nonce": "N_AUTHOR_C01",
      "from": {
        "role": "Delegated Coordinator",
        "id": "delegated_coordinator_001"
      },
      "to": {
        "role": "Change Author",
        "id": "change_author_c01",
        "session": "STRATA-CODER-A_APPLIANCE_20260707T143943Z"
      },
      "fixed_header": "The coordinator assigned the following tasks via team internal envelope. Follow and perform the tasks accordingly.",
      "dispatch_envelope_template": {
        "path": "templates/dispatch/deterministic_dispatch_envelope.template.md",
        "absolute_path": "/opt/strata/source_sctl/templates/dispatch/deterministic_dispatch_envelope.template.md",
        "sha256": "c9aec961a68ee4e6702edb2c9c6ece0b933c7db3b9e56914d05bb773c3c55376"
      },
      "pasted_body_metadata_policy": "assignment_id_only",
      "source_context": {
        "trigger": "SCTL_CONTEXT_COMMIT",
        "class": "B",
        "path": ".strata/context/B/wo_a_appliance_20260707t143943z_c01_change_author.md",
        "sha256": null,
        "git_commit": null
      },
      "related_class_b": [
        ".strata/context/B/wo_a_appliance_20260707t143943z_c01_change_author.md"
      ],
      "declared_files": [
        "CODEBASE_REPO:/home/strata/workspace/codebase",
        "TRUNK_BRANCH:main",
        "CHANGE_BRANCH:change/A_APPLIANCE_20260707T143943Z/C01-appliance-cycle"
      ],
      "class_c_message_path": null,
      "class_c_message_sha256": null,
      "submission_templates": [
        {
          "path": "templates/packets/worker_return_packet.operational_report_ready.template.json",
          "absolute_path": "/opt/strata/source_sctl/templates/packets/worker_return_packet.operational_report_ready.template.json",
          "sha256": "68f2b259ca41dbe83eb1b08676bec3d7328fbceb511dc8c5781849323b116960"
        },
        {
          "path": "templates/reports/operational_report.template.md",
          "absolute_path": "/opt/strata/source_sctl/templates/reports/operational_report.template.md",
          "sha256": "f704f5e8b58fe1971e85b2fa05b581e47ba9d24acb03f7bfcb4d826b3fcc9cc7"
        }
      ],
      "context_export": {
        "markdown_path": "/home/strata/workspace/sctl-workspace/.strata/context/D_trace/dispatch_packets/A_APPLIANCE_20260707T143943Z/change_author_c01/N_AUTHOR_C01/context_export/context.md",
        "source_index_path": "/home/strata/workspace/sctl-workspace/.strata/context/D_trace/dispatch_packets/A_APPLIANCE_20260707T143943Z/change_author_c01/N_AUTHOR_C01/context_export/source_index.json",
        "manifest_path": "/home/strata/workspace/sctl-workspace/.strata/context/D_trace/dispatch_packets/A_APPLIANCE_20260707T143943Z/change_author_c01/N_AUTHOR_C01/context_export/manifest.json",
        "source_count": 3,
        "include_classes": [
          "A",
          "B"
        ],
        "since_class_b_revision": null,
        "class_b_latest": 2,
        "class_b_filter": "latest_2",
        "class_b_context_policy": "latest_2",
        "empty_context_valid": true
      },
      "runtime_delivery": "delegate_dispatch_deliver_contract",
      "dispatch_delivery_owner": "runtime_delegate_contract",
      "dispatch_to_git_is_primary_evidence": false,
      "runtime_operational_log_is_primary_delivery_evidence": true,
      "chatbox_inspection_required": false,
      "session_policy": "persistent_registry_explicit_release_no_auto_kill",
      "created_at": "2026-07-07T14:40:35.007Z",
      "markdown_sha256": "9da9f46b8a142bed5182ec7264032c6fbc929027f5034d67bb9388ce3af4dc4f",
      "injection_result": null,
      "context_state": {
        "contract_id": "strata.context_state.v2_simplified_runtime",
        "context_epoch": 10,
        "current_context_epoch": 13,
        "context_revision": 22,
        "class_a_revision": 9,
        "class_b_revision": 13,
        "current_class_b_revision": 13,
        "class_b_updates_since_full_refresh": 1,
        "refresh_required": true,
        "refresh_reason": "Class A contract or doctrine update requires fresh full context dispatch",
        "context_update_policy": "class_a_full_latest2_class_b_cycle_math",
        "created_at": "2026-07-06T04:49:04.748Z",
        "updated_at": "2026-07-07T14:40:34.468Z"
      }
    }
  },
  "errors": [],
  "evidence_paths": [
    "/home/strata/workspace/sctl-workspace/.strata/dispatch_outbox/A_APPLIANCE_20260707T143943Z/change_author_c01/N_AUTHOR_C01/dispatch_packet.json",
    "/home/strata/workspace/sctl-workspace/.strata/dispatch_outbox/A_APPLIANCE_20260707T143943Z/change_author_c01/N_AUTHOR_C01/dispatch_packet.md",
    "/home/strata/workspace/sctl-workspace/.strata/dispatch_outbox/A_APPLIANCE_20260707T143943Z/change_author_c01/N_AUTHOR_C01/manifest.json",
    "/home/strata/workspace/sctl-workspace/.strata/context/D_trace/dispatch_packets/A_APPLIANCE_20260707T143943Z/change_author_c01/N_AUTHOR_C01/dispatch_packet.json",
    "/home/strata/workspace/sctl-workspace/.strata/context/D_trace/dispatch_packets/A_APPLIANCE_20260707T143943Z/change_author_c01/N_AUTHOR_C01/dispatch_packet.md",
    "/home/strata/workspace/sctl-workspace/.strata/context/D_trace/dispatch_packets/A_APPLIANCE_20260707T143943Z/change_author_c01/N_AUTHOR_C01/manifest.json",
    "/home/strata/workspace/sctl-workspace/.strata/context/D_trace/dispatch_packets/A_APPLIANCE_20260707T143943Z/change_author_c01/N_AUTHOR_C01/context_export/context.md",
    "/home/strata/workspace/sctl-workspace/.strata/context/D_trace/dispatch_packets/A_APPLIANCE_20260707T143943Z/change_author_c01/N_AUTHOR_C01/context_export/source_index.json",
    "/home/strata/workspace/sctl-workspace/.strata/context/D_trace/dispatch_packets/A_APPLIANCE_20260707T143943Z/change_author_c01/N_AUTHOR_C01/context_export/manifest.json",
    "/home/strata/workspace/sctl-workspace/.strata/context/D_trace/dispatch_log/a_appliance_20260707t143943z_n_author_c01_change_author_c01.json",
    "/home/strata/workspace/sctl-workspace/.strata/context/D_trace/telemetry/workflow_telemetry.jsonl"
  ],
  "created_at": "2026-07-07T14:40:35.072Z"
}
STATUS[6 author dispatch render]=0
DIAG[cycle_01.6]=OBSERVED | /home/strata/workspace/sctl-workspace/.strata/context/D_trace/dispatch_packets/A_APPLIANCE_20260707T143943Z/change_author_c01/N_AUTHOR_C01/dispatch_packet.md | Packet contains fixed envelope input and context export headline.
OPERATIONAL_STAGE[render_dispatch]=OBSERVED | /home/strata/workspace/sctl-workspace/.strata/context/D_trace/dispatch_packets/A_APPLIANCE_20260707T143943Z/change_author_c01/N_AUTHOR_C01/dispatch_packet.md
DIAG[cycle_01.render_dispatch]=OBSERVED | /home/strata/workspace/sctl-workspace/.strata/context/D_trace/dispatch_packets/A_APPLIANCE_20260707T143943Z/change_author_c01/N_AUTHOR_C01/dispatch_packet.md | Change Author dispatch packet was rendered from committed context.

===== context export cycle_01/author_dispatch =====
+ node /opt/strata/source_sctl/src/cli.js --workspace /home/strata/workspace/sctl-workspace context export-markdown --include-classes A\,B --class-b-latest 2 --out /home/strata/workspace/runs/A_APPLIANCE_20260707T143943Z_20260707T143943Z/context_exports/cycle_01/author_dispatch
{
  "contract_id": "strata.sctl.result_envelope.v1",
  "tool_id": "sctl.context.export_markdown.v2",
  "ok": true,
  "result": {
    "out_dir": "/home/strata/workspace/runs/A_APPLIANCE_20260707T143943Z_20260707T143943Z/context_exports/cycle_01/author_dispatch",
    "markdown_path": "/home/strata/workspace/runs/A_APPLIANCE_20260707T143943Z_20260707T143943Z/context_exports/cycle_01/author_dispatch/context.md",
    "source_index_path": "/home/strata/workspace/runs/A_APPLIANCE_20260707T143943Z_20260707T143943Z/context_exports/cycle_01/author_dispatch/source_index.json",
    "manifest_path": "/home/strata/workspace/runs/A_APPLIANCE_20260707T143943Z_20260707T143943Z/context_exports/cycle_01/author_dispatch/manifest.json",
    "source_count": 3,
    "state": {
      "contract_id": "strata.context_state.v2_simplified_runtime",
      "context_epoch": 10,
      "current_context_epoch": 13,
      "context_revision": 22,
      "class_a_revision": 9,
      "class_b_revision": 13,
      "current_class_b_revision": 13,
      "class_b_updates_since_full_refresh": 1,
      "refresh_required": true,
      "refresh_reason": "Class A contract or doctrine update requires fresh full context dispatch",
      "context_update_policy": "class_a_full_latest2_class_b_cycle_math",
      "created_at": "2026-07-06T04:49:04.748Z",
      "updated_at": "2026-07-07T14:40:34.468Z"
    },
    "include_classes": [
      "A",
      "B"
    ],
    "since_class_b_revision": null,
    "class_b_latest": 2,
    "class_b_filter": "latest_2"
  },
  "errors": [],
  "evidence_paths": [
    "/home/strata/workspace/runs/A_APPLIANCE_20260707T143943Z_20260707T143943Z/context_exports/cycle_01/author_dispatch/context.md",
    "/home/strata/workspace/runs/A_APPLIANCE_20260707T143943Z_20260707T143943Z/context_exports/cycle_01/author_dispatch/source_index.json",
    "/home/strata/workspace/runs/A_APPLIANCE_20260707T143943Z_20260707T143943Z/context_exports/cycle_01/author_dispatch/manifest.json"
  ],
  "created_at": "2026-07-07T14:40:35.449Z"
}
STATUS[context export cycle_01/author_dispatch]=0
FULL_CONTEXT_EXPORT[cycle_01/author_dispatch]=/home/strata/workspace/runs/A_APPLIANCE_20260707T143943Z_20260707T143943Z/context_exports/cycle_01/author_dispatch/context.md
DIAG[cycle_01.context_export.author_dispatch]=OBSERVED | /home/strata/workspace/runs/A_APPLIANCE_20260707T143943Z_20260707T143943Z/context_exports/cycle_01/author_dispatch/context.md | Standalone Class A plus latest Class B context export written outside the pasted dispatch packet and outside the operational log body.

===== 7 author dispatch inject =====
+ env SCTL_RUNTIME_DELEGATE_ROOT=/opt/strata/runtime-delegate SCTL_RUNTIME_DELEGATE_BIN=/opt/strata/runtime-delegate/dist/src/cli.js /opt/strata/source_sctl/scripts/wsl_tmux/sctl-dispatch-inject --workspace /home/strata/workspace/sctl-workspace --assignment-id A_APPLIANCE_20260707T143943Z --id change_author_c01 --session STRATA-CODER-A_APPLIANCE_20260707T143943Z --packet /home/strata/workspace/sctl-workspace/.strata/context/D_trace/dispatch_packets/A_APPLIANCE_20260707T143943Z/change_author_c01/N_AUTHOR_C01/dispatch_packet.md --paste-delay 5 --no-tab
{
  "ok": true,
  "runtime": "tmux_codex_cli",
  "operation": "dispatch_delivery",
  "session_id": "change_author_c01",
  "runtime_session_name": "STRATA-CODER-A_APPLIANCE_20260707T143943Z",
  "tmux_target": "STRATA-CODER-A_APPLIANCE_20260707T143943Z",
  "packet_path": ".strata/context/D_trace/dispatch_packets/A_APPLIANCE_20260707T143943Z/change_author_c01/N_AUTHOR_C01/dispatch_packet.md",
  "packet_sha256": "9da9f46b8a142bed5182ec7264032c6fbc929027f5034d67bb9388ce3af4dc4f",
  "evidence_path": ".strata-runtime/evidence/delegate_control/dispatch_delivery/change_author_c01/2026-07-07_14-40-40-717Z/dispatch_delivery_result.json",
  "timestamp": "2026-07-07T14:40:40.717Z",
  "error": null
}
STATUS[7 author dispatch inject]=0
DIAG[cycle_01.7]=OBSERVED | STRATA-CODER-A_APPLIANCE_20260707T143943Z injected | Change Author packet was injected through adapter using Git-backed packet path.
OPERATIONAL_STAGE[inject_packet]=OBSERVED | STRATA-CODER-A_APPLIANCE_20260707T143943Z injected
DIAG[cycle_01.inject_packet]=OBSERVED | STRATA-CODER-A_APPLIANCE_20260707T143943Z injected | Change Author packet was injected through the adapter using a Git-backed packet path.

===== 8 author session capture =====
+ env SCTL_RUNTIME_DELEGATE_ROOT=/opt/strata/runtime-delegate SCTL_RUNTIME_DELEGATE_BIN=/opt/strata/runtime-delegate/dist/src/cli.js /opt/strata/source_sctl/scripts/wsl_tmux/sctl-session-capture --workspace /home/strata/workspace/sctl-workspace --assignment-id A_APPLIANCE_20260707T143943Z --id change_author_c01 --session STRATA-CODER-A_APPLIANCE_20260707T143943Z --out /home/strata/workspace/sctl-workspace/.strata/evidence/session_captures/STRATA-CODER-A_APPLIANCE_20260707T143943Z.txt --lines 200
{
  "ok": true,
  "runtime": "tmux_codex_cli",
  "operation": "session_capture",
  "session_id": "change_author_c01",
  "tmux_target": "STRATA-CODER-A_APPLIANCE_20260707T143943Z",
  "capture_path": ".strata-runtime/evidence/delegate_control/session_capture/change_author_c01/2026-07-07_14-40-41-136Z/pane_capture.txt",
  "evidence_path": ".strata-runtime/evidence/delegate_control/session_capture/change_author_c01/2026-07-07_14-40-41-136Z/session_capture_result.json",
  "timestamp": "2026-07-07T14:40:41.136Z"
}
STATUS[8 author session capture]=0
DIAG[cycle_01.8]=OBSERVED | STRATA-CODER-A_APPLIANCE_20260707T143943Z capture attempted | Author session capture evidence was requested.

===== 9 wait for return =====
waiting up to 360s for /home/strata/workspace/sctl-workspace/.strata/returns/A_APPLIANCE_20260707T143943Z/change_author_c01/packet.json
STATUS[9 wait for return]=0
DIAG[cycle_01.9.wait]=OBSERVED | /home/strata/workspace/sctl-workspace/.strata/returns/A_APPLIANCE_20260707T143943Z/change_author_c01/packet.json | Worker return packet and operational report appeared without harness simulation.
OPERATIONAL_STAGE[wait_for_return]=OBSERVED | change_author_c01 return packet present
DIAG[cycle_01.wait_for_return]=OBSERVED | change_author_c01 return packet present | Change Author return packet and operational report appeared without harness simulation.

===== 10 classify author return =====
+ node /opt/strata/source_sctl/src/cli.js --workspace /home/strata/workspace/sctl-workspace returns classify --packet .strata/returns/A_APPLIANCE_20260707T143943Z/change_author_c01/packet.json
{
  "contract_id": "strata.sctl.result_envelope.v1",
  "tool_id": "sctl.returns.classify.v1",
  "ok": true,
  "result": {
    "classification": {
      "contract_id": "strata.worker_return_classification.v6_context_git",
      "classification_id": "wret_class_packet.json_2026-07-07T14-41-45-160Z",
      "packet_path": "/home/strata/workspace/sctl-workspace/.strata/returns/A_APPLIANCE_20260707T143943Z/change_author_c01/packet.json",
      "packet_sha256": "6e0fc06743d2be3a2a7ca39e117d375600dbea5baa028ce179683e80be6f9795",
      "valid_packet": true,
      "errors": [],
      "return_id": "ret_A_APPLIANCE_20260707T143943Z_change_author_c01_20260707T144500Z",
      "assignment_id": "A_APPLIANCE_20260707T143943Z",
      "agent_id": "change_author_c01",
      "role": "Change Author",
      "return_kind": "OPERATIONAL_REPORT_READY",
      "report_scope": "actionable_report",
      "class_b_authority": "git_tracked_files_only",
      "evidence_model": "evidence_in_report_body",
      "implementation_repository": "/home/strata/workspace/codebase",
      "implementation_commit": "d4669f53b242c9af04c79ba2628ba395b3ff05bc",
      "trunk_branch": "main",
      "short_lived_branch": "change/A_APPLIANCE_20260707T143943Z/C01-appliance-cycle",
      "integration_mode": "direct_to_trunk",
      "routing_decision": "OPERATIONAL_REPORT_READY_LEDGERED_NOT_CLASS_B",
      "class_b_entry_path": null,
      "class_b_record_path": null,
      "class_d_diagnostic_path": null,
      "coordination_thread_path": null,
      "ack_path": null,
      "report_ledger_path": "/home/strata/workspace/sctl-workspace/.strata/context/D_trace/return_ledgers/operational_report_ready_index.jsonl",
      "report_path": "/home/strata/workspace/sctl-workspace/.strata/returns/A_APPLIANCE_20260707T143943Z/change_author_c01/operational_report.md",
      "error_dispatch": null,
      "created_at": "2026-07-07T14:41:45.161Z"
    },
    "classification_record_path": "/home/strata/workspace/sctl-workspace/.strata/context/D_trace/return_ledgers/wret_class_packet.json_2026-07-07T14-41-45-160Z.json"
  },
  "errors": [],
  "evidence_paths": [
    "/home/strata/workspace/sctl-workspace/.strata/context/D_trace/return_ledgers/wret_class_packet.json_2026-07-07T14-41-45-160Z.json",
    "/home/strata/workspace/sctl-workspace/.strata/context/D_trace/return_ledgers/operational_report_ready_index.jsonl",
    "/home/strata/workspace/sctl-workspace/.strata/context/D_trace/telemetry/workflow_telemetry.jsonl"
  ],
  "created_at": "2026-07-07T14:41:45.200Z"
}
STATUS[10 classify author return]=0
DIAG[cycle_01.10 classify author return]=OBSERVED | OPERATIONAL_REPORT_READY / OPERATIONAL_REPORT_READY_LEDGERED_NOT_CLASS_B | Return was ledgered, not automatically promoted to Class B.
OPERATIONAL_STAGE[classify_return]=OBSERVED | /home/strata/workspace/runs/A_APPLIANCE_20260707T143943Z_20260707T143943Z/C01_author_classify.json
DIAG[cycle_01.classify_return]=OBSERVED | /home/strata/workspace/runs/A_APPLIANCE_20260707T143943Z_20260707T143943Z/C01_author_classify.json | Change Author return was classified and ledgered.

===== 11 classb commit author report =====
+ node /opt/strata/source_sctl/src/cli.js --workspace /home/strata/workspace/sctl-workspace classb commit --file .strata/context/B/b_a_appliance_20260707t143943z_cycle_01_author_ready.md --message class\ B\ accept\ A_APPLIANCE_20260707T143943Z\ C01\ author\ report
{
  "contract_id": "strata.sctl.result_envelope.v1",
  "tool_id": "sctl.classb.commit_file.v2",
  "ok": true,
  "result": {
    "file": "/home/strata/workspace/sctl-workspace/.strata/context/B/b_a_appliance_20260707t143943z_cycle_01_author_ready.md",
    "sha256": "f1319be3ad1308861b38cbd77cd77e611455022e7faaabe827bd7015c9d91aaa",
    "git": {
      "command": "git",
      "args": [
        "commit",
        "-m",
        "class B accept A_APPLIANCE_20260707T143943Z C01 author report"
      ],
      "cwd": "/home/strata/workspace/sctl-workspace/.strata/context",
      "status": 0,
      "signal": null,
      "stdout": "[master 61269cb] class B accept A_APPLIANCE_20260707T143943Z C01 author report\n 3 files changed, 58 insertions(+), 6 deletions(-)\n create mode 100644 B/b_a_appliance_20260707t143943z_cycle_01_author_ready.md\n",
      "stderr": "",
      "ok": true,
      "error": null,
      "commit": "61269cb"
    },
    "state": {
      "contract_id": "strata.context_state.v2_simplified_runtime",
      "context_epoch": 10,
      "current_context_epoch": 14,
      "context_revision": 23,
      "class_a_revision": 9,
      "class_b_revision": 14,
      "current_class_b_revision": 14,
      "class_b_updates_since_full_refresh": 2,
      "refresh_required": true,
      "refresh_reason": "Class A contract or doctrine update requires fresh full context dispatch",
      "context_update_policy": "class_a_full_latest2_class_b_cycle_math",
      "created_at": "2026-07-06T04:49:04.748Z",
      "updated_at": "2026-07-07T14:41:45.741Z"
    },
    "accepted_class_b_revision": 14
  },
  "errors": [],
  "evidence_paths": [
    "/home/strata/workspace/sctl-workspace/.strata/context/B/b_a_appliance_20260707t143943z_cycle_01_author_ready.md",
    "/home/strata/workspace/sctl-workspace/.strata/context/D_trace/telemetry/workflow_telemetry.jsonl"
  ],
  "created_at": "2026-07-07T14:41:45.779Z"
}
STATUS[11 classb commit author report]=0
DIAG[cycle_01.11]=OBSERVED | Class B revision 13 -> 14 | Author report accepted into Class B and revision incremented exactly once.
OPERATIONAL_STAGE[commit_author_report_class_b]=OBSERVED | .strata/context/B/b_a_appliance_20260707t143943z_cycle_01_author_ready.md
DIAG[cycle_01.commit_author_report_class_b]=OBSERVED | .strata/context/B/b_a_appliance_20260707t143943z_cycle_01_author_ready.md | Author operational report was accepted into Class B.

===== 12 session new reviewer =====
+ env SCTL_RUNTIME_DELEGATE_ROOT=/opt/strata/runtime-delegate SCTL_RUNTIME_DELEGATE_BIN=/opt/strata/runtime-delegate/dist/src/cli.js SCTL_RUNTIME_LAUNCH_CONFIG=/home/strata/workspace/codebase/.strata-runtime/config/launcher_delegate.local.json SCTL_RUNTIME_SESSION_EXTRA_ARGS= /opt/strata/source_sctl/scripts/wsl_tmux/sctl-session-new --workspace /home/strata/workspace/sctl-workspace --assignment-id A_APPLIANCE_20260707T143943Z --role Code\ Reviewer\ /\ QC\ Engineer --id reviewer_c01 --session-mode disposable --cycle-id CYCLE_A_APPLIANCE_20260707T143943Z_2026-07-07T14-39-45-001Z --session-name STRATA-REVIEWER-A_APPLIANCE_20260707T143943Z-C01
adapter_delegate_evidence=.strata-runtime/evidence/delegate_control/session_register/reviewer_c01/2026-07-07_14-41-46-222Z/session_register_result.json
{
  "contract_id": "strata.sctl.result_envelope.v1",
  "tool_id": "sctl.sessions.register.v1",
  "ok": true,
  "result": {
    "session": {
      "contract_id": "strata.class_c.active_session.v3_runtime_registry",
      "role": "Code Reviewer / QC Engineer",
      "id": "reviewer_c01",
      "logical_session_id": "reviewer_c01",
      "session_name": "STRATA-REVIEWER-A_APPLIANCE_20260707T143943Z",
      "runtime_session_name": "STRATA-REVIEWER-A_APPLIANCE_20260707T143943Z",
      "runtime_role": "reviewer",
      "runtime_tmux_target": "STRATA-REVIEWER-A_APPLIANCE_20260707T143943Z",
      "runtime_binding_id": "reviewer_c01",
      "runtime_binding_status": "registered",
      "assignment_id": "A_APPLIANCE_20260707T143943Z",
      "session_mode": "disposable",
      "runtime": "delegate_control_surface",
      "return_dir": ".strata/returns/A_APPLIANCE_20260707T143943Z/reviewer_c01",
      "evidence_dir": ".strata/evidence/sessions/reviewer_c01",
      "delegate_evidence_path": ".strata-runtime/evidence/delegate_control/session_register/reviewer_c01/2026-07-07_14-41-46-222Z/session_register_result.json",
      "termination_policy": "explicit_only",
      "loaded_context_epoch": 14,
      "loaded_class_a_revision": 9,
      "loaded_class_b_revision": 14,
      "status": "active",
      "delivery_mode": "context_envelope_via_runtime_delegate_registry",
      "registered_at": "2026-07-07T14:41:46.779Z"
    },
    "file": "/home/strata/workspace/sctl-workspace/.strata/context/C/sessions/active_sessions.json",
    "git": {
      "command": "git",
      "args": [
        "commit",
        "-m",
        "session register A_APPLIANCE_20260707T143943Z reviewer_c01"
      ],
      "cwd": "/home/strata/workspace/sctl-workspace/.strata/context",
      "status": 0,
      "signal": null,
      "stdout": "[master 20ea039] session register A_APPLIANCE_20260707T143943Z reviewer_c01\n 2 files changed, 27 insertions(+), 1 deletion(-)\n",
      "stderr": "",
      "ok": true,
      "error": null,
      "commit": "20ea039"
    }
  },
  "errors": [],
  "evidence_paths": [
    "/home/strata/workspace/sctl-workspace/.strata/context/C/sessions/active_sessions.json",
    "/home/strata/workspace/sctl-workspace/.strata/context/D_trace/telemetry/workflow_telemetry.jsonl"
  ],
  "created_at": "2026-07-07T14:41:46.824Z"
}
STATUS[12 session new reviewer]=0
DIAG[cycle_01.12.session_target]=OBSERVED | STRATA-REVIEWER-A_APPLIANCE_20260707T143943Z | Runtime session name was resolved from the adapter registry; no synthetic SCTL id is used for runtime targeting.
DIAG[cycle_01.12]=OBSERVED | reviewer_c01 active disposable | Fresh reviewer session for C01 was recorded in SCTL Git through the adapter boundary.
OPERATIONAL_STAGE[register_align_reviewer_session]=OBSERVED | reviewer_c01 -> STRATA-REVIEWER-A_APPLIANCE_20260707T143943Z
DIAG[cycle_01.register_align_reviewer_session]=OBSERVED | reviewer_c01 -> STRATA-REVIEWER-A_APPLIANCE_20260707T143943Z | Reviewer session was registered and aligned through the runtime delegate adapter boundary.
DIAG[cycle_01.13.work_order]=SKIPPED | .strata/context/B/b_a_appliance_20260707t143943z_cycle_01_author_ready.md | Reviewer dispatch is a canonical context envelope; no reviewer-specific work-order body is materialized by the harness.
DIAG[cycle_01.13]=SKIPPED | .strata/context/B/b_a_appliance_20260707t143943z_cycle_01_author_ready.md | No Class C reviewer message is generated; review assignment is selected by target role and current context picture.

===== 14 review dispatch render =====
+ /opt/strata/source_sctl/scripts/wsl_tmux/sctl-dispatch-render --workspace /home/strata/workspace/sctl-workspace --assignment-id A_APPLIANCE_20260707T143943Z --nonce N_REVIEW_C01 --from-role Delegated\ Coordinator --from-id delegated_coordinator_001 --target-role Code\ Reviewer\ /\ QC\ Engineer --target-id reviewer_c01 --target-session STRATA-REVIEWER-A_APPLIANCE_20260707T143943Z --summary Flowmap\ 02\ C01\ code\ review\ request --class-b-latest 2 --related-class-b .strata/context/B/b_a_appliance_20260707t143943z_cycle_01_author_ready.md --source-context-class B --source-context-path .strata/context/B/b_a_appliance_20260707t143943z_cycle_01_author_ready.md --codebase-repo /home/strata/workspace/codebase --trunk-branch main --change-branch change/A_APPLIANCE_20260707T143943Z/C01-appliance-cycle --short-name appliance-cycle --declared-file CODEBASE_REPO:/home/strata/workspace/codebase --declared-file TRUNK_BRANCH:main --declared-file CHANGE_BRANCH:change/A_APPLIANCE_20260707T143943Z/C01-appliance-cycle
{
  "contract_id": "strata.sctl.result_envelope.v1",
  "tool_id": "sctl.dispatch.record.v3",
  "ok": true,
  "result": {
    "outbox": {
      "dir": "/home/strata/workspace/sctl-workspace/.strata/dispatch_outbox/A_APPLIANCE_20260707T143943Z/reviewer_c01/N_REVIEW_C01",
      "packetJsonPath": "/home/strata/workspace/sctl-workspace/.strata/dispatch_outbox/A_APPLIANCE_20260707T143943Z/reviewer_c01/N_REVIEW_C01/dispatch_packet.json",
      "packetMdPath": "/home/strata/workspace/sctl-workspace/.strata/dispatch_outbox/A_APPLIANCE_20260707T143943Z/reviewer_c01/N_REVIEW_C01/dispatch_packet.md",
      "manifestPath": "/home/strata/workspace/sctl-workspace/.strata/dispatch_outbox/A_APPLIANCE_20260707T143943Z/reviewer_c01/N_REVIEW_C01/manifest.json"
    },
    "git_snapshot": {
      "dir": "/home/strata/workspace/sctl-workspace/.strata/context/D_trace/dispatch_packets/A_APPLIANCE_20260707T143943Z/reviewer_c01/N_REVIEW_C01",
      "packetJsonPath": "/home/strata/workspace/sctl-workspace/.strata/context/D_trace/dispatch_packets/A_APPLIANCE_20260707T143943Z/reviewer_c01/N_REVIEW_C01/dispatch_packet.json",
      "packetMdPath": "/home/strata/workspace/sctl-workspace/.strata/context/D_trace/dispatch_packets/A_APPLIANCE_20260707T143943Z/reviewer_c01/N_REVIEW_C01/dispatch_packet.md",
      "manifestPath": "/home/strata/workspace/sctl-workspace/.strata/context/D_trace/dispatch_packets/A_APPLIANCE_20260707T143943Z/reviewer_c01/N_REVIEW_C01/manifest.json"
    },
    "dispatch_log_path": "/home/strata/workspace/sctl-workspace/.strata/context/D_trace/dispatch_log/a_appliance_20260707t143943z_n_review_c01_reviewer_c01.json",
    "tester_entrypoint": {
      "packet_markdown": "/home/strata/workspace/sctl-workspace/.strata/dispatch_outbox/A_APPLIANCE_20260707T143943Z/reviewer_c01/N_REVIEW_C01/dispatch_packet.md",
      "metadata_json": "/home/strata/workspace/sctl-workspace/.strata/dispatch_outbox/A_APPLIANCE_20260707T143943Z/reviewer_c01/N_REVIEW_C01/dispatch_packet.json",
      "dispatch_log": "/home/strata/workspace/sctl-workspace/.strata/context/D_trace/dispatch_log/a_appliance_20260707t143943z_n_review_c01_reviewer_c01.json",
      "suggested_delivery_command": "strata-runtime-edge delegate dispatch-deliver --session-id reviewer_c01 --packet /home/strata/workspace/sctl-workspace/.strata/dispatch_outbox/A_APPLIANCE_20260707T143943Z/reviewer_c01/N_REVIEW_C01/dispatch_packet.md --workspace /home/strata/workspace/sctl-workspace"
    },
    "notice_count": 0,
    "git": {
      "command": "git",
      "args": [
        "commit",
        "-m",
        "dispatch record A_APPLIANCE_20260707T143943Z N_REVIEW_C01"
      ],
      "cwd": "/home/strata/workspace/sctl-workspace/.strata/context",
      "status": 0,
      "signal": null,
      "stdout": "[master 1c68dc9] dispatch record A_APPLIANCE_20260707T143943Z N_REVIEW_C01\n 8 files changed, 741 insertions(+)\n create mode 100644 D_trace/dispatch_log/a_appliance_20260707t143943z_n_review_c01_reviewer_c01.json\n create mode 100644 D_trace/dispatch_packets/A_APPLIANCE_20260707T143943Z/reviewer_c01/N_REVIEW_C01/context_export/context.md\n create mode 100644 D_trace/dispatch_packets/A_APPLIANCE_20260707T143943Z/reviewer_c01/N_REVIEW_C01/context_export/manifest.json\n create mode 100644 D_trace/dispatch_packets/A_APPLIANCE_20260707T143943Z/reviewer_c01/N_REVIEW_C01/context_export/source_index.json\n create mode 100644 D_trace/dispatch_packets/A_APPLIANCE_20260707T143943Z/reviewer_c01/N_REVIEW_C01/dispatch_packet.json\n create mode 100644 D_trace/dispatch_packets/A_APPLIANCE_20260707T143943Z/reviewer_c01/N_REVIEW_C01/dispatch_packet.md\n create mode 100644 D_trace/dispatch_packets/A_APPLIANCE_20260707T143943Z/reviewer_c01/N_REVIEW_C01/manifest.json\n",
      "stderr": "",
      "ok": true,
      "error": null,
      "commit": "1c68dc9"
    },
    "packet": {
      "contract_id": "strata.dispatch.packet.v3_context_envelope",
      "dispatch_format": "sctl.context_dispatch_envelope.v1",
      "envelope_type": "sctl_dispatch",
      "envelope_title": "# SCTL Dispatch Envelope",
      "dispatch_kind": "SCTL_CONTEXT_COMMIT",
      "assignment_id": "A_APPLIANCE_20260707T143943Z",
      "nonce": "N_REVIEW_C01",
      "from": {
        "role": "Delegated Coordinator",
        "id": "delegated_coordinator_001"
      },
      "to": {
        "role": "Code Reviewer / QC Engineer",
        "id": "reviewer_c01",
        "session": "STRATA-REVIEWER-A_APPLIANCE_20260707T143943Z"
      },
      "fixed_header": "A codebase change has been made by Change Author. The task definitions, overall architecture, and task progress can be reviewed in the context picture. Review the most recent code changes, make merge/deny decision, and submit your work via assigned path.",
      "dispatch_envelope_template": {
        "path": "templates/dispatch/deterministic_dispatch_envelope.template.md",
        "absolute_path": "/opt/strata/source_sctl/templates/dispatch/deterministic_dispatch_envelope.template.md",
        "sha256": "c9aec961a68ee4e6702edb2c9c6ece0b933c7db3b9e56914d05bb773c3c55376"
      },
      "pasted_body_metadata_policy": "assignment_id_only",
      "source_context": {
        "trigger": "SCTL_CONTEXT_COMMIT",
        "class": "B",
        "path": ".strata/context/B/b_a_appliance_20260707t143943z_cycle_01_author_ready.md",
        "sha256": null,
        "git_commit": null
      },
      "related_class_b": [
        ".strata/context/B/b_a_appliance_20260707t143943z_cycle_01_author_ready.md"
      ],
      "declared_files": [
        "CODEBASE_REPO:/home/strata/workspace/codebase",
        "TRUNK_BRANCH:main",
        "CHANGE_BRANCH:change/A_APPLIANCE_20260707T143943Z/C01-appliance-cycle"
      ],
      "class_c_message_path": null,
      "class_c_message_sha256": null,
      "submission_templates": [
        {
          "path": "templates/packets/worker_return_packet.operational_report_ready.template.json",
          "absolute_path": "/opt/strata/source_sctl/templates/packets/worker_return_packet.operational_report_ready.template.json",
          "sha256": "68f2b259ca41dbe83eb1b08676bec3d7328fbceb511dc8c5781849323b116960"
        },
        {
          "path": "templates/reports/review_outcome.template.md",
          "absolute_path": "/opt/strata/source_sctl/templates/reports/review_outcome.template.md",
          "sha256": "f8ec98e53cd0826bed0b402d0fb9992d24555334ba85be89eed15b3320bb6e54"
        }
      ],
      "context_export": {
        "markdown_path": "/home/strata/workspace/sctl-workspace/.strata/context/D_trace/dispatch_packets/A_APPLIANCE_20260707T143943Z/reviewer_c01/N_REVIEW_C01/context_export/context.md",
        "source_index_path": "/home/strata/workspace/sctl-workspace/.strata/context/D_trace/dispatch_packets/A_APPLIANCE_20260707T143943Z/reviewer_c01/N_REVIEW_C01/context_export/source_index.json",
        "manifest_path": "/home/strata/workspace/sctl-workspace/.strata/context/D_trace/dispatch_packets/A_APPLIANCE_20260707T143943Z/reviewer_c01/N_REVIEW_C01/context_export/manifest.json",
        "source_count": 3,
        "include_classes": [
          "A",
          "B"
        ],
        "since_class_b_revision": null,
        "class_b_latest": 2,
        "class_b_filter": "latest_2",
        "class_b_context_policy": "latest_2",
        "empty_context_valid": true
      },
      "runtime_delivery": "delegate_dispatch_deliver_contract",
      "dispatch_delivery_owner": "runtime_delegate_contract",
      "dispatch_to_git_is_primary_evidence": false,
      "runtime_operational_log_is_primary_delivery_evidence": true,
      "chatbox_inspection_required": false,
      "session_policy": "persistent_registry_explicit_release_no_auto_kill",
      "created_at": "2026-07-07T14:41:47.820Z",
      "markdown_sha256": "e7478fd5ed33766bdba550a4fb519d74dab1df45029001430f996742a1f81517",
      "injection_result": null,
      "context_state": {
        "contract_id": "strata.context_state.v2_simplified_runtime",
        "context_epoch": 10,
        "current_context_epoch": 14,
        "context_revision": 23,
        "class_a_revision": 9,
        "class_b_revision": 14,
        "current_class_b_revision": 14,
        "class_b_updates_since_full_refresh": 2,
        "refresh_required": true,
        "refresh_reason": "Class A contract or doctrine update requires fresh full context dispatch",
        "context_update_policy": "class_a_full_latest2_class_b_cycle_math",
        "created_at": "2026-07-06T04:49:04.748Z",
        "updated_at": "2026-07-07T14:41:45.741Z"
      }
    }
  },
  "errors": [],
  "evidence_paths": [
    "/home/strata/workspace/sctl-workspace/.strata/dispatch_outbox/A_APPLIANCE_20260707T143943Z/reviewer_c01/N_REVIEW_C01/dispatch_packet.json",
    "/home/strata/workspace/sctl-workspace/.strata/dispatch_outbox/A_APPLIANCE_20260707T143943Z/reviewer_c01/N_REVIEW_C01/dispatch_packet.md",
    "/home/strata/workspace/sctl-workspace/.strata/dispatch_outbox/A_APPLIANCE_20260707T143943Z/reviewer_c01/N_REVIEW_C01/manifest.json",
    "/home/strata/workspace/sctl-workspace/.strata/context/D_trace/dispatch_packets/A_APPLIANCE_20260707T143943Z/reviewer_c01/N_REVIEW_C01/dispatch_packet.json",
    "/home/strata/workspace/sctl-workspace/.strata/context/D_trace/dispatch_packets/A_APPLIANCE_20260707T143943Z/reviewer_c01/N_REVIEW_C01/dispatch_packet.md",
    "/home/strata/workspace/sctl-workspace/.strata/context/D_trace/dispatch_packets/A_APPLIANCE_20260707T143943Z/reviewer_c01/N_REVIEW_C01/manifest.json",
    "/home/strata/workspace/sctl-workspace/.strata/context/D_trace/dispatch_packets/A_APPLIANCE_20260707T143943Z/reviewer_c01/N_REVIEW_C01/context_export/context.md",
    "/home/strata/workspace/sctl-workspace/.strata/context/D_trace/dispatch_packets/A_APPLIANCE_20260707T143943Z/reviewer_c01/N_REVIEW_C01/context_export/source_index.json",
    "/home/strata/workspace/sctl-workspace/.strata/context/D_trace/dispatch_packets/A_APPLIANCE_20260707T143943Z/reviewer_c01/N_REVIEW_C01/context_export/manifest.json",
    "/home/strata/workspace/sctl-workspace/.strata/context/D_trace/dispatch_log/a_appliance_20260707t143943z_n_review_c01_reviewer_c01.json",
    "/home/strata/workspace/sctl-workspace/.strata/context/D_trace/telemetry/workflow_telemetry.jsonl"
  ],
  "created_at": "2026-07-07T14:41:47.889Z"
}
STATUS[14 review dispatch render]=0
DIAG[cycle_01.14]=OBSERVED | /home/strata/workspace/sctl-workspace/.strata/context/D_trace/dispatch_packets/A_APPLIANCE_20260707T143943Z/reviewer_c01/N_REVIEW_C01/dispatch_packet.md | Packet contains fixed envelope input and context export headline.

===== context export cycle_01/reviewer_dispatch =====
+ node /opt/strata/source_sctl/src/cli.js --workspace /home/strata/workspace/sctl-workspace context export-markdown --include-classes A\,B --class-b-latest 2 --out /home/strata/workspace/runs/A_APPLIANCE_20260707T143943Z_20260707T143943Z/context_exports/cycle_01/reviewer_dispatch
{
  "contract_id": "strata.sctl.result_envelope.v1",
  "tool_id": "sctl.context.export_markdown.v2",
  "ok": true,
  "result": {
    "out_dir": "/home/strata/workspace/runs/A_APPLIANCE_20260707T143943Z_20260707T143943Z/context_exports/cycle_01/reviewer_dispatch",
    "markdown_path": "/home/strata/workspace/runs/A_APPLIANCE_20260707T143943Z_20260707T143943Z/context_exports/cycle_01/reviewer_dispatch/context.md",
    "source_index_path": "/home/strata/workspace/runs/A_APPLIANCE_20260707T143943Z_20260707T143943Z/context_exports/cycle_01/reviewer_dispatch/source_index.json",
    "manifest_path": "/home/strata/workspace/runs/A_APPLIANCE_20260707T143943Z_20260707T143943Z/context_exports/cycle_01/reviewer_dispatch/manifest.json",
    "source_count": 3,
    "state": {
      "contract_id": "strata.context_state.v2_simplified_runtime",
      "context_epoch": 10,
      "current_context_epoch": 14,
      "context_revision": 23,
      "class_a_revision": 9,
      "class_b_revision": 14,
      "current_class_b_revision": 14,
      "class_b_updates_since_full_refresh": 2,
      "refresh_required": true,
      "refresh_reason": "Class A contract or doctrine update requires fresh full context dispatch",
      "context_update_policy": "class_a_full_latest2_class_b_cycle_math",
      "created_at": "2026-07-06T04:49:04.748Z",
      "updated_at": "2026-07-07T14:41:45.741Z"
    },
    "include_classes": [
      "A",
      "B"
    ],
    "since_class_b_revision": null,
    "class_b_latest": 2,
    "class_b_filter": "latest_2"
  },
  "errors": [],
  "evidence_paths": [
    "/home/strata/workspace/runs/A_APPLIANCE_20260707T143943Z_20260707T143943Z/context_exports/cycle_01/reviewer_dispatch/context.md",
    "/home/strata/workspace/runs/A_APPLIANCE_20260707T143943Z_20260707T143943Z/context_exports/cycle_01/reviewer_dispatch/source_index.json",
    "/home/strata/workspace/runs/A_APPLIANCE_20260707T143943Z_20260707T143943Z/context_exports/cycle_01/reviewer_dispatch/manifest.json"
  ],
  "created_at": "2026-07-07T14:41:48.163Z"
}
STATUS[context export cycle_01/reviewer_dispatch]=0
FULL_CONTEXT_EXPORT[cycle_01/reviewer_dispatch]=/home/strata/workspace/runs/A_APPLIANCE_20260707T143943Z_20260707T143943Z/context_exports/cycle_01/reviewer_dispatch/context.md
DIAG[cycle_01.context_export.reviewer_dispatch]=OBSERVED | /home/strata/workspace/runs/A_APPLIANCE_20260707T143943Z_20260707T143943Z/context_exports/cycle_01/reviewer_dispatch/context.md | Standalone Class A plus latest Class B context export written outside the pasted dispatch packet and outside the operational log body.

===== 15 reviewer dispatch inject =====
+ env SCTL_RUNTIME_DELEGATE_ROOT=/opt/strata/runtime-delegate SCTL_RUNTIME_DELEGATE_BIN=/opt/strata/runtime-delegate/dist/src/cli.js /opt/strata/source_sctl/scripts/wsl_tmux/sctl-dispatch-inject --workspace /home/strata/workspace/sctl-workspace --assignment-id A_APPLIANCE_20260707T143943Z --id reviewer_c01 --session STRATA-REVIEWER-A_APPLIANCE_20260707T143943Z --packet /home/strata/workspace/sctl-workspace/.strata/context/D_trace/dispatch_packets/A_APPLIANCE_20260707T143943Z/reviewer_c01/N_REVIEW_C01/dispatch_packet.md --paste-delay 5 --no-tab
{
  "ok": true,
  "runtime": "tmux_codex_cli",
  "operation": "dispatch_delivery",
  "session_id": "reviewer_c01",
  "runtime_session_name": "STRATA-REVIEWER-A_APPLIANCE_20260707T143943Z",
  "tmux_target": "STRATA-REVIEWER-A_APPLIANCE_20260707T143943Z",
  "packet_path": ".strata/context/D_trace/dispatch_packets/A_APPLIANCE_20260707T143943Z/reviewer_c01/N_REVIEW_C01/dispatch_packet.md",
  "packet_sha256": "e7478fd5ed33766bdba550a4fb519d74dab1df45029001430f996742a1f81517",
  "evidence_path": ".strata-runtime/evidence/delegate_control/dispatch_delivery/reviewer_c01/2026-07-07_14-41-53-467Z/dispatch_delivery_result.json",
  "timestamp": "2026-07-07T14:41:53.467Z",
  "error": null
}
STATUS[15 reviewer dispatch inject]=0
DIAG[cycle_01.15]=OBSERVED | STRATA-REVIEWER-A_APPLIANCE_20260707T143943Z injected | Reviewer packet was injected through adapter.

===== 16 reviewer session capture =====
+ env SCTL_RUNTIME_DELEGATE_ROOT=/opt/strata/runtime-delegate SCTL_RUNTIME_DELEGATE_BIN=/opt/strata/runtime-delegate/dist/src/cli.js /opt/strata/source_sctl/scripts/wsl_tmux/sctl-session-capture --workspace /home/strata/workspace/sctl-workspace --assignment-id A_APPLIANCE_20260707T143943Z --id reviewer_c01 --session STRATA-REVIEWER-A_APPLIANCE_20260707T143943Z --out /home/strata/workspace/sctl-workspace/.strata/evidence/session_captures/STRATA-REVIEWER-A_APPLIANCE_20260707T143943Z.txt --lines 200
{
  "ok": true,
  "runtime": "tmux_codex_cli",
  "operation": "session_capture",
  "session_id": "reviewer_c01",
  "tmux_target": "STRATA-REVIEWER-A_APPLIANCE_20260707T143943Z",
  "capture_path": ".strata-runtime/evidence/delegate_control/session_capture/reviewer_c01/2026-07-07_14-41-53-744Z/pane_capture.txt",
  "evidence_path": ".strata-runtime/evidence/delegate_control/session_capture/reviewer_c01/2026-07-07_14-41-53-744Z/session_capture_result.json",
  "timestamp": "2026-07-07T14:41:53.744Z"
}
STATUS[16 reviewer session capture]=0
DIAG[cycle_01.16]=OBSERVED | STRATA-REVIEWER-A_APPLIANCE_20260707T143943Z capture attempted | Reviewer session capture evidence was requested.

===== 17 wait for return =====
waiting up to 360s for /home/strata/workspace/sctl-workspace/.strata/returns/A_APPLIANCE_20260707T143943Z/reviewer_c01/packet.json
STATUS[17 wait for return]=0
DIAG[cycle_01.17.wait]=OBSERVED | /home/strata/workspace/sctl-workspace/.strata/returns/A_APPLIANCE_20260707T143943Z/reviewer_c01/packet.json | Worker return packet and operational report appeared without harness simulation.

===== 17 classify reviewer return =====
+ node /opt/strata/source_sctl/src/cli.js --workspace /home/strata/workspace/sctl-workspace returns classify --packet .strata/returns/A_APPLIANCE_20260707T143943Z/reviewer_c01/packet.json
{
  "contract_id": "strata.sctl.result_envelope.v1",
  "tool_id": "sctl.returns.classify.v1",
  "ok": true,
  "result": {
    "classification": {
      "contract_id": "strata.worker_return_classification.v6_context_git",
      "classification_id": "wret_class_packet.json_2026-07-07T14-42-49-336Z",
      "packet_path": "/home/strata/workspace/sctl-workspace/.strata/returns/A_APPLIANCE_20260707T143943Z/reviewer_c01/packet.json",
      "packet_sha256": "d4a102f4d9fbfc859f835eea966d86e8c2243b7a63d9dc9ba7a33001d9f39237",
      "valid_packet": true,
      "errors": [],
      "return_id": "ret_A_APPLIANCE_20260707T143943Z_reviewer_c01_2026-07-07T14-42-26Z",
      "assignment_id": "A_APPLIANCE_20260707T143943Z",
      "agent_id": "reviewer_c01",
      "role": "Change Author",
      "return_kind": "OPERATIONAL_REPORT_READY",
      "report_scope": "actionable_report",
      "class_b_authority": "git_tracked_files_only",
      "evidence_model": "evidence_in_report_body",
      "implementation_repository": "/home/strata/workspace/codebase",
      "implementation_commit": "d4669f53b242c9af04c79ba2628ba395b3ff05bc",
      "trunk_branch": "main",
      "short_lived_branch": "change/A_APPLIANCE_20260707T143943Z/C01-appliance-cycle",
      "integration_mode": "direct_to_trunk",
      "routing_decision": "OPERATIONAL_REPORT_READY_LEDGERED_NOT_CLASS_B",
      "class_b_entry_path": null,
      "class_b_record_path": null,
      "class_d_diagnostic_path": null,
      "coordination_thread_path": null,
      "ack_path": null,
      "report_ledger_path": "/home/strata/workspace/sctl-workspace/.strata/context/D_trace/return_ledgers/operational_report_ready_index.jsonl",
      "report_path": "/home/strata/workspace/sctl-workspace/.strata/returns/A_APPLIANCE_20260707T143943Z/reviewer_c01/operational_report.md",
      "error_dispatch": null,
      "created_at": "2026-07-07T14:42:49.336Z"
    },
    "classification_record_path": "/home/strata/workspace/sctl-workspace/.strata/context/D_trace/return_ledgers/wret_class_packet.json_2026-07-07T14-42-49-336Z.json"
  },
  "errors": [],
  "evidence_paths": [
    "/home/strata/workspace/sctl-workspace/.strata/context/D_trace/return_ledgers/wret_class_packet.json_2026-07-07T14-42-49-336Z.json",
    "/home/strata/workspace/sctl-workspace/.strata/context/D_trace/return_ledgers/operational_report_ready_index.jsonl",
    "/home/strata/workspace/sctl-workspace/.strata/context/D_trace/telemetry/workflow_telemetry.jsonl"
  ],
  "created_at": "2026-07-07T14:42:49.371Z"
}
STATUS[17 classify reviewer return]=0
DIAG[cycle_01.17 classify reviewer return]=OBSERVED | OPERATIONAL_REPORT_READY / OPERATIONAL_REPORT_READY_LEDGERED_NOT_CLASS_B | Return was ledgered, not automatically promoted to Class B.
DIAG[cycle_01.17.review_result]=OBSERVED | approved | Reviewer outcome recorded; only approved gates CI and merge. Cycle continues to coordinator regardless.
OPERATIONAL_STAGE[infer_review_result]=OBSERVED | approved
DIAG[cycle_01.infer_review_result]=OBSERVED | approved | Reviewer recommendation is available for the final outcome.

===== 19 final outcome classb put =====
+ node /opt/strata/source_sctl/src/cli.js --workspace /home/strata/workspace/sctl-workspace classb put --id B_A_APPLIANCE_20260707T143943Z_C01_MERGE_OUTCOME --title A_APPLIANCE_20260707T143943Z\ C01\ approved\ outcome --assignment-id A_APPLIANCE_20260707T143943Z --agent-id delegated_coordinator_001 --role Delegated\ Coordinator --scope review_outcome --summary Cycle\ C01\ reviewer\ outcome:\ approved\;\ final\ integration\ outcome:\ approved. --progress-delta Flowmap\ 02\ routed\ delegated\ coordinator\ intent\ through\ disposable\ author\ and\ reviewer\ sessions\ for\ C01. --trunk-integration Codebase\ repo:\ /home/strata/workspace/codebase\;\ trunk:\ main\;\ branch:\ change/A_APPLIANCE_20260707T143943Z/C01-appliance-cycle.\ Branch\ lifecycle\ is\ owned\ by\ the\ agents\,\ not\ the\ harness. --verification Reviewer\ return\ classified.\ Review\ result:\ approved. --evidence-detail Author\ packet:\ .strata/context/D_trace/dispatch_packets/A_APPLIANCE_20260707T143943Z/change_author_c01/N_AUTHOR_C01/dispatch_packet.md\;\ review\ packet:\ .strata/context/D_trace/dispatch_packets/A_APPLIANCE_20260707T143943Z/reviewer_c01/N_REVIEW_C01/dispatch_packet.md\;\ return\ ledgers:\ .strata/context/D_trace/return_ledgers/. --risks If\ final\ integration\ outcome\ is\ not\ merged\,\ inspect\ CI/merge\ diagnostics\ before\ selecting\ the\ next\ change. --next-action Refresh\ Delegated\ Coordinator\ context\ and\ resolve\ any\ non-merged\ integration\ outcome\ before\ selecting\ the\ next\ small\ change.
{
  "contract_id": "strata.sctl.result_envelope.v1",
  "tool_id": "sctl.classb.put_file.v2",
  "ok": true,
  "result": {
    "id": "B_A_APPLIANCE_20260707T143943Z_C01_MERGE_OUTCOME",
    "file": "/home/strata/workspace/sctl-workspace/.strata/context/B/b_a_appliance_20260707t143943z_c01_merge_outcome.md",
    "scope": "review_outcome",
    "assignment_id": "A_APPLIANCE_20260707T143943Z",
    "git": {
      "command": "git",
      "args": [
        "commit",
        "-m",
        "class B report put B_A_APPLIANCE_20260707T143943Z_C01_MERGE_OUTCOME"
      ],
      "cwd": "/home/strata/workspace/sctl-workspace/.strata/context",
      "status": 0,
      "signal": null,
      "stdout": "[master 75c8f1a] class B report put B_A_APPLIANCE_20260707T143943Z_C01_MERGE_OUTCOME\n 3 files changed, 53 insertions(+), 6 deletions(-)\n create mode 100644 B/b_a_appliance_20260707t143943z_c01_merge_outcome.md\n",
      "stderr": "",
      "ok": true,
      "error": null,
      "commit": "75c8f1a"
    },
    "state": {
      "contract_id": "strata.context_state.v2_simplified_runtime",
      "context_epoch": 10,
      "current_context_epoch": 15,
      "context_revision": 24,
      "class_a_revision": 9,
      "class_b_revision": 15,
      "current_class_b_revision": 15,
      "class_b_updates_since_full_refresh": 3,
      "refresh_required": true,
      "refresh_reason": "Class A contract or doctrine update requires fresh full context dispatch",
      "context_update_policy": "class_a_full_latest2_class_b_cycle_math",
      "created_at": "2026-07-06T04:49:04.748Z",
      "updated_at": "2026-07-07T14:42:50.038Z"
    },
    "accepted_class_b_revision": 15
  },
  "errors": [],
  "evidence_paths": [
    "/home/strata/workspace/sctl-workspace/.strata/context/B/b_a_appliance_20260707t143943z_c01_merge_outcome.md",
    "/home/strata/workspace/sctl-workspace/.strata/context/D_trace/telemetry/workflow_telemetry.jsonl"
  ],
  "created_at": "2026-07-07T14:42:50.075Z"
}
STATUS[19 final outcome classb put]=0
DIAG[cycle_01.19]=OBSERVED | Class B revision 14 -> 15 | Final outcome entered Class B.
OPERATIONAL_STAGE[commit_final_outcome]=OBSERVED | /home/strata/workspace/sctl-workspace/.strata/context/B/b_a_appliance_20260707t143943z_c01_merge_outcome.md
DIAG[cycle_01.commit_final_outcome]=OBSERVED | /home/strata/workspace/sctl-workspace/.strata/context/B/b_a_appliance_20260707t143943z_c01_merge_outcome.md | Final cycle outcome was committed to Class B.

===== 20 retire change author =====
+ env SCTL_RUNTIME_DELEGATE_ROOT=/opt/strata/runtime-delegate SCTL_RUNTIME_DELEGATE_BIN=/opt/strata/runtime-delegate/dist/src/cli.js /opt/strata/source_sctl/scripts/wsl_tmux/sctl-session-retire --workspace /home/strata/workspace/sctl-workspace --assignment-id A_APPLIANCE_20260707T143943Z --id change_author_c01 --session STRATA-CODER-A_APPLIANCE_20260707T143943Z --status released --reason Flowmap\ 02\ C01\ Change\ Author\ cycle\ completed\;\ runtime\ left\ alive
adapter_runtime_status=runtime_left_alive_explicit_only session_id=change_author_c01
{
  "contract_id": "strata.sctl.result_envelope.v1",
  "tool_id": "sctl.sessions.release.v1",
  "ok": true,
  "result": {
    "id": "change_author_c01",
    "assignment_id": "A_APPLIANCE_20260707T143943Z",
    "status": "released",
    "runtime_left_alive": true,
    "file": "/home/strata/workspace/sctl-workspace/.strata/context/C/sessions/active_sessions.json",
    "lifecycle_path": "/home/strata/workspace/sctl-workspace/.strata/context/C/sessions/lifecycle/a_appliance_20260707t143943z_change_author_c01_released_2026-07-07t14-42-50-552z.json",
    "git": {
      "command": "git",
      "args": [
        "commit",
        "-m",
        "session release A_APPLIANCE_20260707T143943Z change_author_c01"
      ],
      "cwd": "/home/strata/workspace/sctl-workspace/.strata/context",
      "status": 0,
      "signal": null,
      "stdout": "[master 8ac9558] session release A_APPLIANCE_20260707T143943Z change_author_c01\n 3 files changed, 18 insertions(+), 4 deletions(-)\n create mode 100644 C/sessions/lifecycle/a_appliance_20260707t143943z_change_author_c01_released_2026-07-07t14-42-50-552z.json\n",
      "stderr": "",
      "ok": true,
      "error": null,
      "commit": "8ac9558"
    }
  },
  "errors": [],
  "evidence_paths": [
    "/home/strata/workspace/sctl-workspace/.strata/context/C/sessions/active_sessions.json",
    "/home/strata/workspace/sctl-workspace/.strata/context/C/sessions/lifecycle/a_appliance_20260707t143943z_change_author_c01_released_2026-07-07t14-42-50-552z.json",
    "/home/strata/workspace/sctl-workspace/.strata/context/D_trace/telemetry/workflow_telemetry.jsonl"
  ],
  "created_at": "2026-07-07T14:42:50.600Z"
}
STATUS[20 retire change author]=0

===== 20 retire reviewer =====
+ env SCTL_RUNTIME_DELEGATE_ROOT=/opt/strata/runtime-delegate SCTL_RUNTIME_DELEGATE_BIN=/opt/strata/runtime-delegate/dist/src/cli.js /opt/strata/source_sctl/scripts/wsl_tmux/sctl-session-retire --workspace /home/strata/workspace/sctl-workspace --assignment-id A_APPLIANCE_20260707T143943Z --id reviewer_c01 --session STRATA-REVIEWER-A_APPLIANCE_20260707T143943Z --status released --reason Flowmap\ 02\ C01\ review\ cycle\ completed\;\ runtime\ left\ alive
adapter_runtime_status=runtime_left_alive_explicit_only session_id=reviewer_c01
{
  "contract_id": "strata.sctl.result_envelope.v1",
  "tool_id": "sctl.sessions.release.v1",
  "ok": true,
  "result": {
    "id": "reviewer_c01",
    "assignment_id": "A_APPLIANCE_20260707T143943Z",
    "status": "released",
    "runtime_left_alive": true,
    "file": "/home/strata/workspace/sctl-workspace/.strata/context/C/sessions/active_sessions.json",
    "lifecycle_path": "/home/strata/workspace/sctl-workspace/.strata/context/C/sessions/lifecycle/a_appliance_20260707t143943z_reviewer_c01_released_2026-07-07t14-42-50-669z.json",
    "git": {
      "command": "git",
      "args": [
        "commit",
        "-m",
        "session release A_APPLIANCE_20260707T143943Z reviewer_c01"
      ],
      "cwd": "/home/strata/workspace/sctl-workspace/.strata/context",
      "status": 0,
      "signal": null,
      "stdout": "[master 3b61f5a] session release A_APPLIANCE_20260707T143943Z reviewer_c01\n 3 files changed, 17 insertions(+), 3 deletions(-)\n create mode 100644 C/sessions/lifecycle/a_appliance_20260707t143943z_reviewer_c01_released_2026-07-07t14-42-50-669z.json\n",
      "stderr": "",
      "ok": true,
      "error": null,
      "commit": "3b61f5a"
    }
  },
  "errors": [],
  "evidence_paths": [
    "/home/strata/workspace/sctl-workspace/.strata/context/C/sessions/active_sessions.json",
    "/home/strata/workspace/sctl-workspace/.strata/context/C/sessions/lifecycle/a_appliance_20260707t143943z_reviewer_c01_released_2026-07-07t14-42-50-669z.json",
    "/home/strata/workspace/sctl-workspace/.strata/context/D_trace/telemetry/workflow_telemetry.jsonl"
  ],
  "created_at": "2026-07-07T14:42:50.713Z"
}
STATUS[20 retire reviewer]=0
DIAG[cycle_01.20]=OBSERVED | disposable sessions logically retired | Author and reviewer lifecycle closure was recorded through SCTL. Runtime sessions remain alive unless explicit operator cleanup is requested.
OPERATIONAL_STAGE[retire_disposable_sessions]=OBSERVED | change_author_c01 and reviewer_c01 released
DIAG[cycle_01.retire_disposable_sessions]=OBSERVED | change_author_c01 and reviewer_c01 released | Disposable logical sessions were released without killing runtime sessions.

===== 21 coordinator context latest2 cycle_01/coordinator_refresh_latest2 =====
+ node /opt/strata/source_sctl/src/cli.js --workspace /home/strata/workspace/sctl-workspace context export-markdown --include-classes A\,B --class-b-latest 2 --out /home/strata/workspace/runs/A_APPLIANCE_20260707T143943Z_20260707T143943Z/context_exports/cycle_01/coordinator_refresh_latest2
{
  "contract_id": "strata.sctl.result_envelope.v1",
  "tool_id": "sctl.context.export_markdown.v2",
  "ok": true,
  "result": {
    "out_dir": "/home/strata/workspace/runs/A_APPLIANCE_20260707T143943Z_20260707T143943Z/context_exports/cycle_01/coordinator_refresh_latest2",
    "markdown_path": "/home/strata/workspace/runs/A_APPLIANCE_20260707T143943Z_20260707T143943Z/context_exports/cycle_01/coordinator_refresh_latest2/context.md",
    "source_index_path": "/home/strata/workspace/runs/A_APPLIANCE_20260707T143943Z_20260707T143943Z/context_exports/cycle_01/coordinator_refresh_latest2/source_index.json",
    "manifest_path": "/home/strata/workspace/runs/A_APPLIANCE_20260707T143943Z_20260707T143943Z/context_exports/cycle_01/coordinator_refresh_latest2/manifest.json",
    "source_count": 3,
    "state": {
      "contract_id": "strata.context_state.v2_simplified_runtime",
      "context_epoch": 10,
      "current_context_epoch": 15,
      "context_revision": 24,
      "class_a_revision": 9,
      "class_b_revision": 15,
      "current_class_b_revision": 15,
      "class_b_updates_since_full_refresh": 3,
      "refresh_required": true,
      "refresh_reason": "Class A contract or doctrine update requires fresh full context dispatch",
      "context_update_policy": "class_a_full_latest2_class_b_cycle_math",
      "created_at": "2026-07-06T04:49:04.748Z",
      "updated_at": "2026-07-07T14:42:50.038Z"
    },
    "include_classes": [
      "A",
      "B"
    ],
    "since_class_b_revision": null,
    "class_b_latest": 2,
    "class_b_filter": "latest_2"
  },
  "errors": [],
  "evidence_paths": [
    "/home/strata/workspace/runs/A_APPLIANCE_20260707T143943Z_20260707T143943Z/context_exports/cycle_01/coordinator_refresh_latest2/context.md",
    "/home/strata/workspace/runs/A_APPLIANCE_20260707T143943Z_20260707T143943Z/context_exports/cycle_01/coordinator_refresh_latest2/source_index.json",
    "/home/strata/workspace/runs/A_APPLIANCE_20260707T143943Z_20260707T143943Z/context_exports/cycle_01/coordinator_refresh_latest2/manifest.json"
  ],
  "created_at": "2026-07-07T14:42:51.099Z"
}
STATUS[21 coordinator context latest2 cycle_01/coordinator_refresh_latest2]=0
DIAG[cycle_01.21]=OBSERVED | latest_2 Class B export: /home/strata/workspace/runs/A_APPLIANCE_20260707T143943Z_20260707T143943Z/context_exports/cycle_01/coordinator_refresh_latest2/context.md | Coordinator refresh uses fixed latest-two Class B policy rather than expanding delta history.
OPERATIONAL_STAGE[refresh_coordinator_context]=OBSERVED | latest_2 Class B export refreshed
DIAG[cycle_01.refresh_coordinator_context]=OBSERVED | latest_2 Class B export refreshed | Coordinator refresh uses fixed latest Class B policy.

===== context export cycle_01/coordinator_after =====
+ node /opt/strata/source_sctl/src/cli.js --workspace /home/strata/workspace/sctl-workspace context export-markdown --include-classes A\,B --class-b-latest 2 --out /home/strata/workspace/runs/A_APPLIANCE_20260707T143943Z_20260707T143943Z/context_exports/cycle_01/coordinator_after
{
  "contract_id": "strata.sctl.result_envelope.v1",
  "tool_id": "sctl.context.export_markdown.v2",
  "ok": true,
  "result": {
    "out_dir": "/home/strata/workspace/runs/A_APPLIANCE_20260707T143943Z_20260707T143943Z/context_exports/cycle_01/coordinator_after",
    "markdown_path": "/home/strata/workspace/runs/A_APPLIANCE_20260707T143943Z_20260707T143943Z/context_exports/cycle_01/coordinator_after/context.md",
    "source_index_path": "/home/strata/workspace/runs/A_APPLIANCE_20260707T143943Z_20260707T143943Z/context_exports/cycle_01/coordinator_after/source_index.json",
    "manifest_path": "/home/strata/workspace/runs/A_APPLIANCE_20260707T143943Z_20260707T143943Z/context_exports/cycle_01/coordinator_after/manifest.json",
    "source_count": 3,
    "state": {
      "contract_id": "strata.context_state.v2_simplified_runtime",
      "context_epoch": 10,
      "current_context_epoch": 15,
      "context_revision": 24,
      "class_a_revision": 9,
      "class_b_revision": 15,
      "current_class_b_revision": 15,
      "class_b_updates_since_full_refresh": 3,
      "refresh_required": true,
      "refresh_reason": "Class A contract or doctrine update requires fresh full context dispatch",
      "context_update_policy": "class_a_full_latest2_class_b_cycle_math",
      "created_at": "2026-07-06T04:49:04.748Z",
      "updated_at": "2026-07-07T14:42:50.038Z"
    },
    "include_classes": [
      "A",
      "B"
    ],
    "since_class_b_revision": null,
    "class_b_latest": 2,
    "class_b_filter": "latest_2"
  },
  "errors": [],
  "evidence_paths": [
    "/home/strata/workspace/runs/A_APPLIANCE_20260707T143943Z_20260707T143943Z/context_exports/cycle_01/coordinator_after/context.md",
    "/home/strata/workspace/runs/A_APPLIANCE_20260707T143943Z_20260707T143943Z/context_exports/cycle_01/coordinator_after/source_index.json",
    "/home/strata/workspace/runs/A_APPLIANCE_20260707T143943Z_20260707T143943Z/context_exports/cycle_01/coordinator_after/manifest.json"
  ],
  "created_at": "2026-07-07T14:42:51.499Z"
}
STATUS[context export cycle_01/coordinator_after]=0
FULL_CONTEXT_EXPORT[cycle_01/coordinator_after]=/home/strata/workspace/runs/A_APPLIANCE_20260707T143943Z_20260707T143943Z/context_exports/cycle_01/coordinator_after/context.md
DIAG[cycle_01.context_export.coordinator_after]=OBSERVED | /home/strata/workspace/runs/A_APPLIANCE_20260707T143943Z_20260707T143943Z/context_exports/cycle_01/coordinator_after/context.md | Standalone Class A plus latest Class B context export written outside the pasted dispatch packet and outside the operational log body.
OPERATIONAL_STAGE[export_context_after]=OBSERVED | /home/strata/workspace/runs/A_APPLIANCE_20260707T143943Z_20260707T143943Z/context_exports/cycle_01/coordinator_after/context.md
DIAG[cycle_01.export_context_after]=OBSERVED | /home/strata/workspace/runs/A_APPLIANCE_20260707T143943Z_20260707T143943Z/context_exports/cycle_01/coordinator_after/context.md | Coordinator-after context export is available for audit.
DIAG[cycle_01.timeline]=OBSERVED | /home/strata/workspace/runs/A_APPLIANCE_20260707T143943Z_20260707T143943Z/cycle_timeline.tsv row appended for cycle_01 | Cycle summary timeline captures branch, commits, review, CI, merge, Class B, and context export pointers in one screen.
OPERATIONAL_STAGE[append_timeline]=OBSERVED | /home/strata/workspace/runs/A_APPLIANCE_20260707T143943Z_20260707T143943Z/cycle_timeline.tsv row appended for cycle_01
DIAG[cycle_01.append_timeline]=OBSERVED | /home/strata/workspace/runs/A_APPLIANCE_20260707T143943Z_20260707T143943Z/cycle_timeline.tsv row appended for cycle_01 | Cycle summary timeline captures branch, commits, review, Class B, and context export pointers.
DIAG[cycle_01.artifact_freshness.runtime]=OBSERVED | author STRATA-CODER-A_APPLIANCE_20260707T143943Z killed | Cycle-end cleanup removed the disposable runtime session after its report was classified and committed.
DIAG[cycle_01.artifact_freshness.runtime]=OBSERVED | reviewer STRATA-REVIEWER-A_APPLIANCE_20260707T143943Z killed | Cycle-end cleanup removed the disposable runtime session after its report was classified and committed.
DIAG[cycle_01.artifact_freshness.returns]=OBSERVED | /home/strata/workspace/sctl-workspace/.strata/returns/A_APPLIANCE_20260707T143943Z disposable worker returns cleared before coordinator handoff | Cycle-end cleanup deleted only assignment-owned transient worker return directories before refreshing the coordinator. Coordinator handoff files may be recreated for the next cycle; Class B reports and return ledgers remain in context Git.
+ git count-objects -v before
count: 855
size: 3492
in-pack: 331
packs: 1
size-pack: 66
prune-packable: 0
garbage: 0
size-garbage: 0
+ git reflog expire --expire=now --all
+ git gc --prune=now --quiet
+ git count-objects -v after
count: 0
size: 0
in-pack: 1186
packs: 1
size-pack: 213
prune-packable: 0
garbage: 0
size-garbage: 0
DIAG[cycle_01.artifact_freshness.context_git]=OBSERVED | /home/strata/workspace/runs/A_APPLIANCE_20260707T143943Z_20260707T143943Z/C01_artifact_freshness_context_git.log | Context Git storage was packed/pruned without deleting Class B reports or changing reviewer outcome semantics.
DIAG[cycle_01.artifact_freshness]=OBSERVED | cycle-end cleanup complete | Harness cleaned stale runtime/transient artifacts only. Codebase-git branch lifecycle is owned by the agents, not the harness; Reviewer outcome detail remains in the report/Class B layer, and coordinator refresh proceeds from committed context.

===== 21 coordinator cycle complete =====
+ node /opt/strata/source_sctl/src/cli.js --workspace /home/strata/workspace/sctl-workspace coordinator cycle-complete --assignment-id A_APPLIANCE_20260707T143943Z --coordinator-id delegated_coordinator_001 --cycle-id CYCLE_A_APPLIANCE_20260707T143943Z_2026-07-07T14-39-45-001Z
{
  "contract_id": "strata.sctl.result_envelope.v1",
  "tool_id": "sctl.coordinator.cycle_complete.v1",
  "ok": true,
  "result": {
    "assignment_id": "A_APPLIANCE_20260707T143943Z",
    "coordinator_id": "delegated_coordinator_001",
    "cycle_id": "CYCLE_A_APPLIANCE_20260707T143943Z_2026-07-07T14-39-45-001Z",
    "completed_cycles_since_recreate": 1,
    "total_completed_cycles": 1,
    "recreation_threshold_cycles": 4,
    "recreation_required": false,
    "next_action": "continue_existing_coordinator",
    "latest_class_b_count": 2,
    "git": {
      "command": "git",
      "args": [
        "commit",
        "-m",
        "coordinator cycle complete A_APPLIANCE_20260707T143943Z delegated_coordinator_001 1"
      ],
      "cwd": "/home/strata/workspace/sctl-workspace/.strata/context",
      "status": 0,
      "signal": null,
      "stdout": "[master f5345ef] coordinator cycle complete A_APPLIANCE_20260707T143943Z delegated_coordinator_001 1\n 3 files changed, 24 insertions(+)\n create mode 100644 D_trace/coordinator_lifecycle/a_appliance_20260707t143943z/delegated_coordinator_001.json\n create mode 100644 D_trace/coordinator_lifecycle/a_appliance_20260707t143943z/delegated_coordinator_001_cycle_0001_2026-07-07T14-42-53-578Z.json\n",
      "stderr": "",
      "ok": true,
      "error": null,
      "commit": "f5345ef"
    }
  },
  "errors": [],
  "evidence_paths": [
    "/home/strata/workspace/sctl-workspace/.strata/context/D_trace/coordinator_lifecycle/a_appliance_20260707t143943z/delegated_coordinator_001.json",
    "/home/strata/workspace/sctl-workspace/.strata/context/D_trace/coordinator_lifecycle/a_appliance_20260707t143943z/delegated_coordinator_001_cycle_0001_2026-07-07T14-42-53-578Z.json",
    "/home/strata/workspace/sctl-workspace/.strata/context/D_trace/telemetry/workflow_telemetry.jsonl"
  ],
  "created_at": "2026-07-07T14:42:53.615Z"
}
STATUS[21 coordinator cycle complete]=0
DIAG[cycle_01.21.coordinator_rotate]=OBSERVED | recreation_required=false cycle=1 | Coordinator recreation is cycle-count driven; no recreation needed before next coordinator work.

===== 21 coordinator dispatch render =====
+ /opt/strata/source_sctl/scripts/wsl_tmux/sctl-dispatch-render --workspace /home/strata/workspace/sctl-workspace --assignment-id A_APPLIANCE_20260707T143943Z --nonce N_COORD_C01_NEXT --from-role SCTL\ Context\ Commit\ Trigger --from-id sctl_context_git --target-role Delegated\ Coordinator --target-id delegated_coordinator_001 --target-session STRATA-COORDINATOR-A_APPLIANCE_20260707T143943Z --dispatch-kind CLASS_B_CONTEXT_COMMIT --class-b-latest 2 --template-path templates/work_products/coordinator_work_order.template.md --related-class-b .strata/context/B/b_a_appliance_20260707t143943z_c01_merge_outcome.md --source-context-class B --source-context-path .strata/context/B/b_a_appliance_20260707t143943z_c01_merge_outcome.md
{
  "contract_id": "strata.sctl.result_envelope.v1",
  "tool_id": "sctl.dispatch.record.v3",
  "ok": true,
  "result": {
    "outbox": {
      "dir": "/home/strata/workspace/sctl-workspace/.strata/dispatch_outbox/A_APPLIANCE_20260707T143943Z/delegated_coordinator_001/N_COORD_C01_NEXT",
      "packetJsonPath": "/home/strata/workspace/sctl-workspace/.strata/dispatch_outbox/A_APPLIANCE_20260707T143943Z/delegated_coordinator_001/N_COORD_C01_NEXT/dispatch_packet.json",
      "packetMdPath": "/home/strata/workspace/sctl-workspace/.strata/dispatch_outbox/A_APPLIANCE_20260707T143943Z/delegated_coordinator_001/N_COORD_C01_NEXT/dispatch_packet.md",
      "manifestPath": "/home/strata/workspace/sctl-workspace/.strata/dispatch_outbox/A_APPLIANCE_20260707T143943Z/delegated_coordinator_001/N_COORD_C01_NEXT/manifest.json"
    },
    "git_snapshot": {
      "dir": "/home/strata/workspace/sctl-workspace/.strata/context/D_trace/dispatch_packets/A_APPLIANCE_20260707T143943Z/delegated_coordinator_001/N_COORD_C01_NEXT",
      "packetJsonPath": "/home/strata/workspace/sctl-workspace/.strata/context/D_trace/dispatch_packets/A_APPLIANCE_20260707T143943Z/delegated_coordinator_001/N_COORD_C01_NEXT/dispatch_packet.json",
      "packetMdPath": "/home/strata/workspace/sctl-workspace/.strata/context/D_trace/dispatch_packets/A_APPLIANCE_20260707T143943Z/delegated_coordinator_001/N_COORD_C01_NEXT/dispatch_packet.md",
      "manifestPath": "/home/strata/workspace/sctl-workspace/.strata/context/D_trace/dispatch_packets/A_APPLIANCE_20260707T143943Z/delegated_coordinator_001/N_COORD_C01_NEXT/manifest.json"
    },
    "dispatch_log_path": "/home/strata/workspace/sctl-workspace/.strata/context/D_trace/dispatch_log/a_appliance_20260707t143943z_n_coord_c01_next_delegated_coordinator_001.json",
    "tester_entrypoint": {
      "packet_markdown": "/home/strata/workspace/sctl-workspace/.strata/dispatch_outbox/A_APPLIANCE_20260707T143943Z/delegated_coordinator_001/N_COORD_C01_NEXT/dispatch_packet.md",
      "metadata_json": "/home/strata/workspace/sctl-workspace/.strata/dispatch_outbox/A_APPLIANCE_20260707T143943Z/delegated_coordinator_001/N_COORD_C01_NEXT/dispatch_packet.json",
      "dispatch_log": "/home/strata/workspace/sctl-workspace/.strata/context/D_trace/dispatch_log/a_appliance_20260707t143943z_n_coord_c01_next_delegated_coordinator_001.json",
      "suggested_delivery_command": "strata-runtime-edge delegate dispatch-deliver --session-id delegated_coordinator_001 --packet /home/strata/workspace/sctl-workspace/.strata/dispatch_outbox/A_APPLIANCE_20260707T143943Z/delegated_coordinator_001/N_COORD_C01_NEXT/dispatch_packet.md --workspace /home/strata/workspace/sctl-workspace"
    },
    "notice_count": 0,
    "git": {
      "command": "git",
      "args": [
        "commit",
        "-m",
        "dispatch record A_APPLIANCE_20260707T143943Z N_COORD_C01_NEXT"
      ],
      "cwd": "/home/strata/workspace/sctl-workspace/.strata/context",
      "status": 0,
      "signal": null,
      "stdout": "[master 7292af9] dispatch record A_APPLIANCE_20260707T143943Z N_COORD_C01_NEXT\n 8 files changed, 634 insertions(+)\n create mode 100644 D_trace/dispatch_log/a_appliance_20260707t143943z_n_coord_c01_next_delegated_coordinator_001.json\n create mode 100644 D_trace/dispatch_packets/A_APPLIANCE_20260707T143943Z/delegated_coordinator_001/N_COORD_C01_NEXT/context_export/context.md\n create mode 100644 D_trace/dispatch_packets/A_APPLIANCE_20260707T143943Z/delegated_coordinator_001/N_COORD_C01_NEXT/context_export/manifest.json\n create mode 100644 D_trace/dispatch_packets/A_APPLIANCE_20260707T143943Z/delegated_coordinator_001/N_COORD_C01_NEXT/context_export/source_index.json\n create mode 100644 D_trace/dispatch_packets/A_APPLIANCE_20260707T143943Z/delegated_coordinator_001/N_COORD_C01_NEXT/dispatch_packet.json\n create mode 100644 D_trace/dispatch_packets/A_APPLIANCE_20260707T143943Z/delegated_coordinator_001/N_COORD_C01_NEXT/dispatch_packet.md\n create mode 100644 D_trace/dispatch_packets/A_APPLIANCE_20260707T143943Z/delegated_coordinator_001/N_COORD_C01_NEXT/manifest.json\n",
      "stderr": "",
      "ok": true,
      "error": null,
      "commit": "7292af9"
    },
    "packet": {
      "contract_id": "strata.dispatch.packet.v3_context_envelope",
      "dispatch_format": "sctl.context_dispatch_envelope.v1",
      "envelope_type": "sctl_dispatch",
      "envelope_title": "# SCTL Dispatch Envelope",
      "dispatch_kind": "CLASS_B_CONTEXT_COMMIT",
      "assignment_id": "A_APPLIANCE_20260707T143943Z",
      "nonce": "N_COORD_C01_NEXT",
      "from": {
        "role": "SCTL Context Commit Trigger",
        "id": "sctl_context_git"
      },
      "to": {
        "role": "Delegated Coordinator",
        "id": "delegated_coordinator_001",
        "session": "STRATA-COORDINATOR-A_APPLIANCE_20260707T143943Z"
      },
      "fixed_header": "The Change Author and Code Reviewer have performed one cycle, and the progress is reflected in the context picture. Review the Director's architecture assignments, project goals, and current progress together. Raise a new task order to a Change Author by submitting your work via assigned path.",
      "dispatch_envelope_template": {
        "path": "templates/dispatch/deterministic_dispatch_envelope.template.md",
        "absolute_path": "/opt/strata/source_sctl/templates/dispatch/deterministic_dispatch_envelope.template.md",
        "sha256": "c9aec961a68ee4e6702edb2c9c6ece0b933c7db3b9e56914d05bb773c3c55376"
      },
      "pasted_body_metadata_policy": "assignment_id_only",
      "source_context": {
        "trigger": "CLASS_B_CONTEXT_COMMIT",
        "class": "B",
        "path": ".strata/context/B/b_a_appliance_20260707t143943z_c01_merge_outcome.md",
        "sha256": null,
        "git_commit": null
      },
      "related_class_b": [
        ".strata/context/B/b_a_appliance_20260707t143943z_c01_merge_outcome.md"
      ],
      "declared_files": [],
      "class_c_message_path": null,
      "class_c_message_sha256": null,
      "submission_templates": [
        {
          "path": "templates/work_products/coordinator_work_order.template.md",
          "absolute_path": "/opt/strata/source_sctl/templates/work_products/coordinator_work_order.template.md",
          "sha256": "1cd1572001429895fb4d650ddcb40641c9178cdc0bee01ece831ea2f2b4f51d8"
        }
      ],
      "context_export": {
        "markdown_path": "/home/strata/workspace/sctl-workspace/.strata/context/D_trace/dispatch_packets/A_APPLIANCE_20260707T143943Z/delegated_coordinator_001/N_COORD_C01_NEXT/context_export/context.md",
        "source_index_path": "/home/strata/workspace/sctl-workspace/.strata/context/D_trace/dispatch_packets/A_APPLIANCE_20260707T143943Z/delegated_coordinator_001/N_COORD_C01_NEXT/context_export/source_index.json",
        "manifest_path": "/home/strata/workspace/sctl-workspace/.strata/context/D_trace/dispatch_packets/A_APPLIANCE_20260707T143943Z/delegated_coordinator_001/N_COORD_C01_NEXT/context_export/manifest.json",
        "source_count": 3,
        "include_classes": [
          "A",
          "B"
        ],
        "since_class_b_revision": null,
        "class_b_latest": 2,
        "class_b_filter": "latest_2",
        "class_b_context_policy": "latest_2",
        "empty_context_valid": true
      },
      "runtime_delivery": "delegate_dispatch_deliver_contract",
      "dispatch_delivery_owner": "runtime_delegate_contract",
      "dispatch_to_git_is_primary_evidence": false,
      "runtime_operational_log_is_primary_delivery_evidence": true,
      "chatbox_inspection_required": false,
      "session_policy": "persistent_registry_explicit_release_no_auto_kill",
      "created_at": "2026-07-07T14:42:53.935Z",
      "markdown_sha256": "6afeb9f2ebad9485266e1234797f78f9858ec35ff0d82f60da92b31ed8a40233",
      "injection_result": null,
      "context_state": {
        "contract_id": "strata.context_state.v2_simplified_runtime",
        "context_epoch": 10,
        "current_context_epoch": 15,
        "context_revision": 24,
        "class_a_revision": 9,
        "class_b_revision": 15,
        "current_class_b_revision": 15,
        "class_b_updates_since_full_refresh": 3,
        "refresh_required": true,
        "refresh_reason": "Class A contract or doctrine update requires fresh full context dispatch",
        "context_update_policy": "class_a_full_latest2_class_b_cycle_math",
        "created_at": "2026-07-06T04:49:04.748Z",
        "updated_at": "2026-07-07T14:42:50.038Z"
      }
    }
  },
  "errors": [],
  "evidence_paths": [
    "/home/strata/workspace/sctl-workspace/.strata/dispatch_outbox/A_APPLIANCE_20260707T143943Z/delegated_coordinator_001/N_COORD_C01_NEXT/dispatch_packet.json",
    "/home/strata/workspace/sctl-workspace/.strata/dispatch_outbox/A_APPLIANCE_20260707T143943Z/delegated_coordinator_001/N_COORD_C01_NEXT/dispatch_packet.md",
    "/home/strata/workspace/sctl-workspace/.strata/dispatch_outbox/A_APPLIANCE_20260707T143943Z/delegated_coordinator_001/N_COORD_C01_NEXT/manifest.json",
    "/home/strata/workspace/sctl-workspace/.strata/context/D_trace/dispatch_packets/A_APPLIANCE_20260707T143943Z/delegated_coordinator_001/N_COORD_C01_NEXT/dispatch_packet.json",
    "/home/strata/workspace/sctl-workspace/.strata/context/D_trace/dispatch_packets/A_APPLIANCE_20260707T143943Z/delegated_coordinator_001/N_COORD_C01_NEXT/dispatch_packet.md",
    "/home/strata/workspace/sctl-workspace/.strata/context/D_trace/dispatch_packets/A_APPLIANCE_20260707T143943Z/delegated_coordinator_001/N_COORD_C01_NEXT/manifest.json",
    "/home/strata/workspace/sctl-workspace/.strata/context/D_trace/dispatch_packets/A_APPLIANCE_20260707T143943Z/delegated_coordinator_001/N_COORD_C01_NEXT/context_export/context.md",
    "/home/strata/workspace/sctl-workspace/.strata/context/D_trace/dispatch_packets/A_APPLIANCE_20260707T143943Z/delegated_coordinator_001/N_COORD_C01_NEXT/context_export/source_index.json",
    "/home/strata/workspace/sctl-workspace/.strata/context/D_trace/dispatch_packets/A_APPLIANCE_20260707T143943Z/delegated_coordinator_001/N_COORD_C01_NEXT/context_export/manifest.json",
    "/home/strata/workspace/sctl-workspace/.strata/context/D_trace/dispatch_log/a_appliance_20260707t143943z_n_coord_c01_next_delegated_coordinator_001.json",
    "/home/strata/workspace/sctl-workspace/.strata/context/D_trace/telemetry/workflow_telemetry.jsonl"
  ],
  "created_at": "2026-07-07T14:42:54.018Z"
}
STATUS[21 coordinator dispatch render]=0

===== 21 coordinator dispatch inject =====
+ env SCTL_RUNTIME_DELEGATE_ROOT=/opt/strata/runtime-delegate SCTL_RUNTIME_DELEGATE_BIN=/opt/strata/runtime-delegate/dist/src/cli.js /opt/strata/source_sctl/scripts/wsl_tmux/sctl-dispatch-inject --workspace /home/strata/workspace/sctl-workspace --assignment-id A_APPLIANCE_20260707T143943Z --id delegated_coordinator_001 --session STRATA-COORDINATOR-A_APPLIANCE_20260707T143943Z --packet /home/strata/workspace/sctl-workspace/.strata/context/D_trace/dispatch_packets/A_APPLIANCE_20260707T143943Z/delegated_coordinator_001/N_COORD_C01_NEXT/dispatch_packet.md --paste-delay 5 --no-tab
{
  "ok": true,
  "runtime": "tmux_codex_cli",
  "operation": "dispatch_delivery",
  "session_id": "delegated_coordinator_001",
  "runtime_session_name": "STRATA-COORDINATOR-A_APPLIANCE_20260707T143943Z",
  "tmux_target": "STRATA-COORDINATOR-A_APPLIANCE_20260707T143943Z",
  "packet_path": ".strata/context/D_trace/dispatch_packets/A_APPLIANCE_20260707T143943Z/delegated_coordinator_001/N_COORD_C01_NEXT/dispatch_packet.md",
  "packet_sha256": "6afeb9f2ebad9485266e1234797f78f9858ec35ff0d82f60da92b31ed8a40233",
  "evidence_path": ".strata-runtime/evidence/delegate_control/dispatch_delivery/delegated_coordinator_001/2026-07-07_14-42-59-137Z/dispatch_delivery_result.json",
  "timestamp": "2026-07-07T14:42:59.137Z",
  "error": null
}
STATUS[21 coordinator dispatch inject]=0
DIAG[cycle_01.21.coordinator_dispatch]=OBSERVED | STRATA-COORDINATOR-A_APPLIANCE_20260707T143943Z injected .strata/context/D_trace/dispatch_packets/A_APPLIANCE_20260707T143943Z/delegated_coordinator_001/N_COORD_C01_NEXT/dispatch_packet.md | Recurring Coordinator received Class B context envelope for next task-order decision.
===== END cycle_01 =====

===== BEGIN cycle_02 =====
CYCLE_SUFFIX=C02
CHANGE_AUTHOR_ID=change_author_c02
REVIEWER_ID=reviewer_c02
CHANGE_AUTHOR_SESSION=STRATA-CODER-A_APPLIANCE_20260707T143943Z-C02
REVIEWER_SESSION=STRATA-REVIEWER-A_APPLIANCE_20260707T143943Z-C02
CHANGE_BRANCH=change/A_APPLIANCE_20260707T143943Z/C02-appliance-cycle

===== context export cycle_02/coordinator_before =====
+ node /opt/strata/source_sctl/src/cli.js --workspace /home/strata/workspace/sctl-workspace context export-markdown --include-classes A\,B --class-b-latest 2 --out /home/strata/workspace/runs/A_APPLIANCE_20260707T143943Z_20260707T143943Z/context_exports/cycle_02/coordinator_before
{
  "contract_id": "strata.sctl.result_envelope.v1",
  "tool_id": "sctl.context.export_markdown.v2",
  "ok": true,
  "result": {
    "out_dir": "/home/strata/workspace/runs/A_APPLIANCE_20260707T143943Z_20260707T143943Z/context_exports/cycle_02/coordinator_before",
    "markdown_path": "/home/strata/workspace/runs/A_APPLIANCE_20260707T143943Z_20260707T143943Z/context_exports/cycle_02/coordinator_before/context.md",
    "source_index_path": "/home/strata/workspace/runs/A_APPLIANCE_20260707T143943Z_20260707T143943Z/context_exports/cycle_02/coordinator_before/source_index.json",
    "manifest_path": "/home/strata/workspace/runs/A_APPLIANCE_20260707T143943Z_20260707T143943Z/context_exports/cycle_02/coordinator_before/manifest.json",
    "source_count": 3,
    "state": {
      "contract_id": "strata.context_state.v2_simplified_runtime",
      "context_epoch": 10,
      "current_context_epoch": 15,
      "context_revision": 24,
      "class_a_revision": 9,
      "class_b_revision": 15,
      "current_class_b_revision": 15,
      "class_b_updates_since_full_refresh": 3,
      "refresh_required": true,
      "refresh_reason": "Class A contract or doctrine update requires fresh full context dispatch",
      "context_update_policy": "class_a_full_latest2_class_b_cycle_math",
      "created_at": "2026-07-06T04:49:04.748Z",
      "updated_at": "2026-07-07T14:42:50.038Z"
    },
    "include_classes": [
      "A",
      "B"
    ],
    "since_class_b_revision": null,
    "class_b_latest": 2,
    "class_b_filter": "latest_2"
  },
  "errors": [],
  "evidence_paths": [
    "/home/strata/workspace/runs/A_APPLIANCE_20260707T143943Z_20260707T143943Z/context_exports/cycle_02/coordinator_before/context.md",
    "/home/strata/workspace/runs/A_APPLIANCE_20260707T143943Z_20260707T143943Z/context_exports/cycle_02/coordinator_before/source_index.json",
    "/home/strata/workspace/runs/A_APPLIANCE_20260707T143943Z_20260707T143943Z/context_exports/cycle_02/coordinator_before/manifest.json"
  ],
  "created_at": "2026-07-07T14:42:59.404Z"
}
STATUS[context export cycle_02/coordinator_before]=0
FULL_CONTEXT_EXPORT[cycle_02/coordinator_before]=/home/strata/workspace/runs/A_APPLIANCE_20260707T143943Z_20260707T143943Z/context_exports/cycle_02/coordinator_before/context.md
DIAG[cycle_02.context_export.coordinator_before]=OBSERVED | /home/strata/workspace/runs/A_APPLIANCE_20260707T143943Z_20260707T143943Z/context_exports/cycle_02/coordinator_before/context.md | Standalone Class A plus latest Class B context export written outside the pasted dispatch packet and outside the operational log body.
OPERATIONAL_STAGE[export_context]=OBSERVED | /home/strata/workspace/runs/A_APPLIANCE_20260707T143943Z_20260707T143943Z/context_exports/cycle_02/coordinator_before/context.md
DIAG[cycle_02.export_context]=OBSERVED | /home/strata/workspace/runs/A_APPLIANCE_20260707T143943Z_20260707T143943Z/context_exports/cycle_02/coordinator_before/context.md | Coordinator-before context export is available for this cycle.

===== 4 session new change author =====
+ env SCTL_RUNTIME_DELEGATE_ROOT=/opt/strata/runtime-delegate SCTL_RUNTIME_DELEGATE_BIN=/opt/strata/runtime-delegate/dist/src/cli.js SCTL_RUNTIME_LAUNCH_CONFIG=/home/strata/workspace/codebase/.strata-runtime/config/launcher_delegate.local.json SCTL_RUNTIME_SESSION_EXTRA_ARGS= /opt/strata/source_sctl/scripts/wsl_tmux/sctl-session-new --workspace /home/strata/workspace/sctl-workspace --assignment-id A_APPLIANCE_20260707T143943Z --role Change\ Author --id change_author_c02 --session-mode disposable --cycle-id CYCLE_A_APPLIANCE_20260707T143943Z_2026-07-07T14-39-45-001Z --session-name STRATA-CODER-A_APPLIANCE_20260707T143943Z-C02
adapter_delegate_evidence=.strata-runtime/evidence/delegate_control/session_register/change_author_c02/2026-07-07_14-42-59-781Z/session_register_result.json
{
  "contract_id": "strata.sctl.result_envelope.v1",
  "tool_id": "sctl.sessions.register.v1",
  "ok": true,
  "result": {
    "session": {
      "contract_id": "strata.class_c.active_session.v3_runtime_registry",
      "role": "Change Author",
      "id": "change_author_c02",
      "logical_session_id": "change_author_c02",
      "session_name": "STRATA-CODER-A_APPLIANCE_20260707T143943Z",
      "runtime_session_name": "STRATA-CODER-A_APPLIANCE_20260707T143943Z",
      "runtime_role": "coder",
      "runtime_tmux_target": "STRATA-CODER-A_APPLIANCE_20260707T143943Z",
      "runtime_binding_id": "change_author_c02",
      "runtime_binding_status": "registered",
      "assignment_id": "A_APPLIANCE_20260707T143943Z",
      "session_mode": "disposable",
      "runtime": "delegate_control_surface",
      "return_dir": ".strata/returns/A_APPLIANCE_20260707T143943Z/change_author_c02",
      "evidence_dir": ".strata/evidence/sessions/change_author_c02",
      "delegate_evidence_path": ".strata-runtime/evidence/delegate_control/session_register/change_author_c02/2026-07-07_14-42-59-781Z/session_register_result.json",
      "termination_policy": "explicit_only",
      "loaded_context_epoch": 15,
      "loaded_class_a_revision": 9,
      "loaded_class_b_revision": 15,
      "status": "active",
      "delivery_mode": "context_envelope_via_runtime_delegate_registry",
      "registered_at": "2026-07-07T14:43:00.201Z"
    },
    "file": "/home/strata/workspace/sctl-workspace/.strata/context/C/sessions/active_sessions.json",
    "git": {
      "command": "git",
      "args": [
        "commit",
        "-m",
        "session register A_APPLIANCE_20260707T143943Z change_author_c02"
      ],
      "cwd": "/home/strata/workspace/sctl-workspace/.strata/context",
      "status": 0,
      "signal": null,
      "stdout": "[master b4f1414] session register A_APPLIANCE_20260707T143943Z change_author_c02\n 2 files changed, 28 insertions(+), 2 deletions(-)\n",
      "stderr": "",
      "ok": true,
      "error": null,
      "commit": "b4f1414"
    }
  },
  "errors": [],
  "evidence_paths": [
    "/home/strata/workspace/sctl-workspace/.strata/context/C/sessions/active_sessions.json",
    "/home/strata/workspace/sctl-workspace/.strata/context/D_trace/telemetry/workflow_telemetry.jsonl"
  ],
  "created_at": "2026-07-07T14:43:00.245Z"
}
STATUS[4 session new change author]=0
DIAG[cycle_02.4.session_target]=OBSERVED | STRATA-CODER-A_APPLIANCE_20260707T143943Z | Runtime session name was resolved from the adapter registry; no synthetic SCTL id is used for runtime targeting.
DIAG[cycle_02.4]=OBSERVED | change_author_c02 active disposable | Fresh Change Author session for C02 was recorded in SCTL Git through the adapter boundary.
OPERATIONAL_STAGE[register_align_author_session]=OBSERVED | change_author_c02 -> STRATA-CODER-A_APPLIANCE_20260707T143943Z
DIAG[cycle_02.register_align_author_session]=OBSERVED | change_author_c02 -> STRATA-CODER-A_APPLIANCE_20260707T143943Z | Change Author session was registered and aligned through the runtime delegate adapter boundary.

===== 5 wait for Coordinator-authored Class B work order =====
waiting up to 360s for /home/strata/workspace/sctl-workspace/.strata/returns/A_APPLIANCE_20260707T143943Z/delegated_coordinator_001/coordinator_work_order.md

===== 5 coordinator work order Class B commit =====
+ node /opt/strata/source_sctl/src/cli.js --workspace /home/strata/workspace/sctl-workspace classb commit --file /home/strata/workspace/sctl-workspace/.strata/context/B/wo_a_appliance_20260707t143943z_c02_change_author.md --message Class\ B\ Coordinator\ Work\ Order\ WO_A_APPLIANCE_20260707T143943Z_C02_CHANGE_AUTHOR
{
  "contract_id": "strata.sctl.result_envelope.v1",
  "tool_id": "sctl.classb.commit_file.v2",
  "ok": true,
  "result": {
    "file": "/home/strata/workspace/sctl-workspace/.strata/context/B/wo_a_appliance_20260707t143943z_c02_change_author.md",
    "sha256": "f8e15a6c1627b7ed1077ba0c95aa518b6b5573c95f813b3789ded215a7fa2124",
    "git": {
      "command": "git",
      "args": [
        "commit",
        "-m",
        "Class B Coordinator Work Order WO_A_APPLIANCE_20260707T143943Z_C02_CHANGE_AUTHOR"
      ],
      "cwd": "/home/strata/workspace/sctl-workspace/.strata/context",
      "status": 0,
      "signal": null,
      "stdout": "[master 30690e5] Class B Coordinator Work Order WO_A_APPLIANCE_20260707T143943Z_C02_CHANGE_AUTHOR\n 3 files changed, 113 insertions(+), 6 deletions(-)\n create mode 100644 B/wo_a_appliance_20260707t143943z_c02_change_author.md\n",
      "stderr": "",
      "ok": true,
      "error": null,
      "commit": "30690e5"
    },
    "state": {
      "contract_id": "strata.context_state.v2_simplified_runtime",
      "context_epoch": 10,
      "current_context_epoch": 16,
      "context_revision": 25,
      "class_a_revision": 9,
      "class_b_revision": 16,
      "current_class_b_revision": 16,
      "class_b_updates_since_full_refresh": 4,
      "refresh_required": true,
      "refresh_reason": "Class A contract or doctrine update requires fresh full context dispatch",
      "context_update_policy": "class_a_full_latest2_class_b_cycle_math",
      "created_at": "2026-07-06T04:49:04.748Z",
      "updated_at": "2026-07-07T14:45:12.883Z"
    },
    "accepted_class_b_revision": 16
  },
  "errors": [],
  "evidence_paths": [
    "/home/strata/workspace/sctl-workspace/.strata/context/B/wo_a_appliance_20260707t143943z_c02_change_author.md",
    "/home/strata/workspace/sctl-workspace/.strata/context/D_trace/telemetry/workflow_telemetry.jsonl"
  ],
  "created_at": "2026-07-07T14:45:12.928Z"
}
STATUS[5 coordinator work order Class B commit]=0
DIAG[cycle_02.5.work_order]=OBSERVED | /home/strata/workspace/sctl-workspace/.strata/returns/A_APPLIANCE_20260707T143943Z/delegated_coordinator_001/coordinator_work_order.md -> /home/strata/workspace/sctl-workspace/.strata/context/B/wo_a_appliance_20260707t143943z_c02_change_author.md | Coordinator-authored Work Order was accepted as Class B before Change Author dispatch.
DIAG[cycle_02.5]=OBSERVED | /home/strata/workspace/sctl-workspace/.strata/context/B/wo_a_appliance_20260707t143943z_c02_change_author.md | Dispatch source is the committed Class B Coordinator Work Order, not an uncommitted Class C/body-file artifact.

===== 6 author dispatch render =====
+ /opt/strata/source_sctl/scripts/wsl_tmux/sctl-dispatch-render --workspace /home/strata/workspace/sctl-workspace --assignment-id A_APPLIANCE_20260707T143943Z --nonce N_AUTHOR_C02 --from-role Delegated\ Coordinator --from-id delegated_coordinator_001 --target-role Change\ Author --target-id change_author_c02 --target-session STRATA-CODER-A_APPLIANCE_20260707T143943Z --summary Flowmap\ 02\ C02\ Change\ Author\ branch\ assignment --class-b-latest 2 --related-class-b .strata/context/B/wo_a_appliance_20260707t143943z_c02_change_author.md --source-context-class B --source-context-path .strata/context/B/wo_a_appliance_20260707t143943z_c02_change_author.md --codebase-repo /home/strata/workspace/codebase --trunk-branch main --change-branch change/A_APPLIANCE_20260707T143943Z/C02-appliance-cycle --short-name appliance-cycle --declared-file CODEBASE_REPO:/home/strata/workspace/codebase --declared-file TRUNK_BRANCH:main --declared-file CHANGE_BRANCH:change/A_APPLIANCE_20260707T143943Z/C02-appliance-cycle
{
  "contract_id": "strata.sctl.result_envelope.v1",
  "tool_id": "sctl.dispatch.record.v3",
  "ok": true,
  "result": {
    "outbox": {
      "dir": "/home/strata/workspace/sctl-workspace/.strata/dispatch_outbox/A_APPLIANCE_20260707T143943Z/change_author_c02/N_AUTHOR_C02",
      "packetJsonPath": "/home/strata/workspace/sctl-workspace/.strata/dispatch_outbox/A_APPLIANCE_20260707T143943Z/change_author_c02/N_AUTHOR_C02/dispatch_packet.json",
      "packetMdPath": "/home/strata/workspace/sctl-workspace/.strata/dispatch_outbox/A_APPLIANCE_20260707T143943Z/change_author_c02/N_AUTHOR_C02/dispatch_packet.md",
      "manifestPath": "/home/strata/workspace/sctl-workspace/.strata/dispatch_outbox/A_APPLIANCE_20260707T143943Z/change_author_c02/N_AUTHOR_C02/manifest.json"
    },
    "git_snapshot": {
      "dir": "/home/strata/workspace/sctl-workspace/.strata/context/D_trace/dispatch_packets/A_APPLIANCE_20260707T143943Z/change_author_c02/N_AUTHOR_C02",
      "packetJsonPath": "/home/strata/workspace/sctl-workspace/.strata/context/D_trace/dispatch_packets/A_APPLIANCE_20260707T143943Z/change_author_c02/N_AUTHOR_C02/dispatch_packet.json",
      "packetMdPath": "/home/strata/workspace/sctl-workspace/.strata/context/D_trace/dispatch_packets/A_APPLIANCE_20260707T143943Z/change_author_c02/N_AUTHOR_C02/dispatch_packet.md",
      "manifestPath": "/home/strata/workspace/sctl-workspace/.strata/context/D_trace/dispatch_packets/A_APPLIANCE_20260707T143943Z/change_author_c02/N_AUTHOR_C02/manifest.json"
    },
    "dispatch_log_path": "/home/strata/workspace/sctl-workspace/.strata/context/D_trace/dispatch_log/a_appliance_20260707t143943z_n_author_c02_change_author_c02.json",
    "tester_entrypoint": {
      "packet_markdown": "/home/strata/workspace/sctl-workspace/.strata/dispatch_outbox/A_APPLIANCE_20260707T143943Z/change_author_c02/N_AUTHOR_C02/dispatch_packet.md",
      "metadata_json": "/home/strata/workspace/sctl-workspace/.strata/dispatch_outbox/A_APPLIANCE_20260707T143943Z/change_author_c02/N_AUTHOR_C02/dispatch_packet.json",
      "dispatch_log": "/home/strata/workspace/sctl-workspace/.strata/context/D_trace/dispatch_log/a_appliance_20260707t143943z_n_author_c02_change_author_c02.json",
      "suggested_delivery_command": "strata-runtime-edge delegate dispatch-deliver --session-id change_author_c02 --packet /home/strata/workspace/sctl-workspace/.strata/dispatch_outbox/A_APPLIANCE_20260707T143943Z/change_author_c02/N_AUTHOR_C02/dispatch_packet.md --workspace /home/strata/workspace/sctl-workspace"
    },
    "notice_count": 0,
    "git": {
      "command": "git",
      "args": [
        "commit",
        "-m",
        "dispatch record A_APPLIANCE_20260707T143943Z N_AUTHOR_C02"
      ],
      "cwd": "/home/strata/workspace/sctl-workspace/.strata/context",
      "status": 0,
      "signal": null,
      "stdout": "[master caf4568] dispatch record A_APPLIANCE_20260707T143943Z N_AUTHOR_C02\n 8 files changed, 741 insertions(+)\n create mode 100644 D_trace/dispatch_log/a_appliance_20260707t143943z_n_author_c02_change_author_c02.json\n create mode 100644 D_trace/dispatch_packets/A_APPLIANCE_20260707T143943Z/change_author_c02/N_AUTHOR_C02/context_export/context.md\n create mode 100644 D_trace/dispatch_packets/A_APPLIANCE_20260707T143943Z/change_author_c02/N_AUTHOR_C02/context_export/manifest.json\n create mode 100644 D_trace/dispatch_packets/A_APPLIANCE_20260707T143943Z/change_author_c02/N_AUTHOR_C02/context_export/source_index.json\n create mode 100644 D_trace/dispatch_packets/A_APPLIANCE_20260707T143943Z/change_author_c02/N_AUTHOR_C02/dispatch_packet.json\n create mode 100644 D_trace/dispatch_packets/A_APPLIANCE_20260707T143943Z/change_author_c02/N_AUTHOR_C02/dispatch_packet.md\n create mode 100644 D_trace/dispatch_packets/A_APPLIANCE_20260707T143943Z/change_author_c02/N_AUTHOR_C02/manifest.json\n",
      "stderr": "",
      "ok": true,
      "error": null,
      "commit": "caf4568"
    },
    "packet": {
      "contract_id": "strata.dispatch.packet.v3_context_envelope",
      "dispatch_format": "sctl.context_dispatch_envelope.v1",
      "envelope_type": "sctl_dispatch",
      "envelope_title": "# SCTL Dispatch Envelope",
      "dispatch_kind": "SCTL_CONTEXT_COMMIT",
      "assignment_id": "A_APPLIANCE_20260707T143943Z",
      "nonce": "N_AUTHOR_C02",
      "from": {
        "role": "Delegated Coordinator",
        "id": "delegated_coordinator_001"
      },
      "to": {
        "role": "Change Author",
        "id": "change_author_c02",
        "session": "STRATA-CODER-A_APPLIANCE_20260707T143943Z"
      },
      "fixed_header": "The coordinator assigned the following tasks via team internal envelope. Follow and perform the tasks accordingly.",
      "dispatch_envelope_template": {
        "path": "templates/dispatch/deterministic_dispatch_envelope.template.md",
        "absolute_path": "/opt/strata/source_sctl/templates/dispatch/deterministic_dispatch_envelope.template.md",
        "sha256": "c9aec961a68ee4e6702edb2c9c6ece0b933c7db3b9e56914d05bb773c3c55376"
      },
      "pasted_body_metadata_policy": "assignment_id_only",
      "source_context": {
        "trigger": "SCTL_CONTEXT_COMMIT",
        "class": "B",
        "path": ".strata/context/B/wo_a_appliance_20260707t143943z_c02_change_author.md",
        "sha256": null,
        "git_commit": null
      },
      "related_class_b": [
        ".strata/context/B/wo_a_appliance_20260707t143943z_c02_change_author.md"
      ],
      "declared_files": [
        "CODEBASE_REPO:/home/strata/workspace/codebase",
        "TRUNK_BRANCH:main",
        "CHANGE_BRANCH:change/A_APPLIANCE_20260707T143943Z/C02-appliance-cycle"
      ],
      "class_c_message_path": null,
      "class_c_message_sha256": null,
      "submission_templates": [
        {
          "path": "templates/packets/worker_return_packet.operational_report_ready.template.json",
          "absolute_path": "/opt/strata/source_sctl/templates/packets/worker_return_packet.operational_report_ready.template.json",
          "sha256": "68f2b259ca41dbe83eb1b08676bec3d7328fbceb511dc8c5781849323b116960"
        },
        {
          "path": "templates/reports/operational_report.template.md",
          "absolute_path": "/opt/strata/source_sctl/templates/reports/operational_report.template.md",
          "sha256": "f704f5e8b58fe1971e85b2fa05b581e47ba9d24acb03f7bfcb4d826b3fcc9cc7"
        }
      ],
      "context_export": {
        "markdown_path": "/home/strata/workspace/sctl-workspace/.strata/context/D_trace/dispatch_packets/A_APPLIANCE_20260707T143943Z/change_author_c02/N_AUTHOR_C02/context_export/context.md",
        "source_index_path": "/home/strata/workspace/sctl-workspace/.strata/context/D_trace/dispatch_packets/A_APPLIANCE_20260707T143943Z/change_author_c02/N_AUTHOR_C02/context_export/source_index.json",
        "manifest_path": "/home/strata/workspace/sctl-workspace/.strata/context/D_trace/dispatch_packets/A_APPLIANCE_20260707T143943Z/change_author_c02/N_AUTHOR_C02/context_export/manifest.json",
        "source_count": 3,
        "include_classes": [
          "A",
          "B"
        ],
        "since_class_b_revision": null,
        "class_b_latest": 2,
        "class_b_filter": "latest_2",
        "class_b_context_policy": "latest_2",
        "empty_context_valid": true
      },
      "runtime_delivery": "delegate_dispatch_deliver_contract",
      "dispatch_delivery_owner": "runtime_delegate_contract",
      "dispatch_to_git_is_primary_evidence": false,
      "runtime_operational_log_is_primary_delivery_evidence": true,
      "chatbox_inspection_required": false,
      "session_policy": "persistent_registry_explicit_release_no_auto_kill",
      "created_at": "2026-07-07T14:45:13.392Z",
      "markdown_sha256": "97a6db5de0f17022a52a33a49f4dcffcd2ad426e917b620a41eb757f509ca221",
      "injection_result": null,
      "context_state": {
        "contract_id": "strata.context_state.v2_simplified_runtime",
        "context_epoch": 10,
        "current_context_epoch": 16,
        "context_revision": 25,
        "class_a_revision": 9,
        "class_b_revision": 16,
        "current_class_b_revision": 16,
        "class_b_updates_since_full_refresh": 4,
        "refresh_required": true,
        "refresh_reason": "Class A contract or doctrine update requires fresh full context dispatch",
        "context_update_policy": "class_a_full_latest2_class_b_cycle_math",
        "created_at": "2026-07-06T04:49:04.748Z",
        "updated_at": "2026-07-07T14:45:12.883Z"
      }
    }
  },
  "errors": [],
  "evidence_paths": [
    "/home/strata/workspace/sctl-workspace/.strata/dispatch_outbox/A_APPLIANCE_20260707T143943Z/change_author_c02/N_AUTHOR_C02/dispatch_packet.json",
    "/home/strata/workspace/sctl-workspace/.strata/dispatch_outbox/A_APPLIANCE_20260707T143943Z/change_author_c02/N_AUTHOR_C02/dispatch_packet.md",
    "/home/strata/workspace/sctl-workspace/.strata/dispatch_outbox/A_APPLIANCE_20260707T143943Z/change_author_c02/N_AUTHOR_C02/manifest.json",
    "/home/strata/workspace/sctl-workspace/.strata/context/D_trace/dispatch_packets/A_APPLIANCE_20260707T143943Z/change_author_c02/N_AUTHOR_C02/dispatch_packet.json",
    "/home/strata/workspace/sctl-workspace/.strata/context/D_trace/dispatch_packets/A_APPLIANCE_20260707T143943Z/change_author_c02/N_AUTHOR_C02/dispatch_packet.md",
    "/home/strata/workspace/sctl-workspace/.strata/context/D_trace/dispatch_packets/A_APPLIANCE_20260707T143943Z/change_author_c02/N_AUTHOR_C02/manifest.json",
    "/home/strata/workspace/sctl-workspace/.strata/context/D_trace/dispatch_packets/A_APPLIANCE_20260707T143943Z/change_author_c02/N_AUTHOR_C02/context_export/context.md",
    "/home/strata/workspace/sctl-workspace/.strata/context/D_trace/dispatch_packets/A_APPLIANCE_20260707T143943Z/change_author_c02/N_AUTHOR_C02/context_export/source_index.json",
    "/home/strata/workspace/sctl-workspace/.strata/context/D_trace/dispatch_packets/A_APPLIANCE_20260707T143943Z/change_author_c02/N_AUTHOR_C02/context_export/manifest.json",
    "/home/strata/workspace/sctl-workspace/.strata/context/D_trace/dispatch_log/a_appliance_20260707t143943z_n_author_c02_change_author_c02.json",
    "/home/strata/workspace/sctl-workspace/.strata/context/D_trace/telemetry/workflow_telemetry.jsonl"
  ],
  "created_at": "2026-07-07T14:45:13.462Z"
}
STATUS[6 author dispatch render]=0
DIAG[cycle_02.6]=OBSERVED | /home/strata/workspace/sctl-workspace/.strata/context/D_trace/dispatch_packets/A_APPLIANCE_20260707T143943Z/change_author_c02/N_AUTHOR_C02/dispatch_packet.md | Packet contains fixed envelope input and context export headline.
OPERATIONAL_STAGE[render_dispatch]=OBSERVED | /home/strata/workspace/sctl-workspace/.strata/context/D_trace/dispatch_packets/A_APPLIANCE_20260707T143943Z/change_author_c02/N_AUTHOR_C02/dispatch_packet.md
DIAG[cycle_02.render_dispatch]=OBSERVED | /home/strata/workspace/sctl-workspace/.strata/context/D_trace/dispatch_packets/A_APPLIANCE_20260707T143943Z/change_author_c02/N_AUTHOR_C02/dispatch_packet.md | Change Author dispatch packet was rendered from committed context.

===== context export cycle_02/author_dispatch =====
+ node /opt/strata/source_sctl/src/cli.js --workspace /home/strata/workspace/sctl-workspace context export-markdown --include-classes A\,B --class-b-latest 2 --out /home/strata/workspace/runs/A_APPLIANCE_20260707T143943Z_20260707T143943Z/context_exports/cycle_02/author_dispatch
{
  "contract_id": "strata.sctl.result_envelope.v1",
  "tool_id": "sctl.context.export_markdown.v2",
  "ok": true,
  "result": {
    "out_dir": "/home/strata/workspace/runs/A_APPLIANCE_20260707T143943Z_20260707T143943Z/context_exports/cycle_02/author_dispatch",
    "markdown_path": "/home/strata/workspace/runs/A_APPLIANCE_20260707T143943Z_20260707T143943Z/context_exports/cycle_02/author_dispatch/context.md",
    "source_index_path": "/home/strata/workspace/runs/A_APPLIANCE_20260707T143943Z_20260707T143943Z/context_exports/cycle_02/author_dispatch/source_index.json",
    "manifest_path": "/home/strata/workspace/runs/A_APPLIANCE_20260707T143943Z_20260707T143943Z/context_exports/cycle_02/author_dispatch/manifest.json",
    "source_count": 3,
    "state": {
      "contract_id": "strata.context_state.v2_simplified_runtime",
      "context_epoch": 10,
      "current_context_epoch": 16,
      "context_revision": 25,
      "class_a_revision": 9,
      "class_b_revision": 16,
      "current_class_b_revision": 16,
      "class_b_updates_since_full_refresh": 4,
      "refresh_required": true,
      "refresh_reason": "Class A contract or doctrine update requires fresh full context dispatch",
      "context_update_policy": "class_a_full_latest2_class_b_cycle_math",
      "created_at": "2026-07-06T04:49:04.748Z",
      "updated_at": "2026-07-07T14:45:12.883Z"
    },
    "include_classes": [
      "A",
      "B"
    ],
    "since_class_b_revision": null,
    "class_b_latest": 2,
    "class_b_filter": "latest_2"
  },
  "errors": [],
  "evidence_paths": [
    "/home/strata/workspace/runs/A_APPLIANCE_20260707T143943Z_20260707T143943Z/context_exports/cycle_02/author_dispatch/context.md",
    "/home/strata/workspace/runs/A_APPLIANCE_20260707T143943Z_20260707T143943Z/context_exports/cycle_02/author_dispatch/source_index.json",
    "/home/strata/workspace/runs/A_APPLIANCE_20260707T143943Z_20260707T143943Z/context_exports/cycle_02/author_dispatch/manifest.json"
  ],
  "created_at": "2026-07-07T14:45:13.858Z"
}
STATUS[context export cycle_02/author_dispatch]=0
FULL_CONTEXT_EXPORT[cycle_02/author_dispatch]=/home/strata/workspace/runs/A_APPLIANCE_20260707T143943Z_20260707T143943Z/context_exports/cycle_02/author_dispatch/context.md
DIAG[cycle_02.context_export.author_dispatch]=OBSERVED | /home/strata/workspace/runs/A_APPLIANCE_20260707T143943Z_20260707T143943Z/context_exports/cycle_02/author_dispatch/context.md | Standalone Class A plus latest Class B context export written outside the pasted dispatch packet and outside the operational log body.

===== 7 author dispatch inject =====
+ env SCTL_RUNTIME_DELEGATE_ROOT=/opt/strata/runtime-delegate SCTL_RUNTIME_DELEGATE_BIN=/opt/strata/runtime-delegate/dist/src/cli.js /opt/strata/source_sctl/scripts/wsl_tmux/sctl-dispatch-inject --workspace /home/strata/workspace/sctl-workspace --assignment-id A_APPLIANCE_20260707T143943Z --id change_author_c02 --session STRATA-CODER-A_APPLIANCE_20260707T143943Z --packet /home/strata/workspace/sctl-workspace/.strata/context/D_trace/dispatch_packets/A_APPLIANCE_20260707T143943Z/change_author_c02/N_AUTHOR_C02/dispatch_packet.md --paste-delay 5 --no-tab
{
  "ok": true,
  "runtime": "tmux_codex_cli",
  "operation": "dispatch_delivery",
  "session_id": "change_author_c02",
  "runtime_session_name": "STRATA-CODER-A_APPLIANCE_20260707T143943Z",
  "tmux_target": "STRATA-CODER-A_APPLIANCE_20260707T143943Z",
  "packet_path": ".strata/context/D_trace/dispatch_packets/A_APPLIANCE_20260707T143943Z/change_author_c02/N_AUTHOR_C02/dispatch_packet.md",
  "packet_sha256": "97a6db5de0f17022a52a33a49f4dcffcd2ad426e917b620a41eb757f509ca221",
  "evidence_path": ".strata-runtime/evidence/delegate_control/dispatch_delivery/change_author_c02/2026-07-07_14-45-19-096Z/dispatch_delivery_result.json",
  "timestamp": "2026-07-07T14:45:19.096Z",
  "error": null
}
STATUS[7 author dispatch inject]=0
DIAG[cycle_02.7]=OBSERVED | STRATA-CODER-A_APPLIANCE_20260707T143943Z injected | Change Author packet was injected through adapter using Git-backed packet path.
OPERATIONAL_STAGE[inject_packet]=OBSERVED | STRATA-CODER-A_APPLIANCE_20260707T143943Z injected
DIAG[cycle_02.inject_packet]=OBSERVED | STRATA-CODER-A_APPLIANCE_20260707T143943Z injected | Change Author packet was injected through the adapter using a Git-backed packet path.

===== 8 author session capture =====
+ env SCTL_RUNTIME_DELEGATE_ROOT=/opt/strata/runtime-delegate SCTL_RUNTIME_DELEGATE_BIN=/opt/strata/runtime-delegate/dist/src/cli.js /opt/strata/source_sctl/scripts/wsl_tmux/sctl-session-capture --workspace /home/strata/workspace/sctl-workspace --assignment-id A_APPLIANCE_20260707T143943Z --id change_author_c02 --session STRATA-CODER-A_APPLIANCE_20260707T143943Z --out /home/strata/workspace/sctl-workspace/.strata/evidence/session_captures/STRATA-CODER-A_APPLIANCE_20260707T143943Z.txt --lines 200
{
  "ok": true,
  "runtime": "tmux_codex_cli",
  "operation": "session_capture",
  "session_id": "change_author_c02",
  "tmux_target": "STRATA-CODER-A_APPLIANCE_20260707T143943Z",
  "capture_path": ".strata-runtime/evidence/delegate_control/session_capture/change_author_c02/2026-07-07_14-45-19-585Z/pane_capture.txt",
  "evidence_path": ".strata-runtime/evidence/delegate_control/session_capture/change_author_c02/2026-07-07_14-45-19-585Z/session_capture_result.json",
  "timestamp": "2026-07-07T14:45:19.585Z"
}
STATUS[8 author session capture]=0
DIAG[cycle_02.8]=OBSERVED | STRATA-CODER-A_APPLIANCE_20260707T143943Z capture attempted | Author session capture evidence was requested.

===== 9 wait for return =====
waiting up to 360s for /home/strata/workspace/sctl-workspace/.strata/returns/A_APPLIANCE_20260707T143943Z/change_author_c02/packet.json
STATUS[9 wait for return]=0
DIAG[cycle_02.9.wait]=OBSERVED | /home/strata/workspace/sctl-workspace/.strata/returns/A_APPLIANCE_20260707T143943Z/change_author_c02/packet.json | Worker return packet and operational report appeared without harness simulation.
OPERATIONAL_STAGE[wait_for_return]=OBSERVED | change_author_c02 return packet present
DIAG[cycle_02.wait_for_return]=OBSERVED | change_author_c02 return packet present | Change Author return packet and operational report appeared without harness simulation.

===== 10 classify author return =====
+ node /opt/strata/source_sctl/src/cli.js --workspace /home/strata/workspace/sctl-workspace returns classify --packet .strata/returns/A_APPLIANCE_20260707T143943Z/change_author_c02/packet.json
{
  "contract_id": "strata.sctl.result_envelope.v1",
  "tool_id": "sctl.returns.classify.v1",
  "ok": true,
  "result": {
    "classification": {
      "contract_id": "strata.worker_return_classification.v6_context_git",
      "classification_id": "wret_class_packet.json_2026-07-07T14-46-30-479Z",
      "packet_path": "/home/strata/workspace/sctl-workspace/.strata/returns/A_APPLIANCE_20260707T143943Z/change_author_c02/packet.json",
      "packet_sha256": "6eef4fb3558005d812961a91a0de5cb3da285b7029603413626333c496e78db5",
      "valid_packet": true,
      "errors": [],
      "return_id": "ret_A_APPLIANCE_20260707T143943Z_change_author_c02_2026-07-07T14:46:11.000Z",
      "assignment_id": "A_APPLIANCE_20260707T143943Z",
      "agent_id": "change_author_c02",
      "role": "Change Author",
      "return_kind": "OPERATIONAL_REPORT_READY",
      "report_scope": "actionable_report",
      "class_b_authority": "git_tracked_files_only",
      "evidence_model": "evidence_in_report_body",
      "implementation_repository": "/home/strata/workspace/codebase",
      "implementation_commit": "d4669f5",
      "trunk_branch": "main",
      "short_lived_branch": "change/A_APPLIANCE_20260707T143943Z/C01-appliance-cycle",
      "integration_mode": "direct_to_trunk",
      "routing_decision": "OPERATIONAL_REPORT_READY_LEDGERED_NOT_CLASS_B",
      "class_b_entry_path": null,
      "class_b_record_path": null,
      "class_d_diagnostic_path": null,
      "coordination_thread_path": null,
      "ack_path": null,
      "report_ledger_path": "/home/strata/workspace/sctl-workspace/.strata/context/D_trace/return_ledgers/operational_report_ready_index.jsonl",
      "report_path": "/home/strata/workspace/sctl-workspace/.strata/returns/A_APPLIANCE_20260707T143943Z/change_author_c02/operational_report.md",
      "error_dispatch": null,
      "created_at": "2026-07-07T14:46:30.480Z"
    },
    "classification_record_path": "/home/strata/workspace/sctl-workspace/.strata/context/D_trace/return_ledgers/wret_class_packet.json_2026-07-07T14-46-30-479Z.json"
  },
  "errors": [],
  "evidence_paths": [
    "/home/strata/workspace/sctl-workspace/.strata/context/D_trace/return_ledgers/wret_class_packet.json_2026-07-07T14-46-30-479Z.json",
    "/home/strata/workspace/sctl-workspace/.strata/context/D_trace/return_ledgers/operational_report_ready_index.jsonl",
    "/home/strata/workspace/sctl-workspace/.strata/context/D_trace/telemetry/workflow_telemetry.jsonl"
  ],
  "created_at": "2026-07-07T14:46:30.513Z"
}
STATUS[10 classify author return]=0
DIAG[cycle_02.10 classify author return]=OBSERVED | OPERATIONAL_REPORT_READY / OPERATIONAL_REPORT_READY_LEDGERED_NOT_CLASS_B | Return was ledgered, not automatically promoted to Class B.
OPERATIONAL_STAGE[classify_return]=OBSERVED | /home/strata/workspace/runs/A_APPLIANCE_20260707T143943Z_20260707T143943Z/C02_author_classify.json
DIAG[cycle_02.classify_return]=OBSERVED | /home/strata/workspace/runs/A_APPLIANCE_20260707T143943Z_20260707T143943Z/C02_author_classify.json | Change Author return was classified and ledgered.

===== 11 classb commit author report =====
+ node /opt/strata/source_sctl/src/cli.js --workspace /home/strata/workspace/sctl-workspace classb commit --file .strata/context/B/b_a_appliance_20260707t143943z_cycle_02_author_ready.md --message class\ B\ accept\ A_APPLIANCE_20260707T143943Z\ C02\ author\ report
{
  "contract_id": "strata.sctl.result_envelope.v1",
  "tool_id": "sctl.classb.commit_file.v2",
  "ok": true,
  "result": {
    "file": "/home/strata/workspace/sctl-workspace/.strata/context/B/b_a_appliance_20260707t143943z_cycle_02_author_ready.md",
    "sha256": "7b9a843edb0349f3c7b2eb5c434c067bd2f5111c9e7804212afd19417cc5797e",
    "git": {
      "command": "git",
      "args": [
        "commit",
        "-m",
        "class B accept A_APPLIANCE_20260707T143943Z C02 author report"
      ],
      "cwd": "/home/strata/workspace/sctl-workspace/.strata/context",
      "status": 0,
      "signal": null,
      "stdout": "[master 6de1b55] class B accept A_APPLIANCE_20260707T143943Z C02 author report\n 3 files changed, 68 insertions(+), 6 deletions(-)\n create mode 100644 B/b_a_appliance_20260707t143943z_cycle_02_author_ready.md\n",
      "stderr": "",
      "ok": true,
      "error": null,
      "commit": "6de1b55"
    },
    "state": {
      "contract_id": "strata.context_state.v2_simplified_runtime",
      "context_epoch": 10,
      "current_context_epoch": 17,
      "context_revision": 26,
      "class_a_revision": 9,
      "class_b_revision": 17,
      "current_class_b_revision": 17,
      "class_b_updates_since_full_refresh": 5,
      "refresh_required": true,
      "refresh_reason": "Class A contract or doctrine update requires fresh full context dispatch",
      "context_update_policy": "class_a_full_latest2_class_b_cycle_math",
      "created_at": "2026-07-06T04:49:04.748Z",
      "updated_at": "2026-07-07T14:46:31.042Z"
    },
    "accepted_class_b_revision": 17
  },
  "errors": [],
  "evidence_paths": [
    "/home/strata/workspace/sctl-workspace/.strata/context/B/b_a_appliance_20260707t143943z_cycle_02_author_ready.md",
    "/home/strata/workspace/sctl-workspace/.strata/context/D_trace/telemetry/workflow_telemetry.jsonl"
  ],
  "created_at": "2026-07-07T14:46:31.082Z"
}
STATUS[11 classb commit author report]=0
DIAG[cycle_02.11]=OBSERVED | Class B revision 16 -> 17 | Author report accepted into Class B and revision incremented exactly once.
OPERATIONAL_STAGE[commit_author_report_class_b]=OBSERVED | .strata/context/B/b_a_appliance_20260707t143943z_cycle_02_author_ready.md
DIAG[cycle_02.commit_author_report_class_b]=OBSERVED | .strata/context/B/b_a_appliance_20260707t143943z_cycle_02_author_ready.md | Author operational report was accepted into Class B.

===== 12 session new reviewer =====
+ env SCTL_RUNTIME_DELEGATE_ROOT=/opt/strata/runtime-delegate SCTL_RUNTIME_DELEGATE_BIN=/opt/strata/runtime-delegate/dist/src/cli.js SCTL_RUNTIME_LAUNCH_CONFIG=/home/strata/workspace/codebase/.strata-runtime/config/launcher_delegate.local.json SCTL_RUNTIME_SESSION_EXTRA_ARGS= /opt/strata/source_sctl/scripts/wsl_tmux/sctl-session-new --workspace /home/strata/workspace/sctl-workspace --assignment-id A_APPLIANCE_20260707T143943Z --role Code\ Reviewer\ /\ QC\ Engineer --id reviewer_c02 --session-mode disposable --cycle-id CYCLE_A_APPLIANCE_20260707T143943Z_2026-07-07T14-39-45-001Z --session-name STRATA-REVIEWER-A_APPLIANCE_20260707T143943Z-C02
adapter_delegate_evidence=.strata-runtime/evidence/delegate_control/session_register/reviewer_c02/2026-07-07_14-46-31-490Z/session_register_result.json
{
  "contract_id": "strata.sctl.result_envelope.v1",
  "tool_id": "sctl.sessions.register.v1",
  "ok": true,
  "result": {
    "session": {
      "contract_id": "strata.class_c.active_session.v3_runtime_registry",
      "role": "Code Reviewer / QC Engineer",
      "id": "reviewer_c02",
      "logical_session_id": "reviewer_c02",
      "session_name": "STRATA-REVIEWER-A_APPLIANCE_20260707T143943Z",
      "runtime_session_name": "STRATA-REVIEWER-A_APPLIANCE_20260707T143943Z",
      "runtime_role": "reviewer",
      "runtime_tmux_target": "STRATA-REVIEWER-A_APPLIANCE_20260707T143943Z",
      "runtime_binding_id": "reviewer_c02",
      "runtime_binding_status": "registered",
      "assignment_id": "A_APPLIANCE_20260707T143943Z",
      "session_mode": "disposable",
      "runtime": "delegate_control_surface",
      "return_dir": ".strata/returns/A_APPLIANCE_20260707T143943Z/reviewer_c02",
      "evidence_dir": ".strata/evidence/sessions/reviewer_c02",
      "delegate_evidence_path": ".strata-runtime/evidence/delegate_control/session_register/reviewer_c02/2026-07-07_14-46-31-490Z/session_register_result.json",
      "termination_policy": "explicit_only",
      "loaded_context_epoch": 17,
      "loaded_class_a_revision": 9,
      "loaded_class_b_revision": 17,
      "status": "active",
      "delivery_mode": "context_envelope_via_runtime_delegate_registry",
      "registered_at": "2026-07-07T14:46:31.910Z"
    },
    "file": "/home/strata/workspace/sctl-workspace/.strata/context/C/sessions/active_sessions.json",
    "git": {
      "command": "git",
      "args": [
        "commit",
        "-m",
        "session register A_APPLIANCE_20260707T143943Z reviewer_c02"
      ],
      "cwd": "/home/strata/workspace/sctl-workspace/.strata/context",
      "status": 0,
      "signal": null,
      "stdout": "[master b226f31] session register A_APPLIANCE_20260707T143943Z reviewer_c02\n 2 files changed, 27 insertions(+), 1 deletion(-)\n",
      "stderr": "",
      "ok": true,
      "error": null,
      "commit": "b226f31"
    }
  },
  "errors": [],
  "evidence_paths": [
    "/home/strata/workspace/sctl-workspace/.strata/context/C/sessions/active_sessions.json",
    "/home/strata/workspace/sctl-workspace/.strata/context/D_trace/telemetry/workflow_telemetry.jsonl"
  ],
  "created_at": "2026-07-07T14:46:31.956Z"
}
STATUS[12 session new reviewer]=0
DIAG[cycle_02.12.session_target]=OBSERVED | STRATA-REVIEWER-A_APPLIANCE_20260707T143943Z | Runtime session name was resolved from the adapter registry; no synthetic SCTL id is used for runtime targeting.
DIAG[cycle_02.12]=OBSERVED | reviewer_c02 active disposable | Fresh reviewer session for C02 was recorded in SCTL Git through the adapter boundary.
OPERATIONAL_STAGE[register_align_reviewer_session]=OBSERVED | reviewer_c02 -> STRATA-REVIEWER-A_APPLIANCE_20260707T143943Z
DIAG[cycle_02.register_align_reviewer_session]=OBSERVED | reviewer_c02 -> STRATA-REVIEWER-A_APPLIANCE_20260707T143943Z | Reviewer session was registered and aligned through the runtime delegate adapter boundary.
DIAG[cycle_02.13.work_order]=SKIPPED | .strata/context/B/b_a_appliance_20260707t143943z_cycle_02_author_ready.md | Reviewer dispatch is a canonical context envelope; no reviewer-specific work-order body is materialized by the harness.
DIAG[cycle_02.13]=SKIPPED | .strata/context/B/b_a_appliance_20260707t143943z_cycle_02_author_ready.md | No Class C reviewer message is generated; review assignment is selected by target role and current context picture.

===== 14 review dispatch render =====
+ /opt/strata/source_sctl/scripts/wsl_tmux/sctl-dispatch-render --workspace /home/strata/workspace/sctl-workspace --assignment-id A_APPLIANCE_20260707T143943Z --nonce N_REVIEW_C02 --from-role Delegated\ Coordinator --from-id delegated_coordinator_001 --target-role Code\ Reviewer\ /\ QC\ Engineer --target-id reviewer_c02 --target-session STRATA-REVIEWER-A_APPLIANCE_20260707T143943Z --summary Flowmap\ 02\ C02\ code\ review\ request --class-b-latest 2 --related-class-b .strata/context/B/b_a_appliance_20260707t143943z_cycle_02_author_ready.md --source-context-class B --source-context-path .strata/context/B/b_a_appliance_20260707t143943z_cycle_02_author_ready.md --codebase-repo /home/strata/workspace/codebase --trunk-branch main --change-branch change/A_APPLIANCE_20260707T143943Z/C02-appliance-cycle --short-name appliance-cycle --declared-file CODEBASE_REPO:/home/strata/workspace/codebase --declared-file TRUNK_BRANCH:main --declared-file CHANGE_BRANCH:change/A_APPLIANCE_20260707T143943Z/C02-appliance-cycle
{
  "contract_id": "strata.sctl.result_envelope.v1",
  "tool_id": "sctl.dispatch.record.v3",
  "ok": true,
  "result": {
    "outbox": {
      "dir": "/home/strata/workspace/sctl-workspace/.strata/dispatch_outbox/A_APPLIANCE_20260707T143943Z/reviewer_c02/N_REVIEW_C02",
      "packetJsonPath": "/home/strata/workspace/sctl-workspace/.strata/dispatch_outbox/A_APPLIANCE_20260707T143943Z/reviewer_c02/N_REVIEW_C02/dispatch_packet.json",
      "packetMdPath": "/home/strata/workspace/sctl-workspace/.strata/dispatch_outbox/A_APPLIANCE_20260707T143943Z/reviewer_c02/N_REVIEW_C02/dispatch_packet.md",
      "manifestPath": "/home/strata/workspace/sctl-workspace/.strata/dispatch_outbox/A_APPLIANCE_20260707T143943Z/reviewer_c02/N_REVIEW_C02/manifest.json"
    },
    "git_snapshot": {
      "dir": "/home/strata/workspace/sctl-workspace/.strata/context/D_trace/dispatch_packets/A_APPLIANCE_20260707T143943Z/reviewer_c02/N_REVIEW_C02",
      "packetJsonPath": "/home/strata/workspace/sctl-workspace/.strata/context/D_trace/dispatch_packets/A_APPLIANCE_20260707T143943Z/reviewer_c02/N_REVIEW_C02/dispatch_packet.json",
      "packetMdPath": "/home/strata/workspace/sctl-workspace/.strata/context/D_trace/dispatch_packets/A_APPLIANCE_20260707T143943Z/reviewer_c02/N_REVIEW_C02/dispatch_packet.md",
      "manifestPath": "/home/strata/workspace/sctl-workspace/.strata/context/D_trace/dispatch_packets/A_APPLIANCE_20260707T143943Z/reviewer_c02/N_REVIEW_C02/manifest.json"
    },
    "dispatch_log_path": "/home/strata/workspace/sctl-workspace/.strata/context/D_trace/dispatch_log/a_appliance_20260707t143943z_n_review_c02_reviewer_c02.json",
    "tester_entrypoint": {
      "packet_markdown": "/home/strata/workspace/sctl-workspace/.strata/dispatch_outbox/A_APPLIANCE_20260707T143943Z/reviewer_c02/N_REVIEW_C02/dispatch_packet.md",
      "metadata_json": "/home/strata/workspace/sctl-workspace/.strata/dispatch_outbox/A_APPLIANCE_20260707T143943Z/reviewer_c02/N_REVIEW_C02/dispatch_packet.json",
      "dispatch_log": "/home/strata/workspace/sctl-workspace/.strata/context/D_trace/dispatch_log/a_appliance_20260707t143943z_n_review_c02_reviewer_c02.json",
      "suggested_delivery_command": "strata-runtime-edge delegate dispatch-deliver --session-id reviewer_c02 --packet /home/strata/workspace/sctl-workspace/.strata/dispatch_outbox/A_APPLIANCE_20260707T143943Z/reviewer_c02/N_REVIEW_C02/dispatch_packet.md --workspace /home/strata/workspace/sctl-workspace"
    },
    "notice_count": 0,
    "git": {
      "command": "git",
      "args": [
        "commit",
        "-m",
        "dispatch record A_APPLIANCE_20260707T143943Z N_REVIEW_C02"
      ],
      "cwd": "/home/strata/workspace/sctl-workspace/.strata/context",
      "status": 0,
      "signal": null,
      "stdout": "[master 1eacd8c] dispatch record A_APPLIANCE_20260707T143943Z N_REVIEW_C02\n 8 files changed, 773 insertions(+)\n create mode 100644 D_trace/dispatch_log/a_appliance_20260707t143943z_n_review_c02_reviewer_c02.json\n create mode 100644 D_trace/dispatch_packets/A_APPLIANCE_20260707T143943Z/reviewer_c02/N_REVIEW_C02/context_export/context.md\n create mode 100644 D_trace/dispatch_packets/A_APPLIANCE_20260707T143943Z/reviewer_c02/N_REVIEW_C02/context_export/manifest.json\n create mode 100644 D_trace/dispatch_packets/A_APPLIANCE_20260707T143943Z/reviewer_c02/N_REVIEW_C02/context_export/source_index.json\n create mode 100644 D_trace/dispatch_packets/A_APPLIANCE_20260707T143943Z/reviewer_c02/N_REVIEW_C02/dispatch_packet.json\n create mode 100644 D_trace/dispatch_packets/A_APPLIANCE_20260707T143943Z/reviewer_c02/N_REVIEW_C02/dispatch_packet.md\n create mode 100644 D_trace/dispatch_packets/A_APPLIANCE_20260707T143943Z/reviewer_c02/N_REVIEW_C02/manifest.json\n",
      "stderr": "",
      "ok": true,
      "error": null,
      "commit": "1eacd8c"
    },
    "packet": {
      "contract_id": "strata.dispatch.packet.v3_context_envelope",
      "dispatch_format": "sctl.context_dispatch_envelope.v1",
      "envelope_type": "sctl_dispatch",
      "envelope_title": "# SCTL Dispatch Envelope",
      "dispatch_kind": "SCTL_CONTEXT_COMMIT",
      "assignment_id": "A_APPLIANCE_20260707T143943Z",
      "nonce": "N_REVIEW_C02",
      "from": {
        "role": "Delegated Coordinator",
        "id": "delegated_coordinator_001"
      },
      "to": {
        "role": "Code Reviewer / QC Engineer",
        "id": "reviewer_c02",
        "session": "STRATA-REVIEWER-A_APPLIANCE_20260707T143943Z"
      },
      "fixed_header": "A codebase change has been made by Change Author. The task definitions, overall architecture, and task progress can be reviewed in the context picture. Review the most recent code changes, make merge/deny decision, and submit your work via assigned path.",
      "dispatch_envelope_template": {
        "path": "templates/dispatch/deterministic_dispatch_envelope.template.md",
        "absolute_path": "/opt/strata/source_sctl/templates/dispatch/deterministic_dispatch_envelope.template.md",
        "sha256": "c9aec961a68ee4e6702edb2c9c6ece0b933c7db3b9e56914d05bb773c3c55376"
      },
      "pasted_body_metadata_policy": "assignment_id_only",
      "source_context": {
        "trigger": "SCTL_CONTEXT_COMMIT",
        "class": "B",
        "path": ".strata/context/B/b_a_appliance_20260707t143943z_cycle_02_author_ready.md",
        "sha256": null,
        "git_commit": null
      },
      "related_class_b": [
        ".strata/context/B/b_a_appliance_20260707t143943z_cycle_02_author_ready.md"
      ],
      "declared_files": [
        "CODEBASE_REPO:/home/strata/workspace/codebase",
        "TRUNK_BRANCH:main",
        "CHANGE_BRANCH:change/A_APPLIANCE_20260707T143943Z/C02-appliance-cycle"
      ],
      "class_c_message_path": null,
      "class_c_message_sha256": null,
      "submission_templates": [
        {
          "path": "templates/packets/worker_return_packet.operational_report_ready.template.json",
          "absolute_path": "/opt/strata/source_sctl/templates/packets/worker_return_packet.operational_report_ready.template.json",
          "sha256": "68f2b259ca41dbe83eb1b08676bec3d7328fbceb511dc8c5781849323b116960"
        },
        {
          "path": "templates/reports/review_outcome.template.md",
          "absolute_path": "/opt/strata/source_sctl/templates/reports/review_outcome.template.md",
          "sha256": "f8ec98e53cd0826bed0b402d0fb9992d24555334ba85be89eed15b3320bb6e54"
        }
      ],
      "context_export": {
        "markdown_path": "/home/strata/workspace/sctl-workspace/.strata/context/D_trace/dispatch_packets/A_APPLIANCE_20260707T143943Z/reviewer_c02/N_REVIEW_C02/context_export/context.md",
        "source_index_path": "/home/strata/workspace/sctl-workspace/.strata/context/D_trace/dispatch_packets/A_APPLIANCE_20260707T143943Z/reviewer_c02/N_REVIEW_C02/context_export/source_index.json",
        "manifest_path": "/home/strata/workspace/sctl-workspace/.strata/context/D_trace/dispatch_packets/A_APPLIANCE_20260707T143943Z/reviewer_c02/N_REVIEW_C02/context_export/manifest.json",
        "source_count": 3,
        "include_classes": [
          "A",
          "B"
        ],
        "since_class_b_revision": null,
        "class_b_latest": 2,
        "class_b_filter": "latest_2",
        "class_b_context_policy": "latest_2",
        "empty_context_valid": true
      },
      "runtime_delivery": "delegate_dispatch_deliver_contract",
      "dispatch_delivery_owner": "runtime_delegate_contract",
      "dispatch_to_git_is_primary_evidence": false,
      "runtime_operational_log_is_primary_delivery_evidence": true,
      "chatbox_inspection_required": false,
      "session_policy": "persistent_registry_explicit_release_no_auto_kill",
      "created_at": "2026-07-07T14:46:32.845Z",
      "markdown_sha256": "4414127eefffec6ffb0df51d3edc6a0e6b86b8da0ff6e319df2deda9d8f21db0",
      "injection_result": null,
      "context_state": {
        "contract_id": "strata.context_state.v2_simplified_runtime",
        "context_epoch": 10,
        "current_context_epoch": 17,
        "context_revision": 26,
        "class_a_revision": 9,
        "class_b_revision": 17,
        "current_class_b_revision": 17,
        "class_b_updates_since_full_refresh": 5,
        "refresh_required": true,
        "refresh_reason": "Class A contract or doctrine update requires fresh full context dispatch",
        "context_update_policy": "class_a_full_latest2_class_b_cycle_math",
        "created_at": "2026-07-06T04:49:04.748Z",
        "updated_at": "2026-07-07T14:46:31.042Z"
      }
    }
  },
  "errors": [],
  "evidence_paths": [
    "/home/strata/workspace/sctl-workspace/.strata/dispatch_outbox/A_APPLIANCE_20260707T143943Z/reviewer_c02/N_REVIEW_C02/dispatch_packet.json",
    "/home/strata/workspace/sctl-workspace/.strata/dispatch_outbox/A_APPLIANCE_20260707T143943Z/reviewer_c02/N_REVIEW_C02/dispatch_packet.md",
    "/home/strata/workspace/sctl-workspace/.strata/dispatch_outbox/A_APPLIANCE_20260707T143943Z/reviewer_c02/N_REVIEW_C02/manifest.json",
    "/home/strata/workspace/sctl-workspace/.strata/context/D_trace/dispatch_packets/A_APPLIANCE_20260707T143943Z/reviewer_c02/N_REVIEW_C02/dispatch_packet.json",
    "/home/strata/workspace/sctl-workspace/.strata/context/D_trace/dispatch_packets/A_APPLIANCE_20260707T143943Z/reviewer_c02/N_REVIEW_C02/dispatch_packet.md",
    "/home/strata/workspace/sctl-workspace/.strata/context/D_trace/dispatch_packets/A_APPLIANCE_20260707T143943Z/reviewer_c02/N_REVIEW_C02/manifest.json",
    "/home/strata/workspace/sctl-workspace/.strata/context/D_trace/dispatch_packets/A_APPLIANCE_20260707T143943Z/reviewer_c02/N_REVIEW_C02/context_export/context.md",
    "/home/strata/workspace/sctl-workspace/.strata/context/D_trace/dispatch_packets/A_APPLIANCE_20260707T143943Z/reviewer_c02/N_REVIEW_C02/context_export/source_index.json",
    "/home/strata/workspace/sctl-workspace/.strata/context/D_trace/dispatch_packets/A_APPLIANCE_20260707T143943Z/reviewer_c02/N_REVIEW_C02/context_export/manifest.json",
    "/home/strata/workspace/sctl-workspace/.strata/context/D_trace/dispatch_log/a_appliance_20260707t143943z_n_review_c02_reviewer_c02.json",
    "/home/strata/workspace/sctl-workspace/.strata/context/D_trace/telemetry/workflow_telemetry.jsonl"
  ],
  "created_at": "2026-07-07T14:46:32.909Z"
}
STATUS[14 review dispatch render]=0
DIAG[cycle_02.14]=OBSERVED | /home/strata/workspace/sctl-workspace/.strata/context/D_trace/dispatch_packets/A_APPLIANCE_20260707T143943Z/reviewer_c02/N_REVIEW_C02/dispatch_packet.md | Packet contains fixed envelope input and context export headline.

===== context export cycle_02/reviewer_dispatch =====
+ node /opt/strata/source_sctl/src/cli.js --workspace /home/strata/workspace/sctl-workspace context export-markdown --include-classes A\,B --class-b-latest 2 --out /home/strata/workspace/runs/A_APPLIANCE_20260707T143943Z_20260707T143943Z/context_exports/cycle_02/reviewer_dispatch
{
  "contract_id": "strata.sctl.result_envelope.v1",
  "tool_id": "sctl.context.export_markdown.v2",
  "ok": true,
  "result": {
    "out_dir": "/home/strata/workspace/runs/A_APPLIANCE_20260707T143943Z_20260707T143943Z/context_exports/cycle_02/reviewer_dispatch",
    "markdown_path": "/home/strata/workspace/runs/A_APPLIANCE_20260707T143943Z_20260707T143943Z/context_exports/cycle_02/reviewer_dispatch/context.md",
    "source_index_path": "/home/strata/workspace/runs/A_APPLIANCE_20260707T143943Z_20260707T143943Z/context_exports/cycle_02/reviewer_dispatch/source_index.json",
    "manifest_path": "/home/strata/workspace/runs/A_APPLIANCE_20260707T143943Z_20260707T143943Z/context_exports/cycle_02/reviewer_dispatch/manifest.json",
    "source_count": 3,
    "state": {
      "contract_id": "strata.context_state.v2_simplified_runtime",
      "context_epoch": 10,
      "current_context_epoch": 17,
      "context_revision": 26,
      "class_a_revision": 9,
      "class_b_revision": 17,
      "current_class_b_revision": 17,
      "class_b_updates_since_full_refresh": 5,
      "refresh_required": true,
      "refresh_reason": "Class A contract or doctrine update requires fresh full context dispatch",
      "context_update_policy": "class_a_full_latest2_class_b_cycle_math",
      "created_at": "2026-07-06T04:49:04.748Z",
      "updated_at": "2026-07-07T14:46:31.042Z"
    },
    "include_classes": [
      "A",
      "B"
    ],
    "since_class_b_revision": null,
    "class_b_latest": 2,
    "class_b_filter": "latest_2"
  },
  "errors": [],
  "evidence_paths": [
    "/home/strata/workspace/runs/A_APPLIANCE_20260707T143943Z_20260707T143943Z/context_exports/cycle_02/reviewer_dispatch/context.md",
    "/home/strata/workspace/runs/A_APPLIANCE_20260707T143943Z_20260707T143943Z/context_exports/cycle_02/reviewer_dispatch/source_index.json",
    "/home/strata/workspace/runs/A_APPLIANCE_20260707T143943Z_20260707T143943Z/context_exports/cycle_02/reviewer_dispatch/manifest.json"
  ],
  "created_at": "2026-07-07T14:46:33.138Z"
}
STATUS[context export cycle_02/reviewer_dispatch]=0
FULL_CONTEXT_EXPORT[cycle_02/reviewer_dispatch]=/home/strata/workspace/runs/A_APPLIANCE_20260707T143943Z_20260707T143943Z/context_exports/cycle_02/reviewer_dispatch/context.md
DIAG[cycle_02.context_export.reviewer_dispatch]=OBSERVED | /home/strata/workspace/runs/A_APPLIANCE_20260707T143943Z_20260707T143943Z/context_exports/cycle_02/reviewer_dispatch/context.md | Standalone Class A plus latest Class B context export written outside the pasted dispatch packet and outside the operational log body.

===== 15 reviewer dispatch inject =====
+ env SCTL_RUNTIME_DELEGATE_ROOT=/opt/strata/runtime-delegate SCTL_RUNTIME_DELEGATE_BIN=/opt/strata/runtime-delegate/dist/src/cli.js /opt/strata/source_sctl/scripts/wsl_tmux/sctl-dispatch-inject --workspace /home/strata/workspace/sctl-workspace --assignment-id A_APPLIANCE_20260707T143943Z --id reviewer_c02 --session STRATA-REVIEWER-A_APPLIANCE_20260707T143943Z --packet /home/strata/workspace/sctl-workspace/.strata/context/D_trace/dispatch_packets/A_APPLIANCE_20260707T143943Z/reviewer_c02/N_REVIEW_C02/dispatch_packet.md --paste-delay 5 --no-tab
{
  "ok": true,
  "runtime": "tmux_codex_cli",
  "operation": "dispatch_delivery",
  "session_id": "reviewer_c02",
  "runtime_session_name": "STRATA-REVIEWER-A_APPLIANCE_20260707T143943Z",
  "tmux_target": "STRATA-REVIEWER-A_APPLIANCE_20260707T143943Z",
  "packet_path": ".strata/context/D_trace/dispatch_packets/A_APPLIANCE_20260707T143943Z/reviewer_c02/N_REVIEW_C02/dispatch_packet.md",
  "packet_sha256": "4414127eefffec6ffb0df51d3edc6a0e6b86b8da0ff6e319df2deda9d8f21db0",
  "evidence_path": ".strata-runtime/evidence/delegate_control/dispatch_delivery/reviewer_c02/2026-07-07_14-46-38-398Z/dispatch_delivery_result.json",
  "timestamp": "2026-07-07T14:46:38.398Z",
  "error": null
}
STATUS[15 reviewer dispatch inject]=0
DIAG[cycle_02.15]=OBSERVED | STRATA-REVIEWER-A_APPLIANCE_20260707T143943Z injected | Reviewer packet was injected through adapter.

===== 16 reviewer session capture =====
+ env SCTL_RUNTIME_DELEGATE_ROOT=/opt/strata/runtime-delegate SCTL_RUNTIME_DELEGATE_BIN=/opt/strata/runtime-delegate/dist/src/cli.js /opt/strata/source_sctl/scripts/wsl_tmux/sctl-session-capture --workspace /home/strata/workspace/sctl-workspace --assignment-id A_APPLIANCE_20260707T143943Z --id reviewer_c02 --session STRATA-REVIEWER-A_APPLIANCE_20260707T143943Z --out /home/strata/workspace/sctl-workspace/.strata/evidence/session_captures/STRATA-REVIEWER-A_APPLIANCE_20260707T143943Z.txt --lines 200
{
  "ok": true,
  "runtime": "tmux_codex_cli",
  "operation": "session_capture",
  "session_id": "reviewer_c02",
  "tmux_target": "STRATA-REVIEWER-A_APPLIANCE_20260707T143943Z",
  "capture_path": ".strata-runtime/evidence/delegate_control/session_capture/reviewer_c02/2026-07-07_14-46-38-666Z/pane_capture.txt",
  "evidence_path": ".strata-runtime/evidence/delegate_control/session_capture/reviewer_c02/2026-07-07_14-46-38-666Z/session_capture_result.json",
  "timestamp": "2026-07-07T14:46:38.666Z"
}
STATUS[16 reviewer session capture]=0
DIAG[cycle_02.16]=OBSERVED | STRATA-REVIEWER-A_APPLIANCE_20260707T143943Z capture attempted | Reviewer session capture evidence was requested.

===== 17 wait for return =====
waiting up to 360s for /home/strata/workspace/sctl-workspace/.strata/returns/A_APPLIANCE_20260707T143943Z/reviewer_c02/packet.json
STATUS[17 wait for return]=0
DIAG[cycle_02.17.wait]=OBSERVED | /home/strata/workspace/sctl-workspace/.strata/returns/A_APPLIANCE_20260707T143943Z/reviewer_c02/packet.json | Worker return packet and operational report appeared without harness simulation.

===== 17 classify reviewer return =====
+ node /opt/strata/source_sctl/src/cli.js --workspace /home/strata/workspace/sctl-workspace returns classify --packet .strata/returns/A_APPLIANCE_20260707T143943Z/reviewer_c02/packet.json
{
  "contract_id": "strata.sctl.result_envelope.v1",
  "tool_id": "sctl.returns.classify.v1",
  "ok": true,
  "result": {
    "classification": {
      "contract_id": "strata.worker_return_classification.v6_context_git",
      "classification_id": "wret_class_packet.json_2026-07-07T14-47-42-619Z",
      "packet_path": "/home/strata/workspace/sctl-workspace/.strata/returns/A_APPLIANCE_20260707T143943Z/reviewer_c02/packet.json",
      "packet_sha256": "9569e2bd0fc4d7cd9a59c6e1eb06f765c41345767c8aaa39dc9b1d7142d1f67d",
      "valid_packet": true,
      "errors": [],
      "return_id": "ret_A_APPLIANCE_20260707T143943Z_reviewer_c02_2026-07-07T14:48:00.000Z",
      "assignment_id": "A_APPLIANCE_20260707T143943Z",
      "agent_id": "reviewer_c02",
      "role": "Reviewer / QC Engineer",
      "return_kind": "OPERATIONAL_REPORT_READY",
      "report_scope": "review_outcome",
      "class_b_authority": "git_tracked_files_only",
      "evidence_model": "evidence_in_report_body",
      "implementation_repository": "/home/strata/workspace/codebase",
      "implementation_commit": "d4669f5",
      "trunk_branch": "main",
      "short_lived_branch": "change/A_APPLIANCE_20260707T143943Z/C01-appliance-cycle",
      "integration_mode": "direct_to_trunk",
      "routing_decision": "OPERATIONAL_REPORT_READY_LEDGERED_NOT_CLASS_B",
      "class_b_entry_path": null,
      "class_b_record_path": null,
      "class_d_diagnostic_path": null,
      "coordination_thread_path": null,
      "ack_path": null,
      "report_ledger_path": "/home/strata/workspace/sctl-workspace/.strata/context/D_trace/return_ledgers/operational_report_ready_index.jsonl",
      "report_path": "/home/strata/workspace/sctl-workspace/.strata/returns/A_APPLIANCE_20260707T143943Z/reviewer_c02/operational_report.md",
      "error_dispatch": null,
      "created_at": "2026-07-07T14:47:42.619Z"
    },
    "classification_record_path": "/home/strata/workspace/sctl-workspace/.strata/context/D_trace/return_ledgers/wret_class_packet.json_2026-07-07T14-47-42-619Z.json"
  },
  "errors": [],
  "evidence_paths": [
    "/home/strata/workspace/sctl-workspace/.strata/context/D_trace/return_ledgers/wret_class_packet.json_2026-07-07T14-47-42-619Z.json",
    "/home/strata/workspace/sctl-workspace/.strata/context/D_trace/return_ledgers/operational_report_ready_index.jsonl",
    "/home/strata/workspace/sctl-workspace/.strata/context/D_trace/telemetry/workflow_telemetry.jsonl"
  ],
  "created_at": "2026-07-07T14:47:42.664Z"
}
STATUS[17 classify reviewer return]=0
DIAG[cycle_02.17 classify reviewer return]=OBSERVED | OPERATIONAL_REPORT_READY / OPERATIONAL_REPORT_READY_LEDGERED_NOT_CLASS_B | Return was ledgered, not automatically promoted to Class B.
DIAG[cycle_02.17.review_result]=OBSERVED | approved | Reviewer outcome recorded; only approved gates CI and merge. Cycle continues to coordinator regardless.
OPERATIONAL_STAGE[infer_review_result]=OBSERVED | approved
DIAG[cycle_02.infer_review_result]=OBSERVED | approved | Reviewer recommendation is available for the final outcome.

===== 19 final outcome classb put =====
+ node /opt/strata/source_sctl/src/cli.js --workspace /home/strata/workspace/sctl-workspace classb put --id B_A_APPLIANCE_20260707T143943Z_C02_MERGE_OUTCOME --title A_APPLIANCE_20260707T143943Z\ C02\ approved\ outcome --assignment-id A_APPLIANCE_20260707T143943Z --agent-id delegated_coordinator_001 --role Delegated\ Coordinator --scope review_outcome --summary Cycle\ C02\ reviewer\ outcome:\ approved\;\ final\ integration\ outcome:\ approved. --progress-delta Flowmap\ 02\ routed\ delegated\ coordinator\ intent\ through\ disposable\ author\ and\ reviewer\ sessions\ for\ C02. --trunk-integration Codebase\ repo:\ /home/strata/workspace/codebase\;\ trunk:\ main\;\ branch:\ change/A_APPLIANCE_20260707T143943Z/C02-appliance-cycle.\ Branch\ lifecycle\ is\ owned\ by\ the\ agents\,\ not\ the\ harness. --verification Reviewer\ return\ classified.\ Review\ result:\ approved. --evidence-detail Author\ packet:\ .strata/context/D_trace/dispatch_packets/A_APPLIANCE_20260707T143943Z/change_author_c02/N_AUTHOR_C02/dispatch_packet.md\;\ review\ packet:\ .strata/context/D_trace/dispatch_packets/A_APPLIANCE_20260707T143943Z/reviewer_c02/N_REVIEW_C02/dispatch_packet.md\;\ return\ ledgers:\ .strata/context/D_trace/return_ledgers/. --risks If\ final\ integration\ outcome\ is\ not\ merged\,\ inspect\ CI/merge\ diagnostics\ before\ selecting\ the\ next\ change. --next-action Refresh\ Delegated\ Coordinator\ context\ and\ resolve\ any\ non-merged\ integration\ outcome\ before\ selecting\ the\ next\ small\ change.
{
  "contract_id": "strata.sctl.result_envelope.v1",
  "tool_id": "sctl.classb.put_file.v2",
  "ok": true,
  "result": {
    "id": "B_A_APPLIANCE_20260707T143943Z_C02_MERGE_OUTCOME",
    "file": "/home/strata/workspace/sctl-workspace/.strata/context/B/b_a_appliance_20260707t143943z_c02_merge_outcome.md",
    "scope": "review_outcome",
    "assignment_id": "A_APPLIANCE_20260707T143943Z",
    "git": {
      "command": "git",
      "args": [
        "commit",
        "-m",
        "class B report put B_A_APPLIANCE_20260707T143943Z_C02_MERGE_OUTCOME"
      ],
      "cwd": "/home/strata/workspace/sctl-workspace/.strata/context",
      "status": 0,
      "signal": null,
      "stdout": "[master a0b658f] class B report put B_A_APPLIANCE_20260707T143943Z_C02_MERGE_OUTCOME\n 3 files changed, 53 insertions(+), 6 deletions(-)\n create mode 100644 B/b_a_appliance_20260707t143943z_c02_merge_outcome.md\n",
      "stderr": "",
      "ok": true,
      "error": null,
      "commit": "a0b658f"
    },
    "state": {
      "contract_id": "strata.context_state.v2_simplified_runtime",
      "context_epoch": 10,
      "current_context_epoch": 18,
      "context_revision": 27,
      "class_a_revision": 9,
      "class_b_revision": 18,
      "current_class_b_revision": 18,
      "class_b_updates_since_full_refresh": 6,
      "refresh_required": true,
      "refresh_reason": "Class A contract or doctrine update requires fresh full context dispatch",
      "context_update_policy": "class_a_full_latest2_class_b_cycle_math",
      "created_at": "2026-07-06T04:49:04.748Z",
      "updated_at": "2026-07-07T14:47:43.335Z"
    },
    "accepted_class_b_revision": 18
  },
  "errors": [],
  "evidence_paths": [
    "/home/strata/workspace/sctl-workspace/.strata/context/B/b_a_appliance_20260707t143943z_c02_merge_outcome.md",
    "/home/strata/workspace/sctl-workspace/.strata/context/D_trace/telemetry/workflow_telemetry.jsonl"
  ],
  "created_at": "2026-07-07T14:47:43.387Z"
}
STATUS[19 final outcome classb put]=0
DIAG[cycle_02.19]=OBSERVED | Class B revision 17 -> 18 | Final outcome entered Class B.
OPERATIONAL_STAGE[commit_final_outcome]=OBSERVED | /home/strata/workspace/sctl-workspace/.strata/context/B/b_a_appliance_20260707t143943z_c02_merge_outcome.md
DIAG[cycle_02.commit_final_outcome]=OBSERVED | /home/strata/workspace/sctl-workspace/.strata/context/B/b_a_appliance_20260707t143943z_c02_merge_outcome.md | Final cycle outcome was committed to Class B.

===== 20 retire change author =====
+ env SCTL_RUNTIME_DELEGATE_ROOT=/opt/strata/runtime-delegate SCTL_RUNTIME_DELEGATE_BIN=/opt/strata/runtime-delegate/dist/src/cli.js /opt/strata/source_sctl/scripts/wsl_tmux/sctl-session-retire --workspace /home/strata/workspace/sctl-workspace --assignment-id A_APPLIANCE_20260707T143943Z --id change_author_c02 --session STRATA-CODER-A_APPLIANCE_20260707T143943Z --status released --reason Flowmap\ 02\ C02\ Change\ Author\ cycle\ completed\;\ runtime\ left\ alive
adapter_runtime_status=runtime_left_alive_explicit_only session_id=change_author_c02
{
  "contract_id": "strata.sctl.result_envelope.v1",
  "tool_id": "sctl.sessions.release.v1",
  "ok": true,
  "result": {
    "id": "change_author_c02",
    "assignment_id": "A_APPLIANCE_20260707T143943Z",
    "status": "released",
    "runtime_left_alive": true,
    "file": "/home/strata/workspace/sctl-workspace/.strata/context/C/sessions/active_sessions.json",
    "lifecycle_path": "/home/strata/workspace/sctl-workspace/.strata/context/C/sessions/lifecycle/a_appliance_20260707t143943z_change_author_c02_released_2026-07-07t14-47-43-827z.json",
    "git": {
      "command": "git",
      "args": [
        "commit",
        "-m",
        "session release A_APPLIANCE_20260707T143943Z change_author_c02"
      ],
      "cwd": "/home/strata/workspace/sctl-workspace/.strata/context",
      "status": 0,
      "signal": null,
      "stdout": "[master 6edadb5] session release A_APPLIANCE_20260707T143943Z change_author_c02\n 3 files changed, 18 insertions(+), 4 deletions(-)\n create mode 100644 C/sessions/lifecycle/a_appliance_20260707t143943z_change_author_c02_released_2026-07-07t14-47-43-827z.json\n",
      "stderr": "",
      "ok": true,
      "error": null,
      "commit": "6edadb5"
    }
  },
  "errors": [],
  "evidence_paths": [
    "/home/strata/workspace/sctl-workspace/.strata/context/C/sessions/active_sessions.json",
    "/home/strata/workspace/sctl-workspace/.strata/context/C/sessions/lifecycle/a_appliance_20260707t143943z_change_author_c02_released_2026-07-07t14-47-43-827z.json",
    "/home/strata/workspace/sctl-workspace/.strata/context/D_trace/telemetry/workflow_telemetry.jsonl"
  ],
  "created_at": "2026-07-07T14:47:43.871Z"
}
STATUS[20 retire change author]=0

===== 20 retire reviewer =====
+ env SCTL_RUNTIME_DELEGATE_ROOT=/opt/strata/runtime-delegate SCTL_RUNTIME_DELEGATE_BIN=/opt/strata/runtime-delegate/dist/src/cli.js /opt/strata/source_sctl/scripts/wsl_tmux/sctl-session-retire --workspace /home/strata/workspace/sctl-workspace --assignment-id A_APPLIANCE_20260707T143943Z --id reviewer_c02 --session STRATA-REVIEWER-A_APPLIANCE_20260707T143943Z --status released --reason Flowmap\ 02\ C02\ review\ cycle\ completed\;\ runtime\ left\ alive
adapter_runtime_status=runtime_left_alive_explicit_only session_id=reviewer_c02
{
  "contract_id": "strata.sctl.result_envelope.v1",
  "tool_id": "sctl.sessions.release.v1",
  "ok": true,
  "result": {
    "id": "reviewer_c02",
    "assignment_id": "A_APPLIANCE_20260707T143943Z",
    "status": "released",
    "runtime_left_alive": true,
    "file": "/home/strata/workspace/sctl-workspace/.strata/context/C/sessions/active_sessions.json",
    "lifecycle_path": "/home/strata/workspace/sctl-workspace/.strata/context/C/sessions/lifecycle/a_appliance_20260707t143943z_reviewer_c02_released_2026-07-07t14-47-43-946z.json",
    "git": {
      "command": "git",
      "args": [
        "commit",
        "-m",
        "session release A_APPLIANCE_20260707T143943Z reviewer_c02"
      ],
      "cwd": "/home/strata/workspace/sctl-workspace/.strata/context",
      "status": 0,
      "signal": null,
      "stdout": "[master 98820b2] session release A_APPLIANCE_20260707T143943Z reviewer_c02\n 3 files changed, 17 insertions(+), 3 deletions(-)\n create mode 100644 C/sessions/lifecycle/a_appliance_20260707t143943z_reviewer_c02_released_2026-07-07t14-47-43-946z.json\n",
      "stderr": "",
      "ok": true,
      "error": null,
      "commit": "98820b2"
    }
  },
  "errors": [],
  "evidence_paths": [
    "/home/strata/workspace/sctl-workspace/.strata/context/C/sessions/active_sessions.json",
    "/home/strata/workspace/sctl-workspace/.strata/context/C/sessions/lifecycle/a_appliance_20260707t143943z_reviewer_c02_released_2026-07-07t14-47-43-946z.json",
    "/home/strata/workspace/sctl-workspace/.strata/context/D_trace/telemetry/workflow_telemetry.jsonl"
  ],
  "created_at": "2026-07-07T14:47:43.988Z"
}
STATUS[20 retire reviewer]=0
DIAG[cycle_02.20]=OBSERVED | disposable sessions logically retired | Author and reviewer lifecycle closure was recorded through SCTL. Runtime sessions remain alive unless explicit operator cleanup is requested.
OPERATIONAL_STAGE[retire_disposable_sessions]=OBSERVED | change_author_c02 and reviewer_c02 released
DIAG[cycle_02.retire_disposable_sessions]=OBSERVED | change_author_c02 and reviewer_c02 released | Disposable logical sessions were released without killing runtime sessions.

===== 21 coordinator context latest2 cycle_02/coordinator_refresh_latest2 =====
+ node /opt/strata/source_sctl/src/cli.js --workspace /home/strata/workspace/sctl-workspace context export-markdown --include-classes A\,B --class-b-latest 2 --out /home/strata/workspace/runs/A_APPLIANCE_20260707T143943Z_20260707T143943Z/context_exports/cycle_02/coordinator_refresh_latest2
{
  "contract_id": "strata.sctl.result_envelope.v1",
  "tool_id": "sctl.context.export_markdown.v2",
  "ok": true,
  "result": {
    "out_dir": "/home/strata/workspace/runs/A_APPLIANCE_20260707T143943Z_20260707T143943Z/context_exports/cycle_02/coordinator_refresh_latest2",
    "markdown_path": "/home/strata/workspace/runs/A_APPLIANCE_20260707T143943Z_20260707T143943Z/context_exports/cycle_02/coordinator_refresh_latest2/context.md",
    "source_index_path": "/home/strata/workspace/runs/A_APPLIANCE_20260707T143943Z_20260707T143943Z/context_exports/cycle_02/coordinator_refresh_latest2/source_index.json",
    "manifest_path": "/home/strata/workspace/runs/A_APPLIANCE_20260707T143943Z_20260707T143943Z/context_exports/cycle_02/coordinator_refresh_latest2/manifest.json",
    "source_count": 3,
    "state": {
      "contract_id": "strata.context_state.v2_simplified_runtime",
      "context_epoch": 10,
      "current_context_epoch": 18,
      "context_revision": 27,
      "class_a_revision": 9,
      "class_b_revision": 18,
      "current_class_b_revision": 18,
      "class_b_updates_since_full_refresh": 6,
      "refresh_required": true,
      "refresh_reason": "Class A contract or doctrine update requires fresh full context dispatch",
      "context_update_policy": "class_a_full_latest2_class_b_cycle_math",
      "created_at": "2026-07-06T04:49:04.748Z",
      "updated_at": "2026-07-07T14:47:43.335Z"
    },
    "include_classes": [
      "A",
      "B"
    ],
    "since_class_b_revision": null,
    "class_b_latest": 2,
    "class_b_filter": "latest_2"
  },
  "errors": [],
  "evidence_paths": [
    "/home/strata/workspace/runs/A_APPLIANCE_20260707T143943Z_20260707T143943Z/context_exports/cycle_02/coordinator_refresh_latest2/context.md",
    "/home/strata/workspace/runs/A_APPLIANCE_20260707T143943Z_20260707T143943Z/context_exports/cycle_02/coordinator_refresh_latest2/source_index.json",
    "/home/strata/workspace/runs/A_APPLIANCE_20260707T143943Z_20260707T143943Z/context_exports/cycle_02/coordinator_refresh_latest2/manifest.json"
  ],
  "created_at": "2026-07-07T14:47:44.359Z"
}
STATUS[21 coordinator context latest2 cycle_02/coordinator_refresh_latest2]=0
DIAG[cycle_02.21]=OBSERVED | latest_2 Class B export: /home/strata/workspace/runs/A_APPLIANCE_20260707T143943Z_20260707T143943Z/context_exports/cycle_02/coordinator_refresh_latest2/context.md | Coordinator refresh uses fixed latest-two Class B policy rather than expanding delta history.
OPERATIONAL_STAGE[refresh_coordinator_context]=OBSERVED | latest_2 Class B export refreshed
DIAG[cycle_02.refresh_coordinator_context]=OBSERVED | latest_2 Class B export refreshed | Coordinator refresh uses fixed latest Class B policy.

===== context export cycle_02/coordinator_after =====
+ node /opt/strata/source_sctl/src/cli.js --workspace /home/strata/workspace/sctl-workspace context export-markdown --include-classes A\,B --class-b-latest 2 --out /home/strata/workspace/runs/A_APPLIANCE_20260707T143943Z_20260707T143943Z/context_exports/cycle_02/coordinator_after
{
  "contract_id": "strata.sctl.result_envelope.v1",
  "tool_id": "sctl.context.export_markdown.v2",
  "ok": true,
  "result": {
    "out_dir": "/home/strata/workspace/runs/A_APPLIANCE_20260707T143943Z_20260707T143943Z/context_exports/cycle_02/coordinator_after",
    "markdown_path": "/home/strata/workspace/runs/A_APPLIANCE_20260707T143943Z_20260707T143943Z/context_exports/cycle_02/coordinator_after/context.md",
    "source_index_path": "/home/strata/workspace/runs/A_APPLIANCE_20260707T143943Z_20260707T143943Z/context_exports/cycle_02/coordinator_after/source_index.json",
    "manifest_path": "/home/strata/workspace/runs/A_APPLIANCE_20260707T143943Z_20260707T143943Z/context_exports/cycle_02/coordinator_after/manifest.json",
    "source_count": 3,
    "state": {
      "contract_id": "strata.context_state.v2_simplified_runtime",
      "context_epoch": 10,
      "current_context_epoch": 18,
      "context_revision": 27,
      "class_a_revision": 9,
      "class_b_revision": 18,
      "current_class_b_revision": 18,
      "class_b_updates_since_full_refresh": 6,
      "refresh_required": true,
      "refresh_reason": "Class A contract or doctrine update requires fresh full context dispatch",
      "context_update_policy": "class_a_full_latest2_class_b_cycle_math",
      "created_at": "2026-07-06T04:49:04.748Z",
      "updated_at": "2026-07-07T14:47:43.335Z"
    },
    "include_classes": [
      "A",
      "B"
    ],
    "since_class_b_revision": null,
    "class_b_latest": 2,
    "class_b_filter": "latest_2"
  },
  "errors": [],
  "evidence_paths": [
    "/home/strata/workspace/runs/A_APPLIANCE_20260707T143943Z_20260707T143943Z/context_exports/cycle_02/coordinator_after/context.md",
    "/home/strata/workspace/runs/A_APPLIANCE_20260707T143943Z_20260707T143943Z/context_exports/cycle_02/coordinator_after/source_index.json",
    "/home/strata/workspace/runs/A_APPLIANCE_20260707T143943Z_20260707T143943Z/context_exports/cycle_02/coordinator_after/manifest.json"
  ],
  "created_at": "2026-07-07T14:47:44.731Z"
}
STATUS[context export cycle_02/coordinator_after]=0
FULL_CONTEXT_EXPORT[cycle_02/coordinator_after]=/home/strata/workspace/runs/A_APPLIANCE_20260707T143943Z_20260707T143943Z/context_exports/cycle_02/coordinator_after/context.md
DIAG[cycle_02.context_export.coordinator_after]=OBSERVED | /home/strata/workspace/runs/A_APPLIANCE_20260707T143943Z_20260707T143943Z/context_exports/cycle_02/coordinator_after/context.md | Standalone Class A plus latest Class B context export written outside the pasted dispatch packet and outside the operational log body.
OPERATIONAL_STAGE[export_context_after]=OBSERVED | /home/strata/workspace/runs/A_APPLIANCE_20260707T143943Z_20260707T143943Z/context_exports/cycle_02/coordinator_after/context.md
DIAG[cycle_02.export_context_after]=OBSERVED | /home/strata/workspace/runs/A_APPLIANCE_20260707T143943Z_20260707T143943Z/context_exports/cycle_02/coordinator_after/context.md | Coordinator-after context export is available for audit.
DIAG[cycle_02.timeline]=OBSERVED | /home/strata/workspace/runs/A_APPLIANCE_20260707T143943Z_20260707T143943Z/cycle_timeline.tsv row appended for cycle_02 | Cycle summary timeline captures branch, commits, review, CI, merge, Class B, and context export pointers in one screen.
OPERATIONAL_STAGE[append_timeline]=OBSERVED | /home/strata/workspace/runs/A_APPLIANCE_20260707T143943Z_20260707T143943Z/cycle_timeline.tsv row appended for cycle_02
DIAG[cycle_02.append_timeline]=OBSERVED | /home/strata/workspace/runs/A_APPLIANCE_20260707T143943Z_20260707T143943Z/cycle_timeline.tsv row appended for cycle_02 | Cycle summary timeline captures branch, commits, review, Class B, and context export pointers.
DIAG[cycle_02.artifact_freshness.runtime]=OBSERVED | author STRATA-CODER-A_APPLIANCE_20260707T143943Z killed | Cycle-end cleanup removed the disposable runtime session after its report was classified and committed.
DIAG[cycle_02.artifact_freshness.runtime]=OBSERVED | reviewer STRATA-REVIEWER-A_APPLIANCE_20260707T143943Z killed | Cycle-end cleanup removed the disposable runtime session after its report was classified and committed.
DIAG[cycle_02.artifact_freshness.returns]=OBSERVED | /home/strata/workspace/sctl-workspace/.strata/returns/A_APPLIANCE_20260707T143943Z disposable worker returns cleared before coordinator handoff | Cycle-end cleanup deleted only assignment-owned transient worker return directories before refreshing the coordinator. Coordinator handoff files may be recreated for the next cycle; Class B reports and return ledgers remain in context Git.
+ git count-objects -v before
count: 139
size: 572
in-pack: 1186
packs: 1
size-pack: 213
prune-packable: 0
garbage: 0
size-garbage: 0
+ git reflog expire --expire=now --all
+ git gc --prune=now --quiet
+ git count-objects -v after
count: 0
size: 0
in-pack: 1325
packs: 1
size-pack: 234
prune-packable: 0
garbage: 0
size-garbage: 0
DIAG[cycle_02.artifact_freshness.context_git]=OBSERVED | /home/strata/workspace/runs/A_APPLIANCE_20260707T143943Z_20260707T143943Z/C02_artifact_freshness_context_git.log | Context Git storage was packed/pruned without deleting Class B reports or changing reviewer outcome semantics.
DIAG[cycle_02.artifact_freshness]=OBSERVED | cycle-end cleanup complete | Harness cleaned stale runtime/transient artifacts only. Codebase-git branch lifecycle is owned by the agents, not the harness; Reviewer outcome detail remains in the report/Class B layer, and coordinator refresh proceeds from committed context.

===== 21 coordinator cycle complete =====
+ node /opt/strata/source_sctl/src/cli.js --workspace /home/strata/workspace/sctl-workspace coordinator cycle-complete --assignment-id A_APPLIANCE_20260707T143943Z --coordinator-id delegated_coordinator_001 --cycle-id CYCLE_A_APPLIANCE_20260707T143943Z_2026-07-07T14-39-45-001Z
{
  "contract_id": "strata.sctl.result_envelope.v1",
  "tool_id": "sctl.coordinator.cycle_complete.v1",
  "ok": true,
  "result": {
    "assignment_id": "A_APPLIANCE_20260707T143943Z",
    "coordinator_id": "delegated_coordinator_001",
    "cycle_id": "CYCLE_A_APPLIANCE_20260707T143943Z_2026-07-07T14-39-45-001Z",
    "completed_cycles_since_recreate": 2,
    "total_completed_cycles": 2,
    "recreation_threshold_cycles": 4,
    "recreation_required": false,
    "next_action": "continue_existing_coordinator",
    "latest_class_b_count": 2,
    "git": {
      "command": "git",
      "args": [
        "commit",
        "-m",
        "coordinator cycle complete A_APPLIANCE_20260707T143943Z delegated_coordinator_001 2"
      ],
      "cwd": "/home/strata/workspace/sctl-workspace/.strata/context",
      "status": 0,
      "signal": null,
      "stdout": "[master 84d6ce2] coordinator cycle complete A_APPLIANCE_20260707T143943Z delegated_coordinator_001 2\n 3 files changed, 15 insertions(+), 3 deletions(-)\n create mode 100644 D_trace/coordinator_lifecycle/a_appliance_20260707t143943z/delegated_coordinator_001_cycle_0002_2026-07-07T14-47-46-415Z.json\n",
      "stderr": "",
      "ok": true,
      "error": null,
      "commit": "84d6ce2"
    }
  },
  "errors": [],
  "evidence_paths": [
    "/home/strata/workspace/sctl-workspace/.strata/context/D_trace/coordinator_lifecycle/a_appliance_20260707t143943z/delegated_coordinator_001.json",
    "/home/strata/workspace/sctl-workspace/.strata/context/D_trace/coordinator_lifecycle/a_appliance_20260707t143943z/delegated_coordinator_001_cycle_0002_2026-07-07T14-47-46-415Z.json",
    "/home/strata/workspace/sctl-workspace/.strata/context/D_trace/telemetry/workflow_telemetry.jsonl"
  ],
  "created_at": "2026-07-07T14:47:46.451Z"
}
STATUS[21 coordinator cycle complete]=0
DIAG[cycle_02.21.coordinator_rotate]=OBSERVED | recreation_required=false cycle=2 | Coordinator recreation is cycle-count driven; no recreation needed before next coordinator work.

===== 21 coordinator dispatch render =====
+ /opt/strata/source_sctl/scripts/wsl_tmux/sctl-dispatch-render --workspace /home/strata/workspace/sctl-workspace --assignment-id A_APPLIANCE_20260707T143943Z --nonce N_COORD_C02_NEXT --from-role SCTL\ Context\ Commit\ Trigger --from-id sctl_context_git --target-role Delegated\ Coordinator --target-id delegated_coordinator_001 --target-session STRATA-COORDINATOR-A_APPLIANCE_20260707T143943Z --dispatch-kind CLASS_B_CONTEXT_COMMIT --class-b-latest 2 --template-path templates/work_products/coordinator_work_order.template.md --related-class-b .strata/context/B/b_a_appliance_20260707t143943z_c02_merge_outcome.md --source-context-class B --source-context-path .strata/context/B/b_a_appliance_20260707t143943z_c02_merge_outcome.md
{
  "contract_id": "strata.sctl.result_envelope.v1",
  "tool_id": "sctl.dispatch.record.v3",
  "ok": true,
  "result": {
    "outbox": {
      "dir": "/home/strata/workspace/sctl-workspace/.strata/dispatch_outbox/A_APPLIANCE_20260707T143943Z/delegated_coordinator_001/N_COORD_C02_NEXT",
      "packetJsonPath": "/home/strata/workspace/sctl-workspace/.strata/dispatch_outbox/A_APPLIANCE_20260707T143943Z/delegated_coordinator_001/N_COORD_C02_NEXT/dispatch_packet.json",
      "packetMdPath": "/home/strata/workspace/sctl-workspace/.strata/dispatch_outbox/A_APPLIANCE_20260707T143943Z/delegated_coordinator_001/N_COORD_C02_NEXT/dispatch_packet.md",
      "manifestPath": "/home/strata/workspace/sctl-workspace/.strata/dispatch_outbox/A_APPLIANCE_20260707T143943Z/delegated_coordinator_001/N_COORD_C02_NEXT/manifest.json"
    },
    "git_snapshot": {
      "dir": "/home/strata/workspace/sctl-workspace/.strata/context/D_trace/dispatch_packets/A_APPLIANCE_20260707T143943Z/delegated_coordinator_001/N_COORD_C02_NEXT",
      "packetJsonPath": "/home/strata/workspace/sctl-workspace/.strata/context/D_trace/dispatch_packets/A_APPLIANCE_20260707T143943Z/delegated_coordinator_001/N_COORD_C02_NEXT/dispatch_packet.json",
      "packetMdPath": "/home/strata/workspace/sctl-workspace/.strata/context/D_trace/dispatch_packets/A_APPLIANCE_20260707T143943Z/delegated_coordinator_001/N_COORD_C02_NEXT/dispatch_packet.md",
      "manifestPath": "/home/strata/workspace/sctl-workspace/.strata/context/D_trace/dispatch_packets/A_APPLIANCE_20260707T143943Z/delegated_coordinator_001/N_COORD_C02_NEXT/manifest.json"
    },
    "dispatch_log_path": "/home/strata/workspace/sctl-workspace/.strata/context/D_trace/dispatch_log/a_appliance_20260707t143943z_n_coord_c02_next_delegated_coordinator_001.json",
    "tester_entrypoint": {
      "packet_markdown": "/home/strata/workspace/sctl-workspace/.strata/dispatch_outbox/A_APPLIANCE_20260707T143943Z/delegated_coordinator_001/N_COORD_C02_NEXT/dispatch_packet.md",
      "metadata_json": "/home/strata/workspace/sctl-workspace/.strata/dispatch_outbox/A_APPLIANCE_20260707T143943Z/delegated_coordinator_001/N_COORD_C02_NEXT/dispatch_packet.json",
      "dispatch_log": "/home/strata/workspace/sctl-workspace/.strata/context/D_trace/dispatch_log/a_appliance_20260707t143943z_n_coord_c02_next_delegated_coordinator_001.json",
      "suggested_delivery_command": "strata-runtime-edge delegate dispatch-deliver --session-id delegated_coordinator_001 --packet /home/strata/workspace/sctl-workspace/.strata/dispatch_outbox/A_APPLIANCE_20260707T143943Z/delegated_coordinator_001/N_COORD_C02_NEXT/dispatch_packet.md --workspace /home/strata/workspace/sctl-workspace"
    },
    "notice_count": 0,
    "git": {
      "command": "git",
      "args": [
        "commit",
        "-m",
        "dispatch record A_APPLIANCE_20260707T143943Z N_COORD_C02_NEXT"
      ],
      "cwd": "/home/strata/workspace/sctl-workspace/.strata/context",
      "status": 0,
      "signal": null,
      "stdout": "[master 2fd43a2] dispatch record A_APPLIANCE_20260707T143943Z N_COORD_C02_NEXT\n 8 files changed, 654 insertions(+)\n create mode 100644 D_trace/dispatch_log/a_appliance_20260707t143943z_n_coord_c02_next_delegated_coordinator_001.json\n create mode 100644 D_trace/dispatch_packets/A_APPLIANCE_20260707T143943Z/delegated_coordinator_001/N_COORD_C02_NEXT/context_export/context.md\n create mode 100644 D_trace/dispatch_packets/A_APPLIANCE_20260707T143943Z/delegated_coordinator_001/N_COORD_C02_NEXT/context_export/manifest.json\n create mode 100644 D_trace/dispatch_packets/A_APPLIANCE_20260707T143943Z/delegated_coordinator_001/N_COORD_C02_NEXT/context_export/source_index.json\n create mode 100644 D_trace/dispatch_packets/A_APPLIANCE_20260707T143943Z/delegated_coordinator_001/N_COORD_C02_NEXT/dispatch_packet.json\n create mode 100644 D_trace/dispatch_packets/A_APPLIANCE_20260707T143943Z/delegated_coordinator_001/N_COORD_C02_NEXT/dispatch_packet.md\n create mode 100644 D_trace/dispatch_packets/A_APPLIANCE_20260707T143943Z/delegated_coordinator_001/N_COORD_C02_NEXT/manifest.json\n",
      "stderr": "",
      "ok": true,
      "error": null,
      "commit": "2fd43a2"
    },
    "packet": {
      "contract_id": "strata.dispatch.packet.v3_context_envelope",
      "dispatch_format": "sctl.context_dispatch_envelope.v1",
      "envelope_type": "sctl_dispatch",
      "envelope_title": "# SCTL Dispatch Envelope",
      "dispatch_kind": "CLASS_B_CONTEXT_COMMIT",
      "assignment_id": "A_APPLIANCE_20260707T143943Z",
      "nonce": "N_COORD_C02_NEXT",
      "from": {
        "role": "SCTL Context Commit Trigger",
        "id": "sctl_context_git"
      },
      "to": {
        "role": "Delegated Coordinator",
        "id": "delegated_coordinator_001",
        "session": "STRATA-COORDINATOR-A_APPLIANCE_20260707T143943Z"
      },
      "fixed_header": "The Change Author and Code Reviewer have performed one cycle, and the progress is reflected in the context picture. Review the Director's architecture assignments, project goals, and current progress together. Raise a new task order to a Change Author by submitting your work via assigned path.",
      "dispatch_envelope_template": {
        "path": "templates/dispatch/deterministic_dispatch_envelope.template.md",
        "absolute_path": "/opt/strata/source_sctl/templates/dispatch/deterministic_dispatch_envelope.template.md",
        "sha256": "c9aec961a68ee4e6702edb2c9c6ece0b933c7db3b9e56914d05bb773c3c55376"
      },
      "pasted_body_metadata_policy": "assignment_id_only",
      "source_context": {
        "trigger": "CLASS_B_CONTEXT_COMMIT",
        "class": "B",
        "path": ".strata/context/B/b_a_appliance_20260707t143943z_c02_merge_outcome.md",
        "sha256": null,
        "git_commit": null
      },
      "related_class_b": [
        ".strata/context/B/b_a_appliance_20260707t143943z_c02_merge_outcome.md"
      ],
      "declared_files": [],
      "class_c_message_path": null,
      "class_c_message_sha256": null,
      "submission_templates": [
        {
          "path": "templates/work_products/coordinator_work_order.template.md",
          "absolute_path": "/opt/strata/source_sctl/templates/work_products/coordinator_work_order.template.md",
          "sha256": "1cd1572001429895fb4d650ddcb40641c9178cdc0bee01ece831ea2f2b4f51d8"
        }
      ],
      "context_export": {
        "markdown_path": "/home/strata/workspace/sctl-workspace/.strata/context/D_trace/dispatch_packets/A_APPLIANCE_20260707T143943Z/delegated_coordinator_001/N_COORD_C02_NEXT/context_export/context.md",
        "source_index_path": "/home/strata/workspace/sctl-workspace/.strata/context/D_trace/dispatch_packets/A_APPLIANCE_20260707T143943Z/delegated_coordinator_001/N_COORD_C02_NEXT/context_export/source_index.json",
        "manifest_path": "/home/strata/workspace/sctl-workspace/.strata/context/D_trace/dispatch_packets/A_APPLIANCE_20260707T143943Z/delegated_coordinator_001/N_COORD_C02_NEXT/context_export/manifest.json",
        "source_count": 3,
        "include_classes": [
          "A",
          "B"
        ],
        "since_class_b_revision": null,
        "class_b_latest": 2,
        "class_b_filter": "latest_2",
        "class_b_context_policy": "latest_2",
        "empty_context_valid": true
      },
      "runtime_delivery": "delegate_dispatch_deliver_contract",
      "dispatch_delivery_owner": "runtime_delegate_contract",
      "dispatch_to_git_is_primary_evidence": false,
      "runtime_operational_log_is_primary_delivery_evidence": true,
      "chatbox_inspection_required": false,
      "session_policy": "persistent_registry_explicit_release_no_auto_kill",
      "created_at": "2026-07-07T14:47:46.741Z",
      "markdown_sha256": "518ac370807043a5e9e4be13576fc9db0b50a39d75ec778a28c13040f85b92a8",
      "injection_result": null,
      "context_state": {
        "contract_id": "strata.context_state.v2_simplified_runtime",
        "context_epoch": 10,
        "current_context_epoch": 18,
        "context_revision": 27,
        "class_a_revision": 9,
        "class_b_revision": 18,
        "current_class_b_revision": 18,
        "class_b_updates_since_full_refresh": 6,
        "refresh_required": true,
        "refresh_reason": "Class A contract or doctrine update requires fresh full context dispatch",
        "context_update_policy": "class_a_full_latest2_class_b_cycle_math",
        "created_at": "2026-07-06T04:49:04.748Z",
        "updated_at": "2026-07-07T14:47:43.335Z"
      }
    }
  },
  "errors": [],
  "evidence_paths": [
    "/home/strata/workspace/sctl-workspace/.strata/dispatch_outbox/A_APPLIANCE_20260707T143943Z/delegated_coordinator_001/N_COORD_C02_NEXT/dispatch_packet.json",
    "/home/strata/workspace/sctl-workspace/.strata/dispatch_outbox/A_APPLIANCE_20260707T143943Z/delegated_coordinator_001/N_COORD_C02_NEXT/dispatch_packet.md",
    "/home/strata/workspace/sctl-workspace/.strata/dispatch_outbox/A_APPLIANCE_20260707T143943Z/delegated_coordinator_001/N_COORD_C02_NEXT/manifest.json",
    "/home/strata/workspace/sctl-workspace/.strata/context/D_trace/dispatch_packets/A_APPLIANCE_20260707T143943Z/delegated_coordinator_001/N_COORD_C02_NEXT/dispatch_packet.json",
    "/home/strata/workspace/sctl-workspace/.strata/context/D_trace/dispatch_packets/A_APPLIANCE_20260707T143943Z/delegated_coordinator_001/N_COORD_C02_NEXT/dispatch_packet.md",
    "/home/strata/workspace/sctl-workspace/.strata/context/D_trace/dispatch_packets/A_APPLIANCE_20260707T143943Z/delegated_coordinator_001/N_COORD_C02_NEXT/manifest.json",
    "/home/strata/workspace/sctl-workspace/.strata/context/D_trace/dispatch_packets/A_APPLIANCE_20260707T143943Z/delegated_coordinator_001/N_COORD_C02_NEXT/context_export/context.md",
    "/home/strata/workspace/sctl-workspace/.strata/context/D_trace/dispatch_packets/A_APPLIANCE_20260707T143943Z/delegated_coordinator_001/N_COORD_C02_NEXT/context_export/source_index.json",
    "/home/strata/workspace/sctl-workspace/.strata/context/D_trace/dispatch_packets/A_APPLIANCE_20260707T143943Z/delegated_coordinator_001/N_COORD_C02_NEXT/context_export/manifest.json",
    "/home/strata/workspace/sctl-workspace/.strata/context/D_trace/dispatch_log/a_appliance_20260707t143943z_n_coord_c02_next_delegated_coordinator_001.json",
    "/home/strata/workspace/sctl-workspace/.strata/context/D_trace/telemetry/workflow_telemetry.jsonl"
  ],
  "created_at": "2026-07-07T14:47:46.812Z"
}
STATUS[21 coordinator dispatch render]=0

===== 21 coordinator dispatch inject =====
+ env SCTL_RUNTIME_DELEGATE_ROOT=/opt/strata/runtime-delegate SCTL_RUNTIME_DELEGATE_BIN=/opt/strata/runtime-delegate/dist/src/cli.js /opt/strata/source_sctl/scripts/wsl_tmux/sctl-dispatch-inject --workspace /home/strata/workspace/sctl-workspace --assignment-id A_APPLIANCE_20260707T143943Z --id delegated_coordinator_001 --session STRATA-COORDINATOR-A_APPLIANCE_20260707T143943Z --packet /home/strata/workspace/sctl-workspace/.strata/context/D_trace/dispatch_packets/A_APPLIANCE_20260707T143943Z/delegated_coordinator_001/N_COORD_C02_NEXT/dispatch_packet.md --paste-delay 5 --no-tab
{
  "ok": true,
  "runtime": "tmux_codex_cli",
  "operation": "dispatch_delivery",
  "session_id": "delegated_coordinator_001",
  "runtime_session_name": "STRATA-COORDINATOR-A_APPLIANCE_20260707T143943Z",
  "tmux_target": "STRATA-COORDINATOR-A_APPLIANCE_20260707T143943Z",
  "packet_path": ".strata/context/D_trace/dispatch_packets/A_APPLIANCE_20260707T143943Z/delegated_coordinator_001/N_COORD_C02_NEXT/dispatch_packet.md",
  "packet_sha256": "518ac370807043a5e9e4be13576fc9db0b50a39d75ec778a28c13040f85b92a8",
  "evidence_path": ".strata-runtime/evidence/delegate_control/dispatch_delivery/delegated_coordinator_001/2026-07-07_14-47-51-924Z/dispatch_delivery_result.json",
  "timestamp": "2026-07-07T14:47:51.924Z",
  "error": null
}
STATUS[21 coordinator dispatch inject]=0
DIAG[cycle_02.21.coordinator_dispatch]=OBSERVED | STRATA-COORDINATOR-A_APPLIANCE_20260707T143943Z injected .strata/context/D_trace/dispatch_packets/A_APPLIANCE_20260707T143943Z/delegated_coordinator_001/N_COORD_C02_NEXT/dispatch_packet.md | Recurring Coordinator received Class B context envelope for next task-order decision.
===== END cycle_02 =====

===== BEGIN cycle_03 =====
CYCLE_SUFFIX=C03
CHANGE_AUTHOR_ID=change_author_c03
REVIEWER_ID=reviewer_c03
CHANGE_AUTHOR_SESSION=STRATA-CODER-A_APPLIANCE_20260707T143943Z-C03
REVIEWER_SESSION=STRATA-REVIEWER-A_APPLIANCE_20260707T143943Z-C03
CHANGE_BRANCH=change/A_APPLIANCE_20260707T143943Z/C03-appliance-cycle

===== context export cycle_03/coordinator_before =====
+ node /opt/strata/source_sctl/src/cli.js --workspace /home/strata/workspace/sctl-workspace context export-markdown --include-classes A\,B --class-b-latest 2 --out /home/strata/workspace/runs/A_APPLIANCE_20260707T143943Z_20260707T143943Z/context_exports/cycle_03/coordinator_before
{
  "contract_id": "strata.sctl.result_envelope.v1",
  "tool_id": "sctl.context.export_markdown.v2",
  "ok": true,
  "result": {
    "out_dir": "/home/strata/workspace/runs/A_APPLIANCE_20260707T143943Z_20260707T143943Z/context_exports/cycle_03/coordinator_before",
    "markdown_path": "/home/strata/workspace/runs/A_APPLIANCE_20260707T143943Z_20260707T143943Z/context_exports/cycle_03/coordinator_before/context.md",
    "source_index_path": "/home/strata/workspace/runs/A_APPLIANCE_20260707T143943Z_20260707T143943Z/context_exports/cycle_03/coordinator_before/source_index.json",
    "manifest_path": "/home/strata/workspace/runs/A_APPLIANCE_20260707T143943Z_20260707T143943Z/context_exports/cycle_03/coordinator_before/manifest.json",
    "source_count": 3,
    "state": {
      "contract_id": "strata.context_state.v2_simplified_runtime",
      "context_epoch": 10,
      "current_context_epoch": 18,
      "context_revision": 27,
      "class_a_revision": 9,
      "class_b_revision": 18,
      "current_class_b_revision": 18,
      "class_b_updates_since_full_refresh": 6,
      "refresh_required": true,
      "refresh_reason": "Class A contract or doctrine update requires fresh full context dispatch",
      "context_update_policy": "class_a_full_latest2_class_b_cycle_math",
      "created_at": "2026-07-06T04:49:04.748Z",
      "updated_at": "2026-07-07T14:47:43.335Z"
    },
    "include_classes": [
      "A",
      "B"
    ],
    "since_class_b_revision": null,
    "class_b_latest": 2,
    "class_b_filter": "latest_2"
  },
  "errors": [],
  "evidence_paths": [
    "/home/strata/workspace/runs/A_APPLIANCE_20260707T143943Z_20260707T143943Z/context_exports/cycle_03/coordinator_before/context.md",
    "/home/strata/workspace/runs/A_APPLIANCE_20260707T143943Z_20260707T143943Z/context_exports/cycle_03/coordinator_before/source_index.json",
    "/home/strata/workspace/runs/A_APPLIANCE_20260707T143943Z_20260707T143943Z/context_exports/cycle_03/coordinator_before/manifest.json"
  ],
  "created_at": "2026-07-07T14:47:52.203Z"
}
STATUS[context export cycle_03/coordinator_before]=0
FULL_CONTEXT_EXPORT[cycle_03/coordinator_before]=/home/strata/workspace/runs/A_APPLIANCE_20260707T143943Z_20260707T143943Z/context_exports/cycle_03/coordinator_before/context.md
DIAG[cycle_03.context_export.coordinator_before]=OBSERVED | /home/strata/workspace/runs/A_APPLIANCE_20260707T143943Z_20260707T143943Z/context_exports/cycle_03/coordinator_before/context.md | Standalone Class A plus latest Class B context export written outside the pasted dispatch packet and outside the operational log body.
OPERATIONAL_STAGE[export_context]=OBSERVED | /home/strata/workspace/runs/A_APPLIANCE_20260707T143943Z_20260707T143943Z/context_exports/cycle_03/coordinator_before/context.md
DIAG[cycle_03.export_context]=OBSERVED | /home/strata/workspace/runs/A_APPLIANCE_20260707T143943Z_20260707T143943Z/context_exports/cycle_03/coordinator_before/context.md | Coordinator-before context export is available for this cycle.

===== 4 session new change author =====
+ env SCTL_RUNTIME_DELEGATE_ROOT=/opt/strata/runtime-delegate SCTL_RUNTIME_DELEGATE_BIN=/opt/strata/runtime-delegate/dist/src/cli.js SCTL_RUNTIME_LAUNCH_CONFIG=/home/strata/workspace/codebase/.strata-runtime/config/launcher_delegate.local.json SCTL_RUNTIME_SESSION_EXTRA_ARGS= /opt/strata/source_sctl/scripts/wsl_tmux/sctl-session-new --workspace /home/strata/workspace/sctl-workspace --assignment-id A_APPLIANCE_20260707T143943Z --role Change\ Author --id change_author_c03 --session-mode disposable --cycle-id CYCLE_A_APPLIANCE_20260707T143943Z_2026-07-07T14-39-45-001Z --session-name STRATA-CODER-A_APPLIANCE_20260707T143943Z-C03
adapter_delegate_evidence=.strata-runtime/evidence/delegate_control/session_register/change_author_c03/2026-07-07_14-47-52-568Z/session_register_result.json
{
  "contract_id": "strata.sctl.result_envelope.v1",
  "tool_id": "sctl.sessions.register.v1",
  "ok": true,
  "result": {
    "session": {
      "contract_id": "strata.class_c.active_session.v3_runtime_registry",
      "role": "Change Author",
      "id": "change_author_c03",
      "logical_session_id": "change_author_c03",
      "session_name": "STRATA-CODER-A_APPLIANCE_20260707T143943Z",
      "runtime_session_name": "STRATA-CODER-A_APPLIANCE_20260707T143943Z",
      "runtime_role": "coder",
      "runtime_tmux_target": "STRATA-CODER-A_APPLIANCE_20260707T143943Z",
      "runtime_binding_id": "change_author_c03",
      "runtime_binding_status": "registered",
      "assignment_id": "A_APPLIANCE_20260707T143943Z",
      "session_mode": "disposable",
      "runtime": "delegate_control_surface",
      "return_dir": ".strata/returns/A_APPLIANCE_20260707T143943Z/change_author_c03",
      "evidence_dir": ".strata/evidence/sessions/change_author_c03",
      "delegate_evidence_path": ".strata-runtime/evidence/delegate_control/session_register/change_author_c03/2026-07-07_14-47-52-568Z/session_register_result.json",
      "termination_policy": "explicit_only",
      "loaded_context_epoch": 18,
      "loaded_class_a_revision": 9,
      "loaded_class_b_revision": 18,
      "status": "active",
      "delivery_mode": "context_envelope_via_runtime_delegate_registry",
      "registered_at": "2026-07-07T14:47:52.984Z"
    },
    "file": "/home/strata/workspace/sctl-workspace/.strata/context/C/sessions/active_sessions.json",
    "git": {
      "command": "git",
      "args": [
        "commit",
        "-m",
        "session register A_APPLIANCE_20260707T143943Z change_author_c03"
      ],
      "cwd": "/home/strata/workspace/sctl-workspace/.strata/context",
      "status": 0,
      "signal": null,
      "stdout": "[master e4459b5] session register A_APPLIANCE_20260707T143943Z change_author_c03\n 2 files changed, 28 insertions(+), 2 deletions(-)\n",
      "stderr": "",
      "ok": true,
      "error": null,
      "commit": "e4459b5"
    }
  },
  "errors": [],
  "evidence_paths": [
    "/home/strata/workspace/sctl-workspace/.strata/context/C/sessions/active_sessions.json",
    "/home/strata/workspace/sctl-workspace/.strata/context/D_trace/telemetry/workflow_telemetry.jsonl"
  ],
  "created_at": "2026-07-07T14:47:53.018Z"
}
STATUS[4 session new change author]=0
DIAG[cycle_03.4.session_target]=OBSERVED | STRATA-CODER-A_APPLIANCE_20260707T143943Z | Runtime session name was resolved from the adapter registry; no synthetic SCTL id is used for runtime targeting.
DIAG[cycle_03.4]=OBSERVED | change_author_c03 active disposable | Fresh Change Author session for C03 was recorded in SCTL Git through the adapter boundary.
OPERATIONAL_STAGE[register_align_author_session]=OBSERVED | change_author_c03 -> STRATA-CODER-A_APPLIANCE_20260707T143943Z
DIAG[cycle_03.register_align_author_session]=OBSERVED | change_author_c03 -> STRATA-CODER-A_APPLIANCE_20260707T143943Z | Change Author session was registered and aligned through the runtime delegate adapter boundary.

===== 5 wait for Coordinator-authored Class B work order =====
waiting up to 360s for /home/strata/workspace/sctl-workspace/.strata/returns/A_APPLIANCE_20260707T143943Z/delegated_coordinator_001/coordinator_work_order.md

===== 5 coordinator work order Class B commit =====
+ node /opt/strata/source_sctl/src/cli.js --workspace /home/strata/workspace/sctl-workspace classb commit --file /home/strata/workspace/sctl-workspace/.strata/context/B/wo_a_appliance_20260707t143943z_c03_change_author.md --message Class\ B\ Coordinator\ Work\ Order\ WO_A_APPLIANCE_20260707T143943Z_C03_CHANGE_AUTHOR
{
  "contract_id": "strata.sctl.result_envelope.v1",
  "tool_id": "sctl.classb.commit_file.v2",
  "ok": true,
  "result": {
    "file": "/home/strata/workspace/sctl-workspace/.strata/context/B/wo_a_appliance_20260707t143943z_c03_change_author.md",
    "sha256": "01829581eedb300c454fe25ee90cfcd92cd14fe0ae9e398a4e631d46e1672d3e",
    "git": {
      "command": "git",
      "args": [
        "commit",
        "-m",
        "Class B Coordinator Work Order WO_A_APPLIANCE_20260707T143943Z_C03_CHANGE_AUTHOR"
      ],
      "cwd": "/home/strata/workspace/sctl-workspace/.strata/context",
      "status": 0,
      "signal": null,
      "stdout": "[master ac62991] Class B Coordinator Work Order WO_A_APPLIANCE_20260707T143943Z_C03_CHANGE_AUTHOR\n 3 files changed, 112 insertions(+), 6 deletions(-)\n create mode 100644 B/wo_a_appliance_20260707t143943z_c03_change_author.md\n",
      "stderr": "",
      "ok": true,
      "error": null,
      "commit": "ac62991"
    },
    "state": {
      "contract_id": "strata.context_state.v2_simplified_runtime",
      "context_epoch": 10,
      "current_context_epoch": 19,
      "context_revision": 28,
      "class_a_revision": 9,
      "class_b_revision": 19,
      "current_class_b_revision": 19,
      "class_b_updates_since_full_refresh": 7,
      "refresh_required": true,
      "refresh_reason": "Class A contract or doctrine update requires fresh full context dispatch",
      "context_update_policy": "class_a_full_latest2_class_b_cycle_math",
      "created_at": "2026-07-06T04:49:04.748Z",
      "updated_at": "2026-07-07T14:49:13.923Z"
    },
    "accepted_class_b_revision": 19
  },
  "errors": [],
  "evidence_paths": [
    "/home/strata/workspace/sctl-workspace/.strata/context/B/wo_a_appliance_20260707t143943z_c03_change_author.md",
    "/home/strata/workspace/sctl-workspace/.strata/context/D_trace/telemetry/workflow_telemetry.jsonl"
  ],
  "created_at": "2026-07-07T14:49:13.965Z"
}
STATUS[5 coordinator work order Class B commit]=0
DIAG[cycle_03.5.work_order]=OBSERVED | /home/strata/workspace/sctl-workspace/.strata/returns/A_APPLIANCE_20260707T143943Z/delegated_coordinator_001/coordinator_work_order.md -> /home/strata/workspace/sctl-workspace/.strata/context/B/wo_a_appliance_20260707t143943z_c03_change_author.md | Coordinator-authored Work Order was accepted as Class B before Change Author dispatch.
DIAG[cycle_03.5]=OBSERVED | /home/strata/workspace/sctl-workspace/.strata/context/B/wo_a_appliance_20260707t143943z_c03_change_author.md | Dispatch source is the committed Class B Coordinator Work Order, not an uncommitted Class C/body-file artifact.

===== 6 author dispatch render =====
+ /opt/strata/source_sctl/scripts/wsl_tmux/sctl-dispatch-render --workspace /home/strata/workspace/sctl-workspace --assignment-id A_APPLIANCE_20260707T143943Z --nonce N_AUTHOR_C03 --from-role Delegated\ Coordinator --from-id delegated_coordinator_001 --target-role Change\ Author --target-id change_author_c03 --target-session STRATA-CODER-A_APPLIANCE_20260707T143943Z --summary Flowmap\ 02\ C03\ Change\ Author\ branch\ assignment --class-b-latest 2 --related-class-b .strata/context/B/wo_a_appliance_20260707t143943z_c03_change_author.md --source-context-class B --source-context-path .strata/context/B/wo_a_appliance_20260707t143943z_c03_change_author.md --codebase-repo /home/strata/workspace/codebase --trunk-branch main --change-branch change/A_APPLIANCE_20260707T143943Z/C03-appliance-cycle --short-name appliance-cycle --declared-file CODEBASE_REPO:/home/strata/workspace/codebase --declared-file TRUNK_BRANCH:main --declared-file CHANGE_BRANCH:change/A_APPLIANCE_20260707T143943Z/C03-appliance-cycle
{
  "contract_id": "strata.sctl.result_envelope.v1",
  "tool_id": "sctl.dispatch.record.v3",
  "ok": true,
  "result": {
    "outbox": {
      "dir": "/home/strata/workspace/sctl-workspace/.strata/dispatch_outbox/A_APPLIANCE_20260707T143943Z/change_author_c03/N_AUTHOR_C03",
      "packetJsonPath": "/home/strata/workspace/sctl-workspace/.strata/dispatch_outbox/A_APPLIANCE_20260707T143943Z/change_author_c03/N_AUTHOR_C03/dispatch_packet.json",
      "packetMdPath": "/home/strata/workspace/sctl-workspace/.strata/dispatch_outbox/A_APPLIANCE_20260707T143943Z/change_author_c03/N_AUTHOR_C03/dispatch_packet.md",
      "manifestPath": "/home/strata/workspace/sctl-workspace/.strata/dispatch_outbox/A_APPLIANCE_20260707T143943Z/change_author_c03/N_AUTHOR_C03/manifest.json"
    },
    "git_snapshot": {
      "dir": "/home/strata/workspace/sctl-workspace/.strata/context/D_trace/dispatch_packets/A_APPLIANCE_20260707T143943Z/change_author_c03/N_AUTHOR_C03",
      "packetJsonPath": "/home/strata/workspace/sctl-workspace/.strata/context/D_trace/dispatch_packets/A_APPLIANCE_20260707T143943Z/change_author_c03/N_AUTHOR_C03/dispatch_packet.json",
      "packetMdPath": "/home/strata/workspace/sctl-workspace/.strata/context/D_trace/dispatch_packets/A_APPLIANCE_20260707T143943Z/change_author_c03/N_AUTHOR_C03/dispatch_packet.md",
      "manifestPath": "/home/strata/workspace/sctl-workspace/.strata/context/D_trace/dispatch_packets/A_APPLIANCE_20260707T143943Z/change_author_c03/N_AUTHOR_C03/manifest.json"
    },
    "dispatch_log_path": "/home/strata/workspace/sctl-workspace/.strata/context/D_trace/dispatch_log/a_appliance_20260707t143943z_n_author_c03_change_author_c03.json",
    "tester_entrypoint": {
      "packet_markdown": "/home/strata/workspace/sctl-workspace/.strata/dispatch_outbox/A_APPLIANCE_20260707T143943Z/change_author_c03/N_AUTHOR_C03/dispatch_packet.md",
      "metadata_json": "/home/strata/workspace/sctl-workspace/.strata/dispatch_outbox/A_APPLIANCE_20260707T143943Z/change_author_c03/N_AUTHOR_C03/dispatch_packet.json",
      "dispatch_log": "/home/strata/workspace/sctl-workspace/.strata/context/D_trace/dispatch_log/a_appliance_20260707t143943z_n_author_c03_change_author_c03.json",
      "suggested_delivery_command": "strata-runtime-edge delegate dispatch-deliver --session-id change_author_c03 --packet /home/strata/workspace/sctl-workspace/.strata/dispatch_outbox/A_APPLIANCE_20260707T143943Z/change_author_c03/N_AUTHOR_C03/dispatch_packet.md --workspace /home/strata/workspace/sctl-workspace"
    },
    "notice_count": 0,
    "git": {
      "command": "git",
      "args": [
        "commit",
        "-m",
        "dispatch record A_APPLIANCE_20260707T143943Z N_AUTHOR_C03"
      ],
      "cwd": "/home/strata/workspace/sctl-workspace/.strata/context",
      "status": 0,
      "signal": null,
      "stdout": "[master 3ae9aa1] dispatch record A_APPLIANCE_20260707T143943Z N_AUTHOR_C03\n 8 files changed, 739 insertions(+)\n create mode 100644 D_trace/dispatch_log/a_appliance_20260707t143943z_n_author_c03_change_author_c03.json\n create mode 100644 D_trace/dispatch_packets/A_APPLIANCE_20260707T143943Z/change_author_c03/N_AUTHOR_C03/context_export/context.md\n create mode 100644 D_trace/dispatch_packets/A_APPLIANCE_20260707T143943Z/change_author_c03/N_AUTHOR_C03/context_export/manifest.json\n create mode 100644 D_trace/dispatch_packets/A_APPLIANCE_20260707T143943Z/change_author_c03/N_AUTHOR_C03/context_export/source_index.json\n create mode 100644 D_trace/dispatch_packets/A_APPLIANCE_20260707T143943Z/change_author_c03/N_AUTHOR_C03/dispatch_packet.json\n create mode 100644 D_trace/dispatch_packets/A_APPLIANCE_20260707T143943Z/change_author_c03/N_AUTHOR_C03/dispatch_packet.md\n create mode 100644 D_trace/dispatch_packets/A_APPLIANCE_20260707T143943Z/change_author_c03/N_AUTHOR_C03/manifest.json\n",
      "stderr": "",
      "ok": true,
      "error": null,
      "commit": "3ae9aa1"
    },
    "packet": {
      "contract_id": "strata.dispatch.packet.v3_context_envelope",
      "dispatch_format": "sctl.context_dispatch_envelope.v1",
      "envelope_type": "sctl_dispatch",
      "envelope_title": "# SCTL Dispatch Envelope",
      "dispatch_kind": "SCTL_CONTEXT_COMMIT",
      "assignment_id": "A_APPLIANCE_20260707T143943Z",
      "nonce": "N_AUTHOR_C03",
      "from": {
        "role": "Delegated Coordinator",
        "id": "delegated_coordinator_001"
      },
      "to": {
        "role": "Change Author",
        "id": "change_author_c03",
        "session": "STRATA-CODER-A_APPLIANCE_20260707T143943Z"
      },
      "fixed_header": "The coordinator assigned the following tasks via team internal envelope. Follow and perform the tasks accordingly.",
      "dispatch_envelope_template": {
        "path": "templates/dispatch/deterministic_dispatch_envelope.template.md",
        "absolute_path": "/opt/strata/source_sctl/templates/dispatch/deterministic_dispatch_envelope.template.md",
        "sha256": "c9aec961a68ee4e6702edb2c9c6ece0b933c7db3b9e56914d05bb773c3c55376"
      },
      "pasted_body_metadata_policy": "assignment_id_only",
      "source_context": {
        "trigger": "SCTL_CONTEXT_COMMIT",
        "class": "B",
        "path": ".strata/context/B/wo_a_appliance_20260707t143943z_c03_change_author.md",
        "sha256": null,
        "git_commit": null
      },
      "related_class_b": [
        ".strata/context/B/wo_a_appliance_20260707t143943z_c03_change_author.md"
      ],
      "declared_files": [
        "CODEBASE_REPO:/home/strata/workspace/codebase",
        "TRUNK_BRANCH:main",
        "CHANGE_BRANCH:change/A_APPLIANCE_20260707T143943Z/C03-appliance-cycle"
      ],
      "class_c_message_path": null,
      "class_c_message_sha256": null,
      "submission_templates": [
        {
          "path": "templates/packets/worker_return_packet.operational_report_ready.template.json",
          "absolute_path": "/opt/strata/source_sctl/templates/packets/worker_return_packet.operational_report_ready.template.json",
          "sha256": "68f2b259ca41dbe83eb1b08676bec3d7328fbceb511dc8c5781849323b116960"
        },
        {
          "path": "templates/reports/operational_report.template.md",
          "absolute_path": "/opt/strata/source_sctl/templates/reports/operational_report.template.md",
          "sha256": "f704f5e8b58fe1971e85b2fa05b581e47ba9d24acb03f7bfcb4d826b3fcc9cc7"
        }
      ],
      "context_export": {
        "markdown_path": "/home/strata/workspace/sctl-workspace/.strata/context/D_trace/dispatch_packets/A_APPLIANCE_20260707T143943Z/change_author_c03/N_AUTHOR_C03/context_export/context.md",
        "source_index_path": "/home/strata/workspace/sctl-workspace/.strata/context/D_trace/dispatch_packets/A_APPLIANCE_20260707T143943Z/change_author_c03/N_AUTHOR_C03/context_export/source_index.json",
        "manifest_path": "/home/strata/workspace/sctl-workspace/.strata/context/D_trace/dispatch_packets/A_APPLIANCE_20260707T143943Z/change_author_c03/N_AUTHOR_C03/context_export/manifest.json",
        "source_count": 3,
        "include_classes": [
          "A",
          "B"
        ],
        "since_class_b_revision": null,
        "class_b_latest": 2,
        "class_b_filter": "latest_2",
        "class_b_context_policy": "latest_2",
        "empty_context_valid": true
      },
      "runtime_delivery": "delegate_dispatch_deliver_contract",
      "dispatch_delivery_owner": "runtime_delegate_contract",
      "dispatch_to_git_is_primary_evidence": false,
      "runtime_operational_log_is_primary_delivery_evidence": true,
      "chatbox_inspection_required": false,
      "session_policy": "persistent_registry_explicit_release_no_auto_kill",
      "created_at": "2026-07-07T14:49:14.441Z",
      "markdown_sha256": "2ad093a8e09d6a875817cd3fbf29bf5b56aa1a370b3b04f2d151290bb33fc761",
      "injection_result": null,
      "context_state": {
        "contract_id": "strata.context_state.v2_simplified_runtime",
        "context_epoch": 10,
        "current_context_epoch": 19,
        "context_revision": 28,
        "class_a_revision": 9,
        "class_b_revision": 19,
        "current_class_b_revision": 19,
        "class_b_updates_since_full_refresh": 7,
        "refresh_required": true,
        "refresh_reason": "Class A contract or doctrine update requires fresh full context dispatch",
        "context_update_policy": "class_a_full_latest2_class_b_cycle_math",
        "created_at": "2026-07-06T04:49:04.748Z",
        "updated_at": "2026-07-07T14:49:13.923Z"
      }
    }
  },
  "errors": [],
  "evidence_paths": [
    "/home/strata/workspace/sctl-workspace/.strata/dispatch_outbox/A_APPLIANCE_20260707T143943Z/change_author_c03/N_AUTHOR_C03/dispatch_packet.json",
    "/home/strata/workspace/sctl-workspace/.strata/dispatch_outbox/A_APPLIANCE_20260707T143943Z/change_author_c03/N_AUTHOR_C03/dispatch_packet.md",
    "/home/strata/workspace/sctl-workspace/.strata/dispatch_outbox/A_APPLIANCE_20260707T143943Z/change_author_c03/N_AUTHOR_C03/manifest.json",
    "/home/strata/workspace/sctl-workspace/.strata/context/D_trace/dispatch_packets/A_APPLIANCE_20260707T143943Z/change_author_c03/N_AUTHOR_C03/dispatch_packet.json",
    "/home/strata/workspace/sctl-workspace/.strata/context/D_trace/dispatch_packets/A_APPLIANCE_20260707T143943Z/change_author_c03/N_AUTHOR_C03/dispatch_packet.md",
    "/home/strata/workspace/sctl-workspace/.strata/context/D_trace/dispatch_packets/A_APPLIANCE_20260707T143943Z/change_author_c03/N_AUTHOR_C03/manifest.json",
    "/home/strata/workspace/sctl-workspace/.strata/context/D_trace/dispatch_packets/A_APPLIANCE_20260707T143943Z/change_author_c03/N_AUTHOR_C03/context_export/context.md",
    "/home/strata/workspace/sctl-workspace/.strata/context/D_trace/dispatch_packets/A_APPLIANCE_20260707T143943Z/change_author_c03/N_AUTHOR_C03/context_export/source_index.json",
    "/home/strata/workspace/sctl-workspace/.strata/context/D_trace/dispatch_packets/A_APPLIANCE_20260707T143943Z/change_author_c03/N_AUTHOR_C03/context_export/manifest.json",
    "/home/strata/workspace/sctl-workspace/.strata/context/D_trace/dispatch_log/a_appliance_20260707t143943z_n_author_c03_change_author_c03.json",
    "/home/strata/workspace/sctl-workspace/.strata/context/D_trace/telemetry/workflow_telemetry.jsonl"
  ],
  "created_at": "2026-07-07T14:49:14.511Z"
}
STATUS[6 author dispatch render]=0
DIAG[cycle_03.6]=OBSERVED | /home/strata/workspace/sctl-workspace/.strata/context/D_trace/dispatch_packets/A_APPLIANCE_20260707T143943Z/change_author_c03/N_AUTHOR_C03/dispatch_packet.md | Packet contains fixed envelope input and context export headline.
OPERATIONAL_STAGE[render_dispatch]=OBSERVED | /home/strata/workspace/sctl-workspace/.strata/context/D_trace/dispatch_packets/A_APPLIANCE_20260707T143943Z/change_author_c03/N_AUTHOR_C03/dispatch_packet.md
DIAG[cycle_03.render_dispatch]=OBSERVED | /home/strata/workspace/sctl-workspace/.strata/context/D_trace/dispatch_packets/A_APPLIANCE_20260707T143943Z/change_author_c03/N_AUTHOR_C03/dispatch_packet.md | Change Author dispatch packet was rendered from committed context.

===== context export cycle_03/author_dispatch =====
+ node /opt/strata/source_sctl/src/cli.js --workspace /home/strata/workspace/sctl-workspace context export-markdown --include-classes A\,B --class-b-latest 2 --out /home/strata/workspace/runs/A_APPLIANCE_20260707T143943Z_20260707T143943Z/context_exports/cycle_03/author_dispatch
{
  "contract_id": "strata.sctl.result_envelope.v1",
  "tool_id": "sctl.context.export_markdown.v2",
  "ok": true,
  "result": {
    "out_dir": "/home/strata/workspace/runs/A_APPLIANCE_20260707T143943Z_20260707T143943Z/context_exports/cycle_03/author_dispatch",
    "markdown_path": "/home/strata/workspace/runs/A_APPLIANCE_20260707T143943Z_20260707T143943Z/context_exports/cycle_03/author_dispatch/context.md",
    "source_index_path": "/home/strata/workspace/runs/A_APPLIANCE_20260707T143943Z_20260707T143943Z/context_exports/cycle_03/author_dispatch/source_index.json",
    "manifest_path": "/home/strata/workspace/runs/A_APPLIANCE_20260707T143943Z_20260707T143943Z/context_exports/cycle_03/author_dispatch/manifest.json",
    "source_count": 3,
    "state": {
      "contract_id": "strata.context_state.v2_simplified_runtime",
      "context_epoch": 10,
      "current_context_epoch": 19,
      "context_revision": 28,
      "class_a_revision": 9,
      "class_b_revision": 19,
      "current_class_b_revision": 19,
      "class_b_updates_since_full_refresh": 7,
      "refresh_required": true,
      "refresh_reason": "Class A contract or doctrine update requires fresh full context dispatch",
      "context_update_policy": "class_a_full_latest2_class_b_cycle_math",
      "created_at": "2026-07-06T04:49:04.748Z",
      "updated_at": "2026-07-07T14:49:13.923Z"
    },
    "include_classes": [
      "A",
      "B"
    ],
    "since_class_b_revision": null,
    "class_b_latest": 2,
    "class_b_filter": "latest_2"
  },
  "errors": [],
  "evidence_paths": [
    "/home/strata/workspace/runs/A_APPLIANCE_20260707T143943Z_20260707T143943Z/context_exports/cycle_03/author_dispatch/context.md",
    "/home/strata/workspace/runs/A_APPLIANCE_20260707T143943Z_20260707T143943Z/context_exports/cycle_03/author_dispatch/source_index.json",
    "/home/strata/workspace/runs/A_APPLIANCE_20260707T143943Z_20260707T143943Z/context_exports/cycle_03/author_dispatch/manifest.json"
  ],
  "created_at": "2026-07-07T14:49:14.876Z"
}
STATUS[context export cycle_03/author_dispatch]=0
FULL_CONTEXT_EXPORT[cycle_03/author_dispatch]=/home/strata/workspace/runs/A_APPLIANCE_20260707T143943Z_20260707T143943Z/context_exports/cycle_03/author_dispatch/context.md
DIAG[cycle_03.context_export.author_dispatch]=OBSERVED | /home/strata/workspace/runs/A_APPLIANCE_20260707T143943Z_20260707T143943Z/context_exports/cycle_03/author_dispatch/context.md | Standalone Class A plus latest Class B context export written outside the pasted dispatch packet and outside the operational log body.

===== 7 author dispatch inject =====
+ env SCTL_RUNTIME_DELEGATE_ROOT=/opt/strata/runtime-delegate SCTL_RUNTIME_DELEGATE_BIN=/opt/strata/runtime-delegate/dist/src/cli.js /opt/strata/source_sctl/scripts/wsl_tmux/sctl-dispatch-inject --workspace /home/strata/workspace/sctl-workspace --assignment-id A_APPLIANCE_20260707T143943Z --id change_author_c03 --session STRATA-CODER-A_APPLIANCE_20260707T143943Z --packet /home/strata/workspace/sctl-workspace/.strata/context/D_trace/dispatch_packets/A_APPLIANCE_20260707T143943Z/change_author_c03/N_AUTHOR_C03/dispatch_packet.md --paste-delay 5 --no-tab
{
  "ok": true,
  "runtime": "tmux_codex_cli",
  "operation": "dispatch_delivery",
  "session_id": "change_author_c03",
  "runtime_session_name": "STRATA-CODER-A_APPLIANCE_20260707T143943Z",
  "tmux_target": "STRATA-CODER-A_APPLIANCE_20260707T143943Z",
  "packet_path": ".strata/context/D_trace/dispatch_packets/A_APPLIANCE_20260707T143943Z/change_author_c03/N_AUTHOR_C03/dispatch_packet.md",
  "packet_sha256": "2ad093a8e09d6a875817cd3fbf29bf5b56aa1a370b3b04f2d151290bb33fc761",
  "evidence_path": ".strata-runtime/evidence/delegate_control/dispatch_delivery/change_author_c03/2026-07-07_14-49-20-179Z/dispatch_delivery_result.json",
  "timestamp": "2026-07-07T14:49:20.179Z",
  "error": null
}
STATUS[7 author dispatch inject]=0
DIAG[cycle_03.7]=OBSERVED | STRATA-CODER-A_APPLIANCE_20260707T143943Z injected | Change Author packet was injected through adapter using Git-backed packet path.
OPERATIONAL_STAGE[inject_packet]=OBSERVED | STRATA-CODER-A_APPLIANCE_20260707T143943Z injected
DIAG[cycle_03.inject_packet]=OBSERVED | STRATA-CODER-A_APPLIANCE_20260707T143943Z injected | Change Author packet was injected through the adapter using a Git-backed packet path.

===== 8 author session capture =====
+ env SCTL_RUNTIME_DELEGATE_ROOT=/opt/strata/runtime-delegate SCTL_RUNTIME_DELEGATE_BIN=/opt/strata/runtime-delegate/dist/src/cli.js /opt/strata/source_sctl/scripts/wsl_tmux/sctl-session-capture --workspace /home/strata/workspace/sctl-workspace --assignment-id A_APPLIANCE_20260707T143943Z --id change_author_c03 --session STRATA-CODER-A_APPLIANCE_20260707T143943Z --out /home/strata/workspace/sctl-workspace/.strata/evidence/session_captures/STRATA-CODER-A_APPLIANCE_20260707T143943Z.txt --lines 200
{
  "ok": true,
  "runtime": "tmux_codex_cli",
  "operation": "session_capture",
  "session_id": "change_author_c03",
  "tmux_target": "STRATA-CODER-A_APPLIANCE_20260707T143943Z",
  "capture_path": ".strata-runtime/evidence/delegate_control/session_capture/change_author_c03/2026-07-07_14-49-20-644Z/pane_capture.txt",
  "evidence_path": ".strata-runtime/evidence/delegate_control/session_capture/change_author_c03/2026-07-07_14-49-20-644Z/session_capture_result.json",
  "timestamp": "2026-07-07T14:49:20.644Z"
}
STATUS[8 author session capture]=0
DIAG[cycle_03.8]=OBSERVED | STRATA-CODER-A_APPLIANCE_20260707T143943Z capture attempted | Author session capture evidence was requested.

===== 9 wait for return =====
waiting up to 360s for /home/strata/workspace/sctl-workspace/.strata/returns/A_APPLIANCE_20260707T143943Z/change_author_c03/packet.json
STATUS[9 wait for return]=0
DIAG[cycle_03.9.wait]=OBSERVED | /home/strata/workspace/sctl-workspace/.strata/returns/A_APPLIANCE_20260707T143943Z/change_author_c03/packet.json | Worker return packet and operational report appeared without harness simulation.
OPERATIONAL_STAGE[wait_for_return]=OBSERVED | change_author_c03 return packet present
DIAG[cycle_03.wait_for_return]=OBSERVED | change_author_c03 return packet present | Change Author return packet and operational report appeared without harness simulation.

===== 10 classify author return =====
+ node /opt/strata/source_sctl/src/cli.js --workspace /home/strata/workspace/sctl-workspace returns classify --packet .strata/returns/A_APPLIANCE_20260707T143943Z/change_author_c03/packet.json
{
  "contract_id": "strata.sctl.result_envelope.v1",
  "tool_id": "sctl.returns.classify.v1",
  "ok": true,
  "result": {
    "classification": {
      "contract_id": "strata.worker_return_classification.v6_context_git",
      "classification_id": "wret_class_packet.json_2026-07-07T14-50-37-954Z",
      "packet_path": "/home/strata/workspace/sctl-workspace/.strata/returns/A_APPLIANCE_20260707T143943Z/change_author_c03/packet.json",
      "packet_sha256": "406fc9252f2aa89ee08e9706a0555f34a1c6af930310fdfe70b1ca0d2c8efe30",
      "valid_packet": true,
      "errors": [],
      "return_id": "ret_A_APPLIANCE_20260707T143943Z_change_author_c03_2026-07-07T14-55-00-000Z",
      "assignment_id": "A_APPLIANCE_20260707T143943Z",
      "agent_id": "change_author_c03",
      "role": "Change Author",
      "return_kind": "OPERATIONAL_REPORT_READY",
      "report_scope": "actionable_report",
      "class_b_authority": "git_tracked_files_only",
      "evidence_model": "evidence_in_report_body",
      "implementation_repository": "/home/strata/workspace/codebase",
      "implementation_commit": "d4669f5",
      "trunk_branch": "main",
      "short_lived_branch": "change/A_APPLIANCE_20260707T143943Z/C01-appliance-cycle",
      "integration_mode": "direct_to_trunk",
      "routing_decision": "OPERATIONAL_REPORT_READY_LEDGERED_NOT_CLASS_B",
      "class_b_entry_path": null,
      "class_b_record_path": null,
      "class_d_diagnostic_path": null,
      "coordination_thread_path": null,
      "ack_path": null,
      "report_ledger_path": "/home/strata/workspace/sctl-workspace/.strata/context/D_trace/return_ledgers/operational_report_ready_index.jsonl",
      "report_path": "/home/strata/workspace/sctl-workspace/.strata/returns/A_APPLIANCE_20260707T143943Z/change_author_c03/operational_report.md",
      "error_dispatch": null,
      "created_at": "2026-07-07T14:50:37.954Z"
    },
    "classification_record_path": "/home/strata/workspace/sctl-workspace/.strata/context/D_trace/return_ledgers/wret_class_packet.json_2026-07-07T14-50-37-954Z.json"
  },
  "errors": [],
  "evidence_paths": [
    "/home/strata/workspace/sctl-workspace/.strata/context/D_trace/return_ledgers/wret_class_packet.json_2026-07-07T14-50-37-954Z.json",
    "/home/strata/workspace/sctl-workspace/.strata/context/D_trace/return_ledgers/operational_report_ready_index.jsonl",
    "/home/strata/workspace/sctl-workspace/.strata/context/D_trace/telemetry/workflow_telemetry.jsonl"
  ],
  "created_at": "2026-07-07T14:50:37.995Z"
}
STATUS[10 classify author return]=0
DIAG[cycle_03.10 classify author return]=OBSERVED | OPERATIONAL_REPORT_READY / OPERATIONAL_REPORT_READY_LEDGERED_NOT_CLASS_B | Return was ledgered, not automatically promoted to Class B.
OPERATIONAL_STAGE[classify_return]=OBSERVED | /home/strata/workspace/runs/A_APPLIANCE_20260707T143943Z_20260707T143943Z/C03_author_classify.json
DIAG[cycle_03.classify_return]=OBSERVED | /home/strata/workspace/runs/A_APPLIANCE_20260707T143943Z_20260707T143943Z/C03_author_classify.json | Change Author return was classified and ledgered.

===== 11 classb commit author report =====
+ node /opt/strata/source_sctl/src/cli.js --workspace /home/strata/workspace/sctl-workspace classb commit --file .strata/context/B/b_a_appliance_20260707t143943z_cycle_03_author_ready.md --message class\ B\ accept\ A_APPLIANCE_20260707T143943Z\ C03\ author\ report
{
  "contract_id": "strata.sctl.result_envelope.v1",
  "tool_id": "sctl.classb.commit_file.v2",
  "ok": true,
  "result": {
    "file": "/home/strata/workspace/sctl-workspace/.strata/context/B/b_a_appliance_20260707t143943z_cycle_03_author_ready.md",
    "sha256": "dcb6c04a9441d6423bdd1984f07c9d06c85b80962535832a3efd65153f53bd9d",
    "git": {
      "command": "git",
      "args": [
        "commit",
        "-m",
        "class B accept A_APPLIANCE_20260707T143943Z C03 author report"
      ],
      "cwd": "/home/strata/workspace/sctl-workspace/.strata/context",
      "status": 0,
      "signal": null,
      "stdout": "[master 9685bc6] class B accept A_APPLIANCE_20260707T143943Z C03 author report\n 3 files changed, 73 insertions(+), 6 deletions(-)\n create mode 100644 B/b_a_appliance_20260707t143943z_cycle_03_author_ready.md\n",
      "stderr": "",
      "ok": true,
      "error": null,
      "commit": "9685bc6"
    },
    "state": {
      "contract_id": "strata.context_state.v2_simplified_runtime",
      "context_epoch": 10,
      "current_context_epoch": 20,
      "context_revision": 29,
      "class_a_revision": 9,
      "class_b_revision": 20,
      "current_class_b_revision": 20,
      "class_b_updates_since_full_refresh": 8,
      "refresh_required": true,
      "refresh_reason": "Class A contract or doctrine update requires fresh full context dispatch",
      "context_update_policy": "class_a_full_latest2_class_b_cycle_math",
      "created_at": "2026-07-06T04:49:04.748Z",
      "updated_at": "2026-07-07T14:50:38.568Z"
    },
    "accepted_class_b_revision": 20
  },
  "errors": [],
  "evidence_paths": [
    "/home/strata/workspace/sctl-workspace/.strata/context/B/b_a_appliance_20260707t143943z_cycle_03_author_ready.md",
    "/home/strata/workspace/sctl-workspace/.strata/context/D_trace/telemetry/workflow_telemetry.jsonl"
  ],
  "created_at": "2026-07-07T14:50:38.612Z"
}
STATUS[11 classb commit author report]=0
DIAG[cycle_03.11]=OBSERVED | Class B revision 19 -> 20 | Author report accepted into Class B and revision incremented exactly once.
OPERATIONAL_STAGE[commit_author_report_class_b]=OBSERVED | .strata/context/B/b_a_appliance_20260707t143943z_cycle_03_author_ready.md
DIAG[cycle_03.commit_author_report_class_b]=OBSERVED | .strata/context/B/b_a_appliance_20260707t143943z_cycle_03_author_ready.md | Author operational report was accepted into Class B.

===== 12 session new reviewer =====
+ env SCTL_RUNTIME_DELEGATE_ROOT=/opt/strata/runtime-delegate SCTL_RUNTIME_DELEGATE_BIN=/opt/strata/runtime-delegate/dist/src/cli.js SCTL_RUNTIME_LAUNCH_CONFIG=/home/strata/workspace/codebase/.strata-runtime/config/launcher_delegate.local.json SCTL_RUNTIME_SESSION_EXTRA_ARGS= /opt/strata/source_sctl/scripts/wsl_tmux/sctl-session-new --workspace /home/strata/workspace/sctl-workspace --assignment-id A_APPLIANCE_20260707T143943Z --role Code\ Reviewer\ /\ QC\ Engineer --id reviewer_c03 --session-mode disposable --cycle-id CYCLE_A_APPLIANCE_20260707T143943Z_2026-07-07T14-39-45-001Z --session-name STRATA-REVIEWER-A_APPLIANCE_20260707T143943Z-C03
adapter_delegate_evidence=.strata-runtime/evidence/delegate_control/session_register/reviewer_c03/2026-07-07_14-50-39-075Z/session_register_result.json
{
  "contract_id": "strata.sctl.result_envelope.v1",
  "tool_id": "sctl.sessions.register.v1",
  "ok": true,
  "result": {
    "session": {
      "contract_id": "strata.class_c.active_session.v3_runtime_registry",
      "role": "Code Reviewer / QC Engineer",
      "id": "reviewer_c03",
      "logical_session_id": "reviewer_c03",
      "session_name": "STRATA-REVIEWER-A_APPLIANCE_20260707T143943Z",
      "runtime_session_name": "STRATA-REVIEWER-A_APPLIANCE_20260707T143943Z",
      "runtime_role": "reviewer",
      "runtime_tmux_target": "STRATA-REVIEWER-A_APPLIANCE_20260707T143943Z",
      "runtime_binding_id": "reviewer_c03",
      "runtime_binding_status": "registered",
      "assignment_id": "A_APPLIANCE_20260707T143943Z",
      "session_mode": "disposable",
      "runtime": "delegate_control_surface",
      "return_dir": ".strata/returns/A_APPLIANCE_20260707T143943Z/reviewer_c03",
      "evidence_dir": ".strata/evidence/sessions/reviewer_c03",
      "delegate_evidence_path": ".strata-runtime/evidence/delegate_control/session_register/reviewer_c03/2026-07-07_14-50-39-075Z/session_register_result.json",
      "termination_policy": "explicit_only",
      "loaded_context_epoch": 20,
      "loaded_class_a_revision": 9,
      "loaded_class_b_revision": 20,
      "status": "active",
      "delivery_mode": "context_envelope_via_runtime_delegate_registry",
      "registered_at": "2026-07-07T14:50:39.543Z"
    },
    "file": "/home/strata/workspace/sctl-workspace/.strata/context/C/sessions/active_sessions.json",
    "git": {
      "command": "git",
      "args": [
        "commit",
        "-m",
        "session register A_APPLIANCE_20260707T143943Z reviewer_c03"
      ],
      "cwd": "/home/strata/workspace/sctl-workspace/.strata/context",
      "status": 0,
      "signal": null,
      "stdout": "[master 47d4220] session register A_APPLIANCE_20260707T143943Z reviewer_c03\n 2 files changed, 27 insertions(+), 1 deletion(-)\n",
      "stderr": "",
      "ok": true,
      "error": null,
      "commit": "47d4220"
    }
  },
  "errors": [],
  "evidence_paths": [
    "/home/strata/workspace/sctl-workspace/.strata/context/C/sessions/active_sessions.json",
    "/home/strata/workspace/sctl-workspace/.strata/context/D_trace/telemetry/workflow_telemetry.jsonl"
  ],
  "created_at": "2026-07-07T14:50:39.603Z"
}
STATUS[12 session new reviewer]=0
DIAG[cycle_03.12.session_target]=OBSERVED | STRATA-REVIEWER-A_APPLIANCE_20260707T143943Z | Runtime session name was resolved from the adapter registry; no synthetic SCTL id is used for runtime targeting.
DIAG[cycle_03.12]=OBSERVED | reviewer_c03 active disposable | Fresh reviewer session for C03 was recorded in SCTL Git through the adapter boundary.
OPERATIONAL_STAGE[register_align_reviewer_session]=OBSERVED | reviewer_c03 -> STRATA-REVIEWER-A_APPLIANCE_20260707T143943Z
DIAG[cycle_03.register_align_reviewer_session]=OBSERVED | reviewer_c03 -> STRATA-REVIEWER-A_APPLIANCE_20260707T143943Z | Reviewer session was registered and aligned through the runtime delegate adapter boundary.
DIAG[cycle_03.13.work_order]=SKIPPED | .strata/context/B/b_a_appliance_20260707t143943z_cycle_03_author_ready.md | Reviewer dispatch is a canonical context envelope; no reviewer-specific work-order body is materialized by the harness.
DIAG[cycle_03.13]=SKIPPED | .strata/context/B/b_a_appliance_20260707t143943z_cycle_03_author_ready.md | No Class C reviewer message is generated; review assignment is selected by target role and current context picture.

===== 14 review dispatch render =====
+ /opt/strata/source_sctl/scripts/wsl_tmux/sctl-dispatch-render --workspace /home/strata/workspace/sctl-workspace --assignment-id A_APPLIANCE_20260707T143943Z --nonce N_REVIEW_C03 --from-role Delegated\ Coordinator --from-id delegated_coordinator_001 --target-role Code\ Reviewer\ /\ QC\ Engineer --target-id reviewer_c03 --target-session STRATA-REVIEWER-A_APPLIANCE_20260707T143943Z --summary Flowmap\ 02\ C03\ code\ review\ request --class-b-latest 2 --related-class-b .strata/context/B/b_a_appliance_20260707t143943z_cycle_03_author_ready.md --source-context-class B --source-context-path .strata/context/B/b_a_appliance_20260707t143943z_cycle_03_author_ready.md --codebase-repo /home/strata/workspace/codebase --trunk-branch main --change-branch change/A_APPLIANCE_20260707T143943Z/C03-appliance-cycle --short-name appliance-cycle --declared-file CODEBASE_REPO:/home/strata/workspace/codebase --declared-file TRUNK_BRANCH:main --declared-file CHANGE_BRANCH:change/A_APPLIANCE_20260707T143943Z/C03-appliance-cycle
{
  "contract_id": "strata.sctl.result_envelope.v1",
  "tool_id": "sctl.dispatch.record.v3",
  "ok": true,
  "result": {
    "outbox": {
      "dir": "/home/strata/workspace/sctl-workspace/.strata/dispatch_outbox/A_APPLIANCE_20260707T143943Z/reviewer_c03/N_REVIEW_C03",
      "packetJsonPath": "/home/strata/workspace/sctl-workspace/.strata/dispatch_outbox/A_APPLIANCE_20260707T143943Z/reviewer_c03/N_REVIEW_C03/dispatch_packet.json",
      "packetMdPath": "/home/strata/workspace/sctl-workspace/.strata/dispatch_outbox/A_APPLIANCE_20260707T143943Z/reviewer_c03/N_REVIEW_C03/dispatch_packet.md",
      "manifestPath": "/home/strata/workspace/sctl-workspace/.strata/dispatch_outbox/A_APPLIANCE_20260707T143943Z/reviewer_c03/N_REVIEW_C03/manifest.json"
    },
    "git_snapshot": {
      "dir": "/home/strata/workspace/sctl-workspace/.strata/context/D_trace/dispatch_packets/A_APPLIANCE_20260707T143943Z/reviewer_c03/N_REVIEW_C03",
      "packetJsonPath": "/home/strata/workspace/sctl-workspace/.strata/context/D_trace/dispatch_packets/A_APPLIANCE_20260707T143943Z/reviewer_c03/N_REVIEW_C03/dispatch_packet.json",
      "packetMdPath": "/home/strata/workspace/sctl-workspace/.strata/context/D_trace/dispatch_packets/A_APPLIANCE_20260707T143943Z/reviewer_c03/N_REVIEW_C03/dispatch_packet.md",
      "manifestPath": "/home/strata/workspace/sctl-workspace/.strata/context/D_trace/dispatch_packets/A_APPLIANCE_20260707T143943Z/reviewer_c03/N_REVIEW_C03/manifest.json"
    },
    "dispatch_log_path": "/home/strata/workspace/sctl-workspace/.strata/context/D_trace/dispatch_log/a_appliance_20260707t143943z_n_review_c03_reviewer_c03.json",
    "tester_entrypoint": {
      "packet_markdown": "/home/strata/workspace/sctl-workspace/.strata/dispatch_outbox/A_APPLIANCE_20260707T143943Z/reviewer_c03/N_REVIEW_C03/dispatch_packet.md",
      "metadata_json": "/home/strata/workspace/sctl-workspace/.strata/dispatch_outbox/A_APPLIANCE_20260707T143943Z/reviewer_c03/N_REVIEW_C03/dispatch_packet.json",
      "dispatch_log": "/home/strata/workspace/sctl-workspace/.strata/context/D_trace/dispatch_log/a_appliance_20260707t143943z_n_review_c03_reviewer_c03.json",
      "suggested_delivery_command": "strata-runtime-edge delegate dispatch-deliver --session-id reviewer_c03 --packet /home/strata/workspace/sctl-workspace/.strata/dispatch_outbox/A_APPLIANCE_20260707T143943Z/reviewer_c03/N_REVIEW_C03/dispatch_packet.md --workspace /home/strata/workspace/sctl-workspace"
    },
    "notice_count": 0,
    "git": {
      "command": "git",
      "args": [
        "commit",
        "-m",
        "dispatch record A_APPLIANCE_20260707T143943Z N_REVIEW_C03"
      ],
      "cwd": "/home/strata/workspace/sctl-workspace/.strata/context",
      "status": 0,
      "signal": null,
      "stdout": "[master 2c20cf5] dispatch record A_APPLIANCE_20260707T143943Z N_REVIEW_C03\n 8 files changed, 781 insertions(+)\n create mode 100644 D_trace/dispatch_log/a_appliance_20260707t143943z_n_review_c03_reviewer_c03.json\n create mode 100644 D_trace/dispatch_packets/A_APPLIANCE_20260707T143943Z/reviewer_c03/N_REVIEW_C03/context_export/context.md\n create mode 100644 D_trace/dispatch_packets/A_APPLIANCE_20260707T143943Z/reviewer_c03/N_REVIEW_C03/context_export/manifest.json\n create mode 100644 D_trace/dispatch_packets/A_APPLIANCE_20260707T143943Z/reviewer_c03/N_REVIEW_C03/context_export/source_index.json\n create mode 100644 D_trace/dispatch_packets/A_APPLIANCE_20260707T143943Z/reviewer_c03/N_REVIEW_C03/dispatch_packet.json\n create mode 100644 D_trace/dispatch_packets/A_APPLIANCE_20260707T143943Z/reviewer_c03/N_REVIEW_C03/dispatch_packet.md\n create mode 100644 D_trace/dispatch_packets/A_APPLIANCE_20260707T143943Z/reviewer_c03/N_REVIEW_C03/manifest.json\n",
      "stderr": "",
      "ok": true,
      "error": null,
      "commit": "2c20cf5"
    },
    "packet": {
      "contract_id": "strata.dispatch.packet.v3_context_envelope",
      "dispatch_format": "sctl.context_dispatch_envelope.v1",
      "envelope_type": "sctl_dispatch",
      "envelope_title": "# SCTL Dispatch Envelope",
      "dispatch_kind": "SCTL_CONTEXT_COMMIT",
      "assignment_id": "A_APPLIANCE_20260707T143943Z",
      "nonce": "N_REVIEW_C03",
      "from": {
        "role": "Delegated Coordinator",
        "id": "delegated_coordinator_001"
      },
      "to": {
        "role": "Code Reviewer / QC Engineer",
        "id": "reviewer_c03",
        "session": "STRATA-REVIEWER-A_APPLIANCE_20260707T143943Z"
      },
      "fixed_header": "A codebase change has been made by Change Author. The task definitions, overall architecture, and task progress can be reviewed in the context picture. Review the most recent code changes, make merge/deny decision, and submit your work via assigned path.",
      "dispatch_envelope_template": {
        "path": "templates/dispatch/deterministic_dispatch_envelope.template.md",
        "absolute_path": "/opt/strata/source_sctl/templates/dispatch/deterministic_dispatch_envelope.template.md",
        "sha256": "c9aec961a68ee4e6702edb2c9c6ece0b933c7db3b9e56914d05bb773c3c55376"
      },
      "pasted_body_metadata_policy": "assignment_id_only",
      "source_context": {
        "trigger": "SCTL_CONTEXT_COMMIT",
        "class": "B",
        "path": ".strata/context/B/b_a_appliance_20260707t143943z_cycle_03_author_ready.md",
        "sha256": null,
        "git_commit": null
      },
      "related_class_b": [
        ".strata/context/B/b_a_appliance_20260707t143943z_cycle_03_author_ready.md"
      ],
      "declared_files": [
        "CODEBASE_REPO:/home/strata/workspace/codebase",
        "TRUNK_BRANCH:main",
        "CHANGE_BRANCH:change/A_APPLIANCE_20260707T143943Z/C03-appliance-cycle"
      ],
      "class_c_message_path": null,
      "class_c_message_sha256": null,
      "submission_templates": [
        {
          "path": "templates/packets/worker_return_packet.operational_report_ready.template.json",
          "absolute_path": "/opt/strata/source_sctl/templates/packets/worker_return_packet.operational_report_ready.template.json",
          "sha256": "68f2b259ca41dbe83eb1b08676bec3d7328fbceb511dc8c5781849323b116960"
        },
        {
          "path": "templates/reports/review_outcome.template.md",
          "absolute_path": "/opt/strata/source_sctl/templates/reports/review_outcome.template.md",
          "sha256": "f8ec98e53cd0826bed0b402d0fb9992d24555334ba85be89eed15b3320bb6e54"
        }
      ],
      "context_export": {
        "markdown_path": "/home/strata/workspace/sctl-workspace/.strata/context/D_trace/dispatch_packets/A_APPLIANCE_20260707T143943Z/reviewer_c03/N_REVIEW_C03/context_export/context.md",
        "source_index_path": "/home/strata/workspace/sctl-workspace/.strata/context/D_trace/dispatch_packets/A_APPLIANCE_20260707T143943Z/reviewer_c03/N_REVIEW_C03/context_export/source_index.json",
        "manifest_path": "/home/strata/workspace/sctl-workspace/.strata/context/D_trace/dispatch_packets/A_APPLIANCE_20260707T143943Z/reviewer_c03/N_REVIEW_C03/context_export/manifest.json",
        "source_count": 3,
        "include_classes": [
          "A",
          "B"
        ],
        "since_class_b_revision": null,
        "class_b_latest": 2,
        "class_b_filter": "latest_2",
        "class_b_context_policy": "latest_2",
        "empty_context_valid": true
      },
      "runtime_delivery": "delegate_dispatch_deliver_contract",
      "dispatch_delivery_owner": "runtime_delegate_contract",
      "dispatch_to_git_is_primary_evidence": false,
      "runtime_operational_log_is_primary_delivery_evidence": true,
      "chatbox_inspection_required": false,
      "session_policy": "persistent_registry_explicit_release_no_auto_kill",
      "created_at": "2026-07-07T14:50:40.598Z",
      "markdown_sha256": "bbe7eb63e7cdd65531179a3564d595215c67cef7d90fc3010ee6d732a71cb72b",
      "injection_result": null,
      "context_state": {
        "contract_id": "strata.context_state.v2_simplified_runtime",
        "context_epoch": 10,
        "current_context_epoch": 20,
        "context_revision": 29,
        "class_a_revision": 9,
        "class_b_revision": 20,
        "current_class_b_revision": 20,
        "class_b_updates_since_full_refresh": 8,
        "refresh_required": true,
        "refresh_reason": "Class A contract or doctrine update requires fresh full context dispatch",
        "context_update_policy": "class_a_full_latest2_class_b_cycle_math",
        "created_at": "2026-07-06T04:49:04.748Z",
        "updated_at": "2026-07-07T14:50:38.568Z"
      }
    }
  },
  "errors": [],
  "evidence_paths": [
    "/home/strata/workspace/sctl-workspace/.strata/dispatch_outbox/A_APPLIANCE_20260707T143943Z/reviewer_c03/N_REVIEW_C03/dispatch_packet.json",
    "/home/strata/workspace/sctl-workspace/.strata/dispatch_outbox/A_APPLIANCE_20260707T143943Z/reviewer_c03/N_REVIEW_C03/dispatch_packet.md",
    "/home/strata/workspace/sctl-workspace/.strata/dispatch_outbox/A_APPLIANCE_20260707T143943Z/reviewer_c03/N_REVIEW_C03/manifest.json",
    "/home/strata/workspace/sctl-workspace/.strata/context/D_trace/dispatch_packets/A_APPLIANCE_20260707T143943Z/reviewer_c03/N_REVIEW_C03/dispatch_packet.json",
    "/home/strata/workspace/sctl-workspace/.strata/context/D_trace/dispatch_packets/A_APPLIANCE_20260707T143943Z/reviewer_c03/N_REVIEW_C03/dispatch_packet.md",
    "/home/strata/workspace/sctl-workspace/.strata/context/D_trace/dispatch_packets/A_APPLIANCE_20260707T143943Z/reviewer_c03/N_REVIEW_C03/manifest.json",
    "/home/strata/workspace/sctl-workspace/.strata/context/D_trace/dispatch_packets/A_APPLIANCE_20260707T143943Z/reviewer_c03/N_REVIEW_C03/context_export/context.md",
    "/home/strata/workspace/sctl-workspace/.strata/context/D_trace/dispatch_packets/A_APPLIANCE_20260707T143943Z/reviewer_c03/N_REVIEW_C03/context_export/source_index.json",
    "/home/strata/workspace/sctl-workspace/.strata/context/D_trace/dispatch_packets/A_APPLIANCE_20260707T143943Z/reviewer_c03/N_REVIEW_C03/context_export/manifest.json",
    "/home/strata/workspace/sctl-workspace/.strata/context/D_trace/dispatch_log/a_appliance_20260707t143943z_n_review_c03_reviewer_c03.json",
    "/home/strata/workspace/sctl-workspace/.strata/context/D_trace/telemetry/workflow_telemetry.jsonl"
  ],
  "created_at": "2026-07-07T14:50:40.666Z"
}
STATUS[14 review dispatch render]=0
DIAG[cycle_03.14]=OBSERVED | /home/strata/workspace/sctl-workspace/.strata/context/D_trace/dispatch_packets/A_APPLIANCE_20260707T143943Z/reviewer_c03/N_REVIEW_C03/dispatch_packet.md | Packet contains fixed envelope input and context export headline.

===== context export cycle_03/reviewer_dispatch =====
+ node /opt/strata/source_sctl/src/cli.js --workspace /home/strata/workspace/sctl-workspace context export-markdown --include-classes A\,B --class-b-latest 2 --out /home/strata/workspace/runs/A_APPLIANCE_20260707T143943Z_20260707T143943Z/context_exports/cycle_03/reviewer_dispatch
{
  "contract_id": "strata.sctl.result_envelope.v1",
  "tool_id": "sctl.context.export_markdown.v2",
  "ok": true,
  "result": {
    "out_dir": "/home/strata/workspace/runs/A_APPLIANCE_20260707T143943Z_20260707T143943Z/context_exports/cycle_03/reviewer_dispatch",
    "markdown_path": "/home/strata/workspace/runs/A_APPLIANCE_20260707T143943Z_20260707T143943Z/context_exports/cycle_03/reviewer_dispatch/context.md",
    "source_index_path": "/home/strata/workspace/runs/A_APPLIANCE_20260707T143943Z_20260707T143943Z/context_exports/cycle_03/reviewer_dispatch/source_index.json",
    "manifest_path": "/home/strata/workspace/runs/A_APPLIANCE_20260707T143943Z_20260707T143943Z/context_exports/cycle_03/reviewer_dispatch/manifest.json",
    "source_count": 3,
    "state": {
      "contract_id": "strata.context_state.v2_simplified_runtime",
      "context_epoch": 10,
      "current_context_epoch": 20,
      "context_revision": 29,
      "class_a_revision": 9,
      "class_b_revision": 20,
      "current_class_b_revision": 20,
      "class_b_updates_since_full_refresh": 8,
      "refresh_required": true,
      "refresh_reason": "Class A contract or doctrine update requires fresh full context dispatch",
      "context_update_policy": "class_a_full_latest2_class_b_cycle_math",
      "created_at": "2026-07-06T04:49:04.748Z",
      "updated_at": "2026-07-07T14:50:38.568Z"
    },
    "include_classes": [
      "A",
      "B"
    ],
    "since_class_b_revision": null,
    "class_b_latest": 2,
    "class_b_filter": "latest_2"
  },
  "errors": [],
  "evidence_paths": [
    "/home/strata/workspace/runs/A_APPLIANCE_20260707T143943Z_20260707T143943Z/context_exports/cycle_03/reviewer_dispatch/context.md",
    "/home/strata/workspace/runs/A_APPLIANCE_20260707T143943Z_20260707T143943Z/context_exports/cycle_03/reviewer_dispatch/source_index.json",
    "/home/strata/workspace/runs/A_APPLIANCE_20260707T143943Z_20260707T143943Z/context_exports/cycle_03/reviewer_dispatch/manifest.json"
  ],
  "created_at": "2026-07-07T14:50:40.914Z"
}
STATUS[context export cycle_03/reviewer_dispatch]=0
FULL_CONTEXT_EXPORT[cycle_03/reviewer_dispatch]=/home/strata/workspace/runs/A_APPLIANCE_20260707T143943Z_20260707T143943Z/context_exports/cycle_03/reviewer_dispatch/context.md
DIAG[cycle_03.context_export.reviewer_dispatch]=OBSERVED | /home/strata/workspace/runs/A_APPLIANCE_20260707T143943Z_20260707T143943Z/context_exports/cycle_03/reviewer_dispatch/context.md | Standalone Class A plus latest Class B context export written outside the pasted dispatch packet and outside the operational log body.

===== 15 reviewer dispatch inject =====
+ env SCTL_RUNTIME_DELEGATE_ROOT=/opt/strata/runtime-delegate SCTL_RUNTIME_DELEGATE_BIN=/opt/strata/runtime-delegate/dist/src/cli.js /opt/strata/source_sctl/scripts/wsl_tmux/sctl-dispatch-inject --workspace /home/strata/workspace/sctl-workspace --assignment-id A_APPLIANCE_20260707T143943Z --id reviewer_c03 --session STRATA-REVIEWER-A_APPLIANCE_20260707T143943Z --packet /home/strata/workspace/sctl-workspace/.strata/context/D_trace/dispatch_packets/A_APPLIANCE_20260707T143943Z/reviewer_c03/N_REVIEW_C03/dispatch_packet.md --paste-delay 5 --no-tab
{
  "ok": true,
  "runtime": "tmux_codex_cli",
  "operation": "dispatch_delivery",
  "session_id": "reviewer_c03",
  "runtime_session_name": "STRATA-REVIEWER-A_APPLIANCE_20260707T143943Z",
  "tmux_target": "STRATA-REVIEWER-A_APPLIANCE_20260707T143943Z",
  "packet_path": ".strata/context/D_trace/dispatch_packets/A_APPLIANCE_20260707T143943Z/reviewer_c03/N_REVIEW_C03/dispatch_packet.md",
  "packet_sha256": "bbe7eb63e7cdd65531179a3564d595215c67cef7d90fc3010ee6d732a71cb72b",
  "evidence_path": ".strata-runtime/evidence/delegate_control/dispatch_delivery/reviewer_c03/2026-07-07_14-50-46-178Z/dispatch_delivery_result.json",
  "timestamp": "2026-07-07T14:50:46.178Z",
  "error": null
}
STATUS[15 reviewer dispatch inject]=0
DIAG[cycle_03.15]=OBSERVED | STRATA-REVIEWER-A_APPLIANCE_20260707T143943Z injected | Reviewer packet was injected through adapter.

===== 16 reviewer session capture =====
+ env SCTL_RUNTIME_DELEGATE_ROOT=/opt/strata/runtime-delegate SCTL_RUNTIME_DELEGATE_BIN=/opt/strata/runtime-delegate/dist/src/cli.js /opt/strata/source_sctl/scripts/wsl_tmux/sctl-session-capture --workspace /home/strata/workspace/sctl-workspace --assignment-id A_APPLIANCE_20260707T143943Z --id reviewer_c03 --session STRATA-REVIEWER-A_APPLIANCE_20260707T143943Z --out /home/strata/workspace/sctl-workspace/.strata/evidence/session_captures/STRATA-REVIEWER-A_APPLIANCE_20260707T143943Z.txt --lines 200
{
  "ok": true,
  "runtime": "tmux_codex_cli",
  "operation": "session_capture",
  "session_id": "reviewer_c03",
  "tmux_target": "STRATA-REVIEWER-A_APPLIANCE_20260707T143943Z",
  "capture_path": ".strata-runtime/evidence/delegate_control/session_capture/reviewer_c03/2026-07-07_14-50-46-457Z/pane_capture.txt",
  "evidence_path": ".strata-runtime/evidence/delegate_control/session_capture/reviewer_c03/2026-07-07_14-50-46-457Z/session_capture_result.json",
  "timestamp": "2026-07-07T14:50:46.457Z"
}
STATUS[16 reviewer session capture]=0
DIAG[cycle_03.16]=OBSERVED | STRATA-REVIEWER-A_APPLIANCE_20260707T143943Z capture attempted | Reviewer session capture evidence was requested.

===== 17 wait for return =====
waiting up to 360s for /home/strata/workspace/sctl-workspace/.strata/returns/A_APPLIANCE_20260707T143943Z/reviewer_c03/packet.json
STATUS[17 wait for return]=0
DIAG[cycle_03.17.wait]=OBSERVED | /home/strata/workspace/sctl-workspace/.strata/returns/A_APPLIANCE_20260707T143943Z/reviewer_c03/packet.json | Worker return packet and operational report appeared without harness simulation.

===== 17 classify reviewer return =====
+ node /opt/strata/source_sctl/src/cli.js --workspace /home/strata/workspace/sctl-workspace returns classify --packet .strata/returns/A_APPLIANCE_20260707T143943Z/reviewer_c03/packet.json
{
  "contract_id": "strata.sctl.result_envelope.v1",
  "tool_id": "sctl.returns.classify.v1",
  "ok": true,
  "result": {
    "classification": {
      "contract_id": "strata.worker_return_classification.v6_context_git",
      "classification_id": "wret_class_packet.json_2026-07-07T14-51-22-137Z",
      "packet_path": "/home/strata/workspace/sctl-workspace/.strata/returns/A_APPLIANCE_20260707T143943Z/reviewer_c03/packet.json",
      "packet_sha256": "42a2ba052a2e8c4babc6a82f8cdc7900eab3f4eb3979d063e6338bfa46530250",
      "valid_packet": true,
      "errors": [],
      "return_id": "ret_A_APPLIANCE_20260707T143943Z_reviewer_c03_20260707T145500Z",
      "assignment_id": "A_APPLIANCE_20260707T143943Z",
      "agent_id": "reviewer_c03",
      "role": "Reviewer / QC Engineer",
      "return_kind": "OPERATIONAL_REPORT_READY",
      "report_scope": "review_outcome",
      "class_b_authority": "git_tracked_files_only",
      "evidence_model": "evidence_in_report_body",
      "implementation_repository": "/home/strata/workspace/codebase",
      "implementation_commit": "d4669f5",
      "trunk_branch": "main",
      "short_lived_branch": "change/A_APPLIANCE_20260707T143943Z/C01-appliance-cycle",
      "integration_mode": "direct_to_trunk",
      "routing_decision": "OPERATIONAL_REPORT_READY_LEDGERED_NOT_CLASS_B",
      "class_b_entry_path": null,
      "class_b_record_path": null,
      "class_d_diagnostic_path": null,
      "coordination_thread_path": null,
      "ack_path": null,
      "report_ledger_path": "/home/strata/workspace/sctl-workspace/.strata/context/D_trace/return_ledgers/operational_report_ready_index.jsonl",
      "report_path": "/home/strata/workspace/sctl-workspace/.strata/returns/A_APPLIANCE_20260707T143943Z/reviewer_c03/operational_report.md",
      "error_dispatch": null,
      "created_at": "2026-07-07T14:51:22.137Z"
    },
    "classification_record_path": "/home/strata/workspace/sctl-workspace/.strata/context/D_trace/return_ledgers/wret_class_packet.json_2026-07-07T14-51-22-137Z.json"
  },
  "errors": [],
  "evidence_paths": [
    "/home/strata/workspace/sctl-workspace/.strata/context/D_trace/return_ledgers/wret_class_packet.json_2026-07-07T14-51-22-137Z.json",
    "/home/strata/workspace/sctl-workspace/.strata/context/D_trace/return_ledgers/operational_report_ready_index.jsonl",
    "/home/strata/workspace/sctl-workspace/.strata/context/D_trace/telemetry/workflow_telemetry.jsonl"
  ],
  "created_at": "2026-07-07T14:51:22.177Z"
}
STATUS[17 classify reviewer return]=0
DIAG[cycle_03.17 classify reviewer return]=OBSERVED | OPERATIONAL_REPORT_READY / OPERATIONAL_REPORT_READY_LEDGERED_NOT_CLASS_B | Return was ledgered, not automatically promoted to Class B.
DIAG[cycle_03.17.review_result]=OBSERVED | approved | Reviewer outcome recorded; only approved gates CI and merge. Cycle continues to coordinator regardless.
OPERATIONAL_STAGE[infer_review_result]=OBSERVED | approved
DIAG[cycle_03.infer_review_result]=OBSERVED | approved | Reviewer recommendation is available for the final outcome.

===== 19 final outcome classb put =====
+ node /opt/strata/source_sctl/src/cli.js --workspace /home/strata/workspace/sctl-workspace classb put --id B_A_APPLIANCE_20260707T143943Z_C03_MERGE_OUTCOME --title A_APPLIANCE_20260707T143943Z\ C03\ approved\ outcome --assignment-id A_APPLIANCE_20260707T143943Z --agent-id delegated_coordinator_001 --role Delegated\ Coordinator --scope review_outcome --summary Cycle\ C03\ reviewer\ outcome:\ approved\;\ final\ integration\ outcome:\ approved. --progress-delta Flowmap\ 02\ routed\ delegated\ coordinator\ intent\ through\ disposable\ author\ and\ reviewer\ sessions\ for\ C03. --trunk-integration Codebase\ repo:\ /home/strata/workspace/codebase\;\ trunk:\ main\;\ branch:\ change/A_APPLIANCE_20260707T143943Z/C03-appliance-cycle.\ Branch\ lifecycle\ is\ owned\ by\ the\ agents\,\ not\ the\ harness. --verification Reviewer\ return\ classified.\ Review\ result:\ approved. --evidence-detail Author\ packet:\ .strata/context/D_trace/dispatch_packets/A_APPLIANCE_20260707T143943Z/change_author_c03/N_AUTHOR_C03/dispatch_packet.md\;\ review\ packet:\ .strata/context/D_trace/dispatch_packets/A_APPLIANCE_20260707T143943Z/reviewer_c03/N_REVIEW_C03/dispatch_packet.md\;\ return\ ledgers:\ .strata/context/D_trace/return_ledgers/. --risks If\ final\ integration\ outcome\ is\ not\ merged\,\ inspect\ CI/merge\ diagnostics\ before\ selecting\ the\ next\ change. --next-action Refresh\ Delegated\ Coordinator\ context\ and\ resolve\ any\ non-merged\ integration\ outcome\ before\ selecting\ the\ next\ small\ change.
{
  "contract_id": "strata.sctl.result_envelope.v1",
  "tool_id": "sctl.classb.put_file.v2",
  "ok": true,
  "result": {
    "id": "B_A_APPLIANCE_20260707T143943Z_C03_MERGE_OUTCOME",
    "file": "/home/strata/workspace/sctl-workspace/.strata/context/B/b_a_appliance_20260707t143943z_c03_merge_outcome.md",
    "scope": "review_outcome",
    "assignment_id": "A_APPLIANCE_20260707T143943Z",
    "git": {
      "command": "git",
      "args": [
        "commit",
        "-m",
        "class B report put B_A_APPLIANCE_20260707T143943Z_C03_MERGE_OUTCOME"
      ],
      "cwd": "/home/strata/workspace/sctl-workspace/.strata/context",
      "status": 0,
      "signal": null,
      "stdout": "[master 538bded] class B report put B_A_APPLIANCE_20260707T143943Z_C03_MERGE_OUTCOME\n 3 files changed, 53 insertions(+), 6 deletions(-)\n create mode 100644 B/b_a_appliance_20260707t143943z_c03_merge_outcome.md\n",
      "stderr": "",
      "ok": true,
      "error": null,
      "commit": "538bded"
    },
    "state": {
      "contract_id": "strata.context_state.v2_simplified_runtime",
      "context_epoch": 10,
      "current_context_epoch": 21,
      "context_revision": 30,
      "class_a_revision": 9,
      "class_b_revision": 21,
      "current_class_b_revision": 21,
      "class_b_updates_since_full_refresh": 9,
      "refresh_required": true,
      "refresh_reason": "Class A contract or doctrine update requires fresh full context dispatch",
      "context_update_policy": "class_a_full_latest2_class_b_cycle_math",
      "created_at": "2026-07-06T04:49:04.748Z",
      "updated_at": "2026-07-07T14:51:22.851Z"
    },
    "accepted_class_b_revision": 21
  },
  "errors": [],
  "evidence_paths": [
    "/home/strata/workspace/sctl-workspace/.strata/context/B/b_a_appliance_20260707t143943z_c03_merge_outcome.md",
    "/home/strata/workspace/sctl-workspace/.strata/context/D_trace/telemetry/workflow_telemetry.jsonl"
  ],
  "created_at": "2026-07-07T14:51:22.891Z"
}
STATUS[19 final outcome classb put]=0
DIAG[cycle_03.19]=OBSERVED | Class B revision 20 -> 21 | Final outcome entered Class B.
OPERATIONAL_STAGE[commit_final_outcome]=OBSERVED | /home/strata/workspace/sctl-workspace/.strata/context/B/b_a_appliance_20260707t143943z_c03_merge_outcome.md
DIAG[cycle_03.commit_final_outcome]=OBSERVED | /home/strata/workspace/sctl-workspace/.strata/context/B/b_a_appliance_20260707t143943z_c03_merge_outcome.md | Final cycle outcome was committed to Class B.

===== 20 retire change author =====
+ env SCTL_RUNTIME_DELEGATE_ROOT=/opt/strata/runtime-delegate SCTL_RUNTIME_DELEGATE_BIN=/opt/strata/runtime-delegate/dist/src/cli.js /opt/strata/source_sctl/scripts/wsl_tmux/sctl-session-retire --workspace /home/strata/workspace/sctl-workspace --assignment-id A_APPLIANCE_20260707T143943Z --id change_author_c03 --session STRATA-CODER-A_APPLIANCE_20260707T143943Z --status released --reason Flowmap\ 02\ C03\ Change\ Author\ cycle\ completed\;\ runtime\ left\ alive
adapter_runtime_status=runtime_left_alive_explicit_only session_id=change_author_c03
{
  "contract_id": "strata.sctl.result_envelope.v1",
  "tool_id": "sctl.sessions.release.v1",
  "ok": true,
  "result": {
    "id": "change_author_c03",
    "assignment_id": "A_APPLIANCE_20260707T143943Z",
    "status": "released",
    "runtime_left_alive": true,
    "file": "/home/strata/workspace/sctl-workspace/.strata/context/C/sessions/active_sessions.json",
    "lifecycle_path": "/home/strata/workspace/sctl-workspace/.strata/context/C/sessions/lifecycle/a_appliance_20260707t143943z_change_author_c03_released_2026-07-07t14-51-23-349z.json",
    "git": {
      "command": "git",
      "args": [
        "commit",
        "-m",
        "session release A_APPLIANCE_20260707T143943Z change_author_c03"
      ],
      "cwd": "/home/strata/workspace/sctl-workspace/.strata/context",
      "status": 0,
      "signal": null,
      "stdout": "[master f82446d] session release A_APPLIANCE_20260707T143943Z change_author_c03\n 3 files changed, 18 insertions(+), 4 deletions(-)\n create mode 100644 C/sessions/lifecycle/a_appliance_20260707t143943z_change_author_c03_released_2026-07-07t14-51-23-349z.json\n",
      "stderr": "",
      "ok": true,
      "error": null,
      "commit": "f82446d"
    }
  },
  "errors": [],
  "evidence_paths": [
    "/home/strata/workspace/sctl-workspace/.strata/context/C/sessions/active_sessions.json",
    "/home/strata/workspace/sctl-workspace/.strata/context/C/sessions/lifecycle/a_appliance_20260707t143943z_change_author_c03_released_2026-07-07t14-51-23-349z.json",
    "/home/strata/workspace/sctl-workspace/.strata/context/D_trace/telemetry/workflow_telemetry.jsonl"
  ],
  "created_at": "2026-07-07T14:51:23.391Z"
}
STATUS[20 retire change author]=0

===== 20 retire reviewer =====
+ env SCTL_RUNTIME_DELEGATE_ROOT=/opt/strata/runtime-delegate SCTL_RUNTIME_DELEGATE_BIN=/opt/strata/runtime-delegate/dist/src/cli.js /opt/strata/source_sctl/scripts/wsl_tmux/sctl-session-retire --workspace /home/strata/workspace/sctl-workspace --assignment-id A_APPLIANCE_20260707T143943Z --id reviewer_c03 --session STRATA-REVIEWER-A_APPLIANCE_20260707T143943Z --status released --reason Flowmap\ 02\ C03\ review\ cycle\ completed\;\ runtime\ left\ alive
adapter_runtime_status=runtime_left_alive_explicit_only session_id=reviewer_c03
{
  "contract_id": "strata.sctl.result_envelope.v1",
  "tool_id": "sctl.sessions.release.v1",
  "ok": true,
  "result": {
    "id": "reviewer_c03",
    "assignment_id": "A_APPLIANCE_20260707T143943Z",
    "status": "released",
    "runtime_left_alive": true,
    "file": "/home/strata/workspace/sctl-workspace/.strata/context/C/sessions/active_sessions.json",
    "lifecycle_path": "/home/strata/workspace/sctl-workspace/.strata/context/C/sessions/lifecycle/a_appliance_20260707t143943z_reviewer_c03_released_2026-07-07t14-51-23-464z.json",
    "git": {
      "command": "git",
      "args": [
        "commit",
        "-m",
        "session release A_APPLIANCE_20260707T143943Z reviewer_c03"
      ],
      "cwd": "/home/strata/workspace/sctl-workspace/.strata/context",
      "status": 0,
      "signal": null,
      "stdout": "[master a16ec85] session release A_APPLIANCE_20260707T143943Z reviewer_c03\n 3 files changed, 17 insertions(+), 3 deletions(-)\n create mode 100644 C/sessions/lifecycle/a_appliance_20260707t143943z_reviewer_c03_released_2026-07-07t14-51-23-464z.json\n",
      "stderr": "",
      "ok": true,
      "error": null,
      "commit": "a16ec85"
    }
  },
  "errors": [],
  "evidence_paths": [
    "/home/strata/workspace/sctl-workspace/.strata/context/C/sessions/active_sessions.json",
    "/home/strata/workspace/sctl-workspace/.strata/context/C/sessions/lifecycle/a_appliance_20260707t143943z_reviewer_c03_released_2026-07-07t14-51-23-464z.json",
    "/home/strata/workspace/sctl-workspace/.strata/context/D_trace/telemetry/workflow_telemetry.jsonl"
  ],
  "created_at": "2026-07-07T14:51:23.502Z"
}
STATUS[20 retire reviewer]=0
DIAG[cycle_03.20]=OBSERVED | disposable sessions logically retired | Author and reviewer lifecycle closure was recorded through SCTL. Runtime sessions remain alive unless explicit operator cleanup is requested.
OPERATIONAL_STAGE[retire_disposable_sessions]=OBSERVED | change_author_c03 and reviewer_c03 released
DIAG[cycle_03.retire_disposable_sessions]=OBSERVED | change_author_c03 and reviewer_c03 released | Disposable logical sessions were released without killing runtime sessions.

===== 21 coordinator context latest2 cycle_03/coordinator_refresh_latest2 =====
+ node /opt/strata/source_sctl/src/cli.js --workspace /home/strata/workspace/sctl-workspace context export-markdown --include-classes A\,B --class-b-latest 2 --out /home/strata/workspace/runs/A_APPLIANCE_20260707T143943Z_20260707T143943Z/context_exports/cycle_03/coordinator_refresh_latest2
{
  "contract_id": "strata.sctl.result_envelope.v1",
  "tool_id": "sctl.context.export_markdown.v2",
  "ok": true,
  "result": {
    "out_dir": "/home/strata/workspace/runs/A_APPLIANCE_20260707T143943Z_20260707T143943Z/context_exports/cycle_03/coordinator_refresh_latest2",
    "markdown_path": "/home/strata/workspace/runs/A_APPLIANCE_20260707T143943Z_20260707T143943Z/context_exports/cycle_03/coordinator_refresh_latest2/context.md",
    "source_index_path": "/home/strata/workspace/runs/A_APPLIANCE_20260707T143943Z_20260707T143943Z/context_exports/cycle_03/coordinator_refresh_latest2/source_index.json",
    "manifest_path": "/home/strata/workspace/runs/A_APPLIANCE_20260707T143943Z_20260707T143943Z/context_exports/cycle_03/coordinator_refresh_latest2/manifest.json",
    "source_count": 3,
    "state": {
      "contract_id": "strata.context_state.v2_simplified_runtime",
      "context_epoch": 10,
      "current_context_epoch": 21,
      "context_revision": 30,
      "class_a_revision": 9,
      "class_b_revision": 21,
      "current_class_b_revision": 21,
      "class_b_updates_since_full_refresh": 9,
      "refresh_required": true,
      "refresh_reason": "Class A contract or doctrine update requires fresh full context dispatch",
      "context_update_policy": "class_a_full_latest2_class_b_cycle_math",
      "created_at": "2026-07-06T04:49:04.748Z",
      "updated_at": "2026-07-07T14:51:22.851Z"
    },
    "include_classes": [
      "A",
      "B"
    ],
    "since_class_b_revision": null,
    "class_b_latest": 2,
    "class_b_filter": "latest_2"
  },
  "errors": [],
  "evidence_paths": [
    "/home/strata/workspace/runs/A_APPLIANCE_20260707T143943Z_20260707T143943Z/context_exports/cycle_03/coordinator_refresh_latest2/context.md",
    "/home/strata/workspace/runs/A_APPLIANCE_20260707T143943Z_20260707T143943Z/context_exports/cycle_03/coordinator_refresh_latest2/source_index.json",
    "/home/strata/workspace/runs/A_APPLIANCE_20260707T143943Z_20260707T143943Z/context_exports/cycle_03/coordinator_refresh_latest2/manifest.json"
  ],
  "created_at": "2026-07-07T14:51:23.924Z"
}
STATUS[21 coordinator context latest2 cycle_03/coordinator_refresh_latest2]=0
DIAG[cycle_03.21]=OBSERVED | latest_2 Class B export: /home/strata/workspace/runs/A_APPLIANCE_20260707T143943Z_20260707T143943Z/context_exports/cycle_03/coordinator_refresh_latest2/context.md | Coordinator refresh uses fixed latest-two Class B policy rather than expanding delta history.
OPERATIONAL_STAGE[refresh_coordinator_context]=OBSERVED | latest_2 Class B export refreshed
DIAG[cycle_03.refresh_coordinator_context]=OBSERVED | latest_2 Class B export refreshed | Coordinator refresh uses fixed latest Class B policy.

===== context export cycle_03/coordinator_after =====
+ node /opt/strata/source_sctl/src/cli.js --workspace /home/strata/workspace/sctl-workspace context export-markdown --include-classes A\,B --class-b-latest 2 --out /home/strata/workspace/runs/A_APPLIANCE_20260707T143943Z_20260707T143943Z/context_exports/cycle_03/coordinator_after
{
  "contract_id": "strata.sctl.result_envelope.v1",
  "tool_id": "sctl.context.export_markdown.v2",
  "ok": true,
  "result": {
    "out_dir": "/home/strata/workspace/runs/A_APPLIANCE_20260707T143943Z_20260707T143943Z/context_exports/cycle_03/coordinator_after",
    "markdown_path": "/home/strata/workspace/runs/A_APPLIANCE_20260707T143943Z_20260707T143943Z/context_exports/cycle_03/coordinator_after/context.md",
    "source_index_path": "/home/strata/workspace/runs/A_APPLIANCE_20260707T143943Z_20260707T143943Z/context_exports/cycle_03/coordinator_after/source_index.json",
    "manifest_path": "/home/strata/workspace/runs/A_APPLIANCE_20260707T143943Z_20260707T143943Z/context_exports/cycle_03/coordinator_after/manifest.json",
    "source_count": 3,
    "state": {
      "contract_id": "strata.context_state.v2_simplified_runtime",
      "context_epoch": 10,
      "current_context_epoch": 21,
      "context_revision": 30,
      "class_a_revision": 9,
      "class_b_revision": 21,
      "current_class_b_revision": 21,
      "class_b_updates_since_full_refresh": 9,
      "refresh_required": true,
      "refresh_reason": "Class A contract or doctrine update requires fresh full context dispatch",
      "context_update_policy": "class_a_full_latest2_class_b_cycle_math",
      "created_at": "2026-07-06T04:49:04.748Z",
      "updated_at": "2026-07-07T14:51:22.851Z"
    },
    "include_classes": [
      "A",
      "B"
    ],
    "since_class_b_revision": null,
    "class_b_latest": 2,
    "class_b_filter": "latest_2"
  },
  "errors": [],
  "evidence_paths": [
    "/home/strata/workspace/runs/A_APPLIANCE_20260707T143943Z_20260707T143943Z/context_exports/cycle_03/coordinator_after/context.md",
    "/home/strata/workspace/runs/A_APPLIANCE_20260707T143943Z_20260707T143943Z/context_exports/cycle_03/coordinator_after/source_index.json",
    "/home/strata/workspace/runs/A_APPLIANCE_20260707T143943Z_20260707T143943Z/context_exports/cycle_03/coordinator_after/manifest.json"
  ],
  "created_at": "2026-07-07T14:51:24.310Z"
}
STATUS[context export cycle_03/coordinator_after]=0
FULL_CONTEXT_EXPORT[cycle_03/coordinator_after]=/home/strata/workspace/runs/A_APPLIANCE_20260707T143943Z_20260707T143943Z/context_exports/cycle_03/coordinator_after/context.md
DIAG[cycle_03.context_export.coordinator_after]=OBSERVED | /home/strata/workspace/runs/A_APPLIANCE_20260707T143943Z_20260707T143943Z/context_exports/cycle_03/coordinator_after/context.md | Standalone Class A plus latest Class B context export written outside the pasted dispatch packet and outside the operational log body.
OPERATIONAL_STAGE[export_context_after]=OBSERVED | /home/strata/workspace/runs/A_APPLIANCE_20260707T143943Z_20260707T143943Z/context_exports/cycle_03/coordinator_after/context.md
DIAG[cycle_03.export_context_after]=OBSERVED | /home/strata/workspace/runs/A_APPLIANCE_20260707T143943Z_20260707T143943Z/context_exports/cycle_03/coordinator_after/context.md | Coordinator-after context export is available for audit.
DIAG[cycle_03.timeline]=OBSERVED | /home/strata/workspace/runs/A_APPLIANCE_20260707T143943Z_20260707T143943Z/cycle_timeline.tsv row appended for cycle_03 | Cycle summary timeline captures branch, commits, review, CI, merge, Class B, and context export pointers in one screen.
OPERATIONAL_STAGE[append_timeline]=OBSERVED | /home/strata/workspace/runs/A_APPLIANCE_20260707T143943Z_20260707T143943Z/cycle_timeline.tsv row appended for cycle_03
DIAG[cycle_03.append_timeline]=OBSERVED | /home/strata/workspace/runs/A_APPLIANCE_20260707T143943Z_20260707T143943Z/cycle_timeline.tsv row appended for cycle_03 | Cycle summary timeline captures branch, commits, review, Class B, and context export pointers.
DIAG[cycle_03.artifact_freshness.runtime]=OBSERVED | author STRATA-CODER-A_APPLIANCE_20260707T143943Z killed | Cycle-end cleanup removed the disposable runtime session after its report was classified and committed.
DIAG[cycle_03.artifact_freshness.runtime]=OBSERVED | reviewer STRATA-REVIEWER-A_APPLIANCE_20260707T143943Z killed | Cycle-end cleanup removed the disposable runtime session after its report was classified and committed.
DIAG[cycle_03.artifact_freshness.returns]=OBSERVED | /home/strata/workspace/sctl-workspace/.strata/returns/A_APPLIANCE_20260707T143943Z disposable worker returns cleared before coordinator handoff | Cycle-end cleanup deleted only assignment-owned transient worker return directories before refreshing the coordinator. Coordinator handoff files may be recreated for the next cycle; Class B reports and return ledgers remain in context Git.
+ git count-objects -v before
count: 139
size: 568
in-pack: 1325
packs: 1
size-pack: 234
prune-packable: 0
garbage: 0
size-garbage: 0
+ git reflog expire --expire=now --all
+ git gc --prune=now --quiet
+ git count-objects -v after
count: 0
size: 0
in-pack: 1464
packs: 1
size-pack: 262
prune-packable: 0
garbage: 0
size-garbage: 0
DIAG[cycle_03.artifact_freshness.context_git]=OBSERVED | /home/strata/workspace/runs/A_APPLIANCE_20260707T143943Z_20260707T143943Z/C03_artifact_freshness_context_git.log | Context Git storage was packed/pruned without deleting Class B reports or changing reviewer outcome semantics.
DIAG[cycle_03.artifact_freshness]=OBSERVED | cycle-end cleanup complete | Harness cleaned stale runtime/transient artifacts only. Codebase-git branch lifecycle is owned by the agents, not the harness; Reviewer outcome detail remains in the report/Class B layer, and coordinator refresh proceeds from committed context.

===== 21 coordinator cycle complete =====
+ node /opt/strata/source_sctl/src/cli.js --workspace /home/strata/workspace/sctl-workspace coordinator cycle-complete --assignment-id A_APPLIANCE_20260707T143943Z --coordinator-id delegated_coordinator_001 --cycle-id CYCLE_A_APPLIANCE_20260707T143943Z_2026-07-07T14-39-45-001Z
{
  "contract_id": "strata.sctl.result_envelope.v1",
  "tool_id": "sctl.coordinator.cycle_complete.v1",
  "ok": true,
  "result": {
    "assignment_id": "A_APPLIANCE_20260707T143943Z",
    "coordinator_id": "delegated_coordinator_001",
    "cycle_id": "CYCLE_A_APPLIANCE_20260707T143943Z_2026-07-07T14-39-45-001Z",
    "completed_cycles_since_recreate": 3,
    "total_completed_cycles": 3,
    "recreation_threshold_cycles": 4,
    "recreation_required": false,
    "next_action": "continue_existing_coordinator",
    "latest_class_b_count": 2,
    "git": {
      "command": "git",
      "args": [
        "commit",
        "-m",
        "coordinator cycle complete A_APPLIANCE_20260707T143943Z delegated_coordinator_001 3"
      ],
      "cwd": "/home/strata/workspace/sctl-workspace/.strata/context",
      "status": 0,
      "signal": null,
      "stdout": "[master d2f052e] coordinator cycle complete A_APPLIANCE_20260707T143943Z delegated_coordinator_001 3\n 3 files changed, 15 insertions(+), 3 deletions(-)\n create mode 100644 D_trace/coordinator_lifecycle/a_appliance_20260707t143943z/delegated_coordinator_001_cycle_0003_2026-07-07T14-51-26-047Z.json\n",
      "stderr": "",
      "ok": true,
      "error": null,
      "commit": "d2f052e"
    }
  },
  "errors": [],
  "evidence_paths": [
    "/home/strata/workspace/sctl-workspace/.strata/context/D_trace/coordinator_lifecycle/a_appliance_20260707t143943z/delegated_coordinator_001.json",
    "/home/strata/workspace/sctl-workspace/.strata/context/D_trace/coordinator_lifecycle/a_appliance_20260707t143943z/delegated_coordinator_001_cycle_0003_2026-07-07T14-51-26-047Z.json",
    "/home/strata/workspace/sctl-workspace/.strata/context/D_trace/telemetry/workflow_telemetry.jsonl"
  ],
  "created_at": "2026-07-07T14:51:26.086Z"
}
STATUS[21 coordinator cycle complete]=0
DIAG[cycle_03.21.coordinator_rotate]=OBSERVED | recreation_required=false cycle=3 | Coordinator recreation is cycle-count driven; no recreation needed before next coordinator work.

===== 21 coordinator dispatch render =====
+ /opt/strata/source_sctl/scripts/wsl_tmux/sctl-dispatch-render --workspace /home/strata/workspace/sctl-workspace --assignment-id A_APPLIANCE_20260707T143943Z --nonce N_COORD_C03_NEXT --from-role SCTL\ Context\ Commit\ Trigger --from-id sctl_context_git --target-role Delegated\ Coordinator --target-id delegated_coordinator_001 --target-session STRATA-COORDINATOR-A_APPLIANCE_20260707T143943Z --dispatch-kind CLASS_B_CONTEXT_COMMIT --class-b-latest 2 --template-path templates/work_products/coordinator_work_order.template.md --related-class-b .strata/context/B/b_a_appliance_20260707t143943z_c03_merge_outcome.md --source-context-class B --source-context-path .strata/context/B/b_a_appliance_20260707t143943z_c03_merge_outcome.md
{
  "contract_id": "strata.sctl.result_envelope.v1",
  "tool_id": "sctl.dispatch.record.v3",
  "ok": true,
  "result": {
    "outbox": {
      "dir": "/home/strata/workspace/sctl-workspace/.strata/dispatch_outbox/A_APPLIANCE_20260707T143943Z/delegated_coordinator_001/N_COORD_C03_NEXT",
      "packetJsonPath": "/home/strata/workspace/sctl-workspace/.strata/dispatch_outbox/A_APPLIANCE_20260707T143943Z/delegated_coordinator_001/N_COORD_C03_NEXT/dispatch_packet.json",
      "packetMdPath": "/home/strata/workspace/sctl-workspace/.strata/dispatch_outbox/A_APPLIANCE_20260707T143943Z/delegated_coordinator_001/N_COORD_C03_NEXT/dispatch_packet.md",
      "manifestPath": "/home/strata/workspace/sctl-workspace/.strata/dispatch_outbox/A_APPLIANCE_20260707T143943Z/delegated_coordinator_001/N_COORD_C03_NEXT/manifest.json"
    },
    "git_snapshot": {
      "dir": "/home/strata/workspace/sctl-workspace/.strata/context/D_trace/dispatch_packets/A_APPLIANCE_20260707T143943Z/delegated_coordinator_001/N_COORD_C03_NEXT",
      "packetJsonPath": "/home/strata/workspace/sctl-workspace/.strata/context/D_trace/dispatch_packets/A_APPLIANCE_20260707T143943Z/delegated_coordinator_001/N_COORD_C03_NEXT/dispatch_packet.json",
      "packetMdPath": "/home/strata/workspace/sctl-workspace/.strata/context/D_trace/dispatch_packets/A_APPLIANCE_20260707T143943Z/delegated_coordinator_001/N_COORD_C03_NEXT/dispatch_packet.md",
      "manifestPath": "/home/strata/workspace/sctl-workspace/.strata/context/D_trace/dispatch_packets/A_APPLIANCE_20260707T143943Z/delegated_coordinator_001/N_COORD_C03_NEXT/manifest.json"
    },
    "dispatch_log_path": "/home/strata/workspace/sctl-workspace/.strata/context/D_trace/dispatch_log/a_appliance_20260707t143943z_n_coord_c03_next_delegated_coordinator_001.json",
    "tester_entrypoint": {
      "packet_markdown": "/home/strata/workspace/sctl-workspace/.strata/dispatch_outbox/A_APPLIANCE_20260707T143943Z/delegated_coordinator_001/N_COORD_C03_NEXT/dispatch_packet.md",
      "metadata_json": "/home/strata/workspace/sctl-workspace/.strata/dispatch_outbox/A_APPLIANCE_20260707T143943Z/delegated_coordinator_001/N_COORD_C03_NEXT/dispatch_packet.json",
      "dispatch_log": "/home/strata/workspace/sctl-workspace/.strata/context/D_trace/dispatch_log/a_appliance_20260707t143943z_n_coord_c03_next_delegated_coordinator_001.json",
      "suggested_delivery_command": "strata-runtime-edge delegate dispatch-deliver --session-id delegated_coordinator_001 --packet /home/strata/workspace/sctl-workspace/.strata/dispatch_outbox/A_APPLIANCE_20260707T143943Z/delegated_coordinator_001/N_COORD_C03_NEXT/dispatch_packet.md --workspace /home/strata/workspace/sctl-workspace"
    },
    "notice_count": 0,
    "git": {
      "command": "git",
      "args": [
        "commit",
        "-m",
        "dispatch record A_APPLIANCE_20260707T143943Z N_COORD_C03_NEXT"
      ],
      "cwd": "/home/strata/workspace/sctl-workspace/.strata/context",
      "status": 0,
      "signal": null,
      "stdout": "[master 05a98cc] dispatch record A_APPLIANCE_20260707T143943Z N_COORD_C03_NEXT\n 8 files changed, 664 insertions(+)\n create mode 100644 D_trace/dispatch_log/a_appliance_20260707t143943z_n_coord_c03_next_delegated_coordinator_001.json\n create mode 100644 D_trace/dispatch_packets/A_APPLIANCE_20260707T143943Z/delegated_coordinator_001/N_COORD_C03_NEXT/context_export/context.md\n create mode 100644 D_trace/dispatch_packets/A_APPLIANCE_20260707T143943Z/delegated_coordinator_001/N_COORD_C03_NEXT/context_export/manifest.json\n create mode 100644 D_trace/dispatch_packets/A_APPLIANCE_20260707T143943Z/delegated_coordinator_001/N_COORD_C03_NEXT/context_export/source_index.json\n create mode 100644 D_trace/dispatch_packets/A_APPLIANCE_20260707T143943Z/delegated_coordinator_001/N_COORD_C03_NEXT/dispatch_packet.json\n create mode 100644 D_trace/dispatch_packets/A_APPLIANCE_20260707T143943Z/delegated_coordinator_001/N_COORD_C03_NEXT/dispatch_packet.md\n create mode 100644 D_trace/dispatch_packets/A_APPLIANCE_20260707T143943Z/delegated_coordinator_001/N_COORD_C03_NEXT/manifest.json\n",
      "stderr": "",
      "ok": true,
      "error": null,
      "commit": "05a98cc"
    },
    "packet": {
      "contract_id": "strata.dispatch.packet.v3_context_envelope",
      "dispatch_format": "sctl.context_dispatch_envelope.v1",
      "envelope_type": "sctl_dispatch",
      "envelope_title": "# SCTL Dispatch Envelope",
      "dispatch_kind": "CLASS_B_CONTEXT_COMMIT",
      "assignment_id": "A_APPLIANCE_20260707T143943Z",
      "nonce": "N_COORD_C03_NEXT",
      "from": {
        "role": "SCTL Context Commit Trigger",
        "id": "sctl_context_git"
      },
      "to": {
        "role": "Delegated Coordinator",
        "id": "delegated_coordinator_001",
        "session": "STRATA-COORDINATOR-A_APPLIANCE_20260707T143943Z"
      },
      "fixed_header": "The Change Author and Code Reviewer have performed one cycle, and the progress is reflected in the context picture. Review the Director's architecture assignments, project goals, and current progress together. Raise a new task order to a Change Author by submitting your work via assigned path.",
      "dispatch_envelope_template": {
        "path": "templates/dispatch/deterministic_dispatch_envelope.template.md",
        "absolute_path": "/opt/strata/source_sctl/templates/dispatch/deterministic_dispatch_envelope.template.md",
        "sha256": "c9aec961a68ee4e6702edb2c9c6ece0b933c7db3b9e56914d05bb773c3c55376"
      },
      "pasted_body_metadata_policy": "assignment_id_only",
      "source_context": {
        "trigger": "CLASS_B_CONTEXT_COMMIT",
        "class": "B",
        "path": ".strata/context/B/b_a_appliance_20260707t143943z_c03_merge_outcome.md",
        "sha256": null,
        "git_commit": null
      },
      "related_class_b": [
        ".strata/context/B/b_a_appliance_20260707t143943z_c03_merge_outcome.md"
      ],
      "declared_files": [],
      "class_c_message_path": null,
      "class_c_message_sha256": null,
      "submission_templates": [
        {
          "path": "templates/work_products/coordinator_work_order.template.md",
          "absolute_path": "/opt/strata/source_sctl/templates/work_products/coordinator_work_order.template.md",
          "sha256": "1cd1572001429895fb4d650ddcb40641c9178cdc0bee01ece831ea2f2b4f51d8"
        }
      ],
      "context_export": {
        "markdown_path": "/home/strata/workspace/sctl-workspace/.strata/context/D_trace/dispatch_packets/A_APPLIANCE_20260707T143943Z/delegated_coordinator_001/N_COORD_C03_NEXT/context_export/context.md",
        "source_index_path": "/home/strata/workspace/sctl-workspace/.strata/context/D_trace/dispatch_packets/A_APPLIANCE_20260707T143943Z/delegated_coordinator_001/N_COORD_C03_NEXT/context_export/source_index.json",
        "manifest_path": "/home/strata/workspace/sctl-workspace/.strata/context/D_trace/dispatch_packets/A_APPLIANCE_20260707T143943Z/delegated_coordinator_001/N_COORD_C03_NEXT/context_export/manifest.json",
        "source_count": 3,
        "include_classes": [
          "A",
          "B"
        ],
        "since_class_b_revision": null,
        "class_b_latest": 2,
        "class_b_filter": "latest_2",
        "class_b_context_policy": "latest_2",
        "empty_context_valid": true
      },
      "runtime_delivery": "delegate_dispatch_deliver_contract",
      "dispatch_delivery_owner": "runtime_delegate_contract",
      "dispatch_to_git_is_primary_evidence": false,
      "runtime_operational_log_is_primary_delivery_evidence": true,
      "chatbox_inspection_required": false,
      "session_policy": "persistent_registry_explicit_release_no_auto_kill",
      "created_at": "2026-07-07T14:51:26.386Z",
      "markdown_sha256": "d6ad856cd2e09522f68c78375f842e45132eb17004ca2706d123f86d51b43038",
      "injection_result": null,
      "context_state": {
        "contract_id": "strata.context_state.v2_simplified_runtime",
        "context_epoch": 10,
        "current_context_epoch": 21,
        "context_revision": 30,
        "class_a_revision": 9,
        "class_b_revision": 21,
        "current_class_b_revision": 21,
        "class_b_updates_since_full_refresh": 9,
        "refresh_required": true,
        "refresh_reason": "Class A contract or doctrine update requires fresh full context dispatch",
        "context_update_policy": "class_a_full_latest2_class_b_cycle_math",
        "created_at": "2026-07-06T04:49:04.748Z",
        "updated_at": "2026-07-07T14:51:22.851Z"
      }
    }
  },
  "errors": [],
  "evidence_paths": [
    "/home/strata/workspace/sctl-workspace/.strata/dispatch_outbox/A_APPLIANCE_20260707T143943Z/delegated_coordinator_001/N_COORD_C03_NEXT/dispatch_packet.json",
    "/home/strata/workspace/sctl-workspace/.strata/dispatch_outbox/A_APPLIANCE_20260707T143943Z/delegated_coordinator_001/N_COORD_C03_NEXT/dispatch_packet.md",
    "/home/strata/workspace/sctl-workspace/.strata/dispatch_outbox/A_APPLIANCE_20260707T143943Z/delegated_coordinator_001/N_COORD_C03_NEXT/manifest.json",
    "/home/strata/workspace/sctl-workspace/.strata/context/D_trace/dispatch_packets/A_APPLIANCE_20260707T143943Z/delegated_coordinator_001/N_COORD_C03_NEXT/dispatch_packet.json",
    "/home/strata/workspace/sctl-workspace/.strata/context/D_trace/dispatch_packets/A_APPLIANCE_20260707T143943Z/delegated_coordinator_001/N_COORD_C03_NEXT/dispatch_packet.md",
    "/home/strata/workspace/sctl-workspace/.strata/context/D_trace/dispatch_packets/A_APPLIANCE_20260707T143943Z/delegated_coordinator_001/N_COORD_C03_NEXT/manifest.json",
    "/home/strata/workspace/sctl-workspace/.strata/context/D_trace/dispatch_packets/A_APPLIANCE_20260707T143943Z/delegated_coordinator_001/N_COORD_C03_NEXT/context_export/context.md",
    "/home/strata/workspace/sctl-workspace/.strata/context/D_trace/dispatch_packets/A_APPLIANCE_20260707T143943Z/delegated_coordinator_001/N_COORD_C03_NEXT/context_export/source_index.json",
    "/home/strata/workspace/sctl-workspace/.strata/context/D_trace/dispatch_packets/A_APPLIANCE_20260707T143943Z/delegated_coordinator_001/N_COORD_C03_NEXT/context_export/manifest.json",
    "/home/strata/workspace/sctl-workspace/.strata/context/D_trace/dispatch_log/a_appliance_20260707t143943z_n_coord_c03_next_delegated_coordinator_001.json",
    "/home/strata/workspace/sctl-workspace/.strata/context/D_trace/telemetry/workflow_telemetry.jsonl"
  ],
  "created_at": "2026-07-07T14:51:26.463Z"
}
STATUS[21 coordinator dispatch render]=0

===== 21 coordinator dispatch inject =====
+ env SCTL_RUNTIME_DELEGATE_ROOT=/opt/strata/runtime-delegate SCTL_RUNTIME_DELEGATE_BIN=/opt/strata/runtime-delegate/dist/src/cli.js /opt/strata/source_sctl/scripts/wsl_tmux/sctl-dispatch-inject --workspace /home/strata/workspace/sctl-workspace --assignment-id A_APPLIANCE_20260707T143943Z --id delegated_coordinator_001 --session STRATA-COORDINATOR-A_APPLIANCE_20260707T143943Z --packet /home/strata/workspace/sctl-workspace/.strata/context/D_trace/dispatch_packets/A_APPLIANCE_20260707T143943Z/delegated_coordinator_001/N_COORD_C03_NEXT/dispatch_packet.md --paste-delay 5 --no-tab
{
  "ok": true,
  "runtime": "tmux_codex_cli",
  "operation": "dispatch_delivery",
  "session_id": "delegated_coordinator_001",
  "runtime_session_name": "STRATA-COORDINATOR-A_APPLIANCE_20260707T143943Z",
  "tmux_target": "STRATA-COORDINATOR-A_APPLIANCE_20260707T143943Z",
  "packet_path": ".strata/context/D_trace/dispatch_packets/A_APPLIANCE_20260707T143943Z/delegated_coordinator_001/N_COORD_C03_NEXT/dispatch_packet.md",
  "packet_sha256": "d6ad856cd2e09522f68c78375f842e45132eb17004ca2706d123f86d51b43038",
  "evidence_path": ".strata-runtime/evidence/delegate_control/dispatch_delivery/delegated_coordinator_001/2026-07-07_14-51-29-824Z/dispatch_delivery_result.json",
  "timestamp": "2026-07-07T14:51:29.824Z",
  "error": null
}
STATUS[21 coordinator dispatch inject]=0
DIAG[cycle_03.21.coordinator_dispatch]=OBSERVED | STRATA-COORDINATOR-A_APPLIANCE_20260707T143943Z injected .strata/context/D_trace/dispatch_packets/A_APPLIANCE_20260707T143943Z/delegated_coordinator_001/N_COORD_C03_NEXT/dispatch_packet.md | Recurring Coordinator received Class B context envelope for next task-order decision.
===== END cycle_03 =====

===== 22 final sctl git status =====
+ git -C /home/strata/workspace/sctl-workspace/.strata/context status --short
STATUS[22 final sctl git status]=0

===== 22 final sctl git log =====
+ git -C /home/strata/workspace/sctl-workspace/.strata/context log --oneline -30
05a98cc dispatch record A_APPLIANCE_20260707T143943Z N_COORD_C03_NEXT
d2f052e coordinator cycle complete A_APPLIANCE_20260707T143943Z delegated_coordinator_001 3
a16ec85 session release A_APPLIANCE_20260707T143943Z reviewer_c03
f82446d session release A_APPLIANCE_20260707T143943Z change_author_c03
538bded class B report put B_A_APPLIANCE_20260707T143943Z_C03_MERGE_OUTCOME
375df96 return classify A_APPLIANCE_20260707T143943Z OPERATIONAL_REPORT_READY
2c20cf5 dispatch record A_APPLIANCE_20260707T143943Z N_REVIEW_C03
47d4220 session register A_APPLIANCE_20260707T143943Z reviewer_c03
9685bc6 class B accept A_APPLIANCE_20260707T143943Z C03 author report
d2b7e49 return classify A_APPLIANCE_20260707T143943Z OPERATIONAL_REPORT_READY
3ae9aa1 dispatch record A_APPLIANCE_20260707T143943Z N_AUTHOR_C03
ac62991 Class B Coordinator Work Order WO_A_APPLIANCE_20260707T143943Z_C03_CHANGE_AUTHOR
e4459b5 session register A_APPLIANCE_20260707T143943Z change_author_c03
2fd43a2 dispatch record A_APPLIANCE_20260707T143943Z N_COORD_C02_NEXT
84d6ce2 coordinator cycle complete A_APPLIANCE_20260707T143943Z delegated_coordinator_001 2
98820b2 session release A_APPLIANCE_20260707T143943Z reviewer_c02
6edadb5 session release A_APPLIANCE_20260707T143943Z change_author_c02
a0b658f class B report put B_A_APPLIANCE_20260707T143943Z_C02_MERGE_OUTCOME
1f96db5 return classify A_APPLIANCE_20260707T143943Z OPERATIONAL_REPORT_READY
1eacd8c dispatch record A_APPLIANCE_20260707T143943Z N_REVIEW_C02
b226f31 session register A_APPLIANCE_20260707T143943Z reviewer_c02
6de1b55 class B accept A_APPLIANCE_20260707T143943Z C02 author report
3261608 return classify A_APPLIANCE_20260707T143943Z OPERATIONAL_REPORT_READY
caf4568 dispatch record A_APPLIANCE_20260707T143943Z N_AUTHOR_C02
30690e5 Class B Coordinator Work Order WO_A_APPLIANCE_20260707T143943Z_C02_CHANGE_AUTHOR
b4f1414 session register A_APPLIANCE_20260707T143943Z change_author_c02
7292af9 dispatch record A_APPLIANCE_20260707T143943Z N_COORD_C01_NEXT
f5345ef coordinator cycle complete A_APPLIANCE_20260707T143943Z delegated_coordinator_001 1
3b61f5a session release A_APPLIANCE_20260707T143943Z reviewer_c01
8ac9558 session release A_APPLIANCE_20260707T143943Z change_author_c01
STATUS[22 final sctl git log]=0

===== 22 final dispatch files =====
+ find /home/strata/workspace/sctl-workspace/.strata/context/D_trace/dispatch_packets -maxdepth 5 -type f
/home/strata/workspace/sctl-workspace/.strata/context/D_trace/dispatch_packets/A_APPLIANCE_20260707T134845Z/delegated_coordinator_001/N_COORD_CYCLE_A_APPLIANCE_20260707T134845Z_2026-07-07T13-48-47-135Z/context_export/source_index.json
/home/strata/workspace/sctl-workspace/.strata/context/D_trace/dispatch_packets/A_APPLIANCE_20260707T134845Z/delegated_coordinator_001/N_COORD_CYCLE_A_APPLIANCE_20260707T134845Z_2026-07-07T13-48-47-135Z/context_export/context.md
/home/strata/workspace/sctl-workspace/.strata/context/D_trace/dispatch_packets/A_APPLIANCE_20260707T134845Z/delegated_coordinator_001/N_COORD_CYCLE_A_APPLIANCE_20260707T134845Z_2026-07-07T13-48-47-135Z/context_export/manifest.json
/home/strata/workspace/sctl-workspace/.strata/context/D_trace/dispatch_packets/A_APPLIANCE_20260707T134845Z/delegated_coordinator_001/N_COORD_CYCLE_A_APPLIANCE_20260707T134845Z_2026-07-07T13-48-47-135Z/dispatch_packet.md
/home/strata/workspace/sctl-workspace/.strata/context/D_trace/dispatch_packets/A_APPLIANCE_20260707T134845Z/delegated_coordinator_001/N_COORD_CYCLE_A_APPLIANCE_20260707T134845Z_2026-07-07T13-48-47-135Z/dispatch_packet.json
/home/strata/workspace/sctl-workspace/.strata/context/D_trace/dispatch_packets/A_APPLIANCE_20260707T134845Z/delegated_coordinator_001/N_COORD_CYCLE_A_APPLIANCE_20260707T134845Z_2026-07-07T13-48-47-135Z/manifest.json
/home/strata/workspace/sctl-workspace/.strata/context/D_trace/dispatch_packets/A_APPLIANCE_20260707T105353Z/reviewer_c01/N_REVIEW_C01/context_export/source_index.json
/home/strata/workspace/sctl-workspace/.strata/context/D_trace/dispatch_packets/A_APPLIANCE_20260707T105353Z/reviewer_c01/N_REVIEW_C01/context_export/context.md
/home/strata/workspace/sctl-workspace/.strata/context/D_trace/dispatch_packets/A_APPLIANCE_20260707T105353Z/reviewer_c01/N_REVIEW_C01/context_export/manifest.json
/home/strata/workspace/sctl-workspace/.strata/context/D_trace/dispatch_packets/A_APPLIANCE_20260707T105353Z/reviewer_c01/N_REVIEW_C01/dispatch_packet.md
/home/strata/workspace/sctl-workspace/.strata/context/D_trace/dispatch_packets/A_APPLIANCE_20260707T105353Z/reviewer_c01/N_REVIEW_C01/dispatch_packet.json
/home/strata/workspace/sctl-workspace/.strata/context/D_trace/dispatch_packets/A_APPLIANCE_20260707T105353Z/reviewer_c01/N_REVIEW_C01/manifest.json
/home/strata/workspace/sctl-workspace/.strata/context/D_trace/dispatch_packets/A_APPLIANCE_20260707T105353Z/delegated_coordinator_001/N_COORD_CYCLE_A_APPLIANCE_20260707T105353Z_2026-07-07T10-53-54-791Z/context_export/source_index.json
/home/strata/workspace/sctl-workspace/.strata/context/D_trace/dispatch_packets/A_APPLIANCE_20260707T105353Z/delegated_coordinator_001/N_COORD_CYCLE_A_APPLIANCE_20260707T105353Z_2026-07-07T10-53-54-791Z/context_export/context.md
/home/strata/workspace/sctl-workspace/.strata/context/D_trace/dispatch_packets/A_APPLIANCE_20260707T105353Z/delegated_coordinator_001/N_COORD_CYCLE_A_APPLIANCE_20260707T105353Z_2026-07-07T10-53-54-791Z/context_export/manifest.json
/home/strata/workspace/sctl-workspace/.strata/context/D_trace/dispatch_packets/A_APPLIANCE_20260707T105353Z/delegated_coordinator_001/N_COORD_CYCLE_A_APPLIANCE_20260707T105353Z_2026-07-07T10-53-54-791Z/dispatch_packet.md
/home/strata/workspace/sctl-workspace/.strata/context/D_trace/dispatch_packets/A_APPLIANCE_20260707T105353Z/delegated_coordinator_001/N_COORD_CYCLE_A_APPLIANCE_20260707T105353Z_2026-07-07T10-53-54-791Z/dispatch_packet.json
/home/strata/workspace/sctl-workspace/.strata/context/D_trace/dispatch_packets/A_APPLIANCE_20260707T105353Z/delegated_coordinator_001/N_COORD_CYCLE_A_APPLIANCE_20260707T105353Z_2026-07-07T10-53-54-791Z/manifest.json
/home/strata/workspace/sctl-workspace/.strata/context/D_trace/dispatch_packets/A_APPLIANCE_20260707T105353Z/change_author_c01/N_AUTHOR_C01/context_export/source_index.json
/home/strata/workspace/sctl-workspace/.strata/context/D_trace/dispatch_packets/A_APPLIANCE_20260707T105353Z/change_author_c01/N_AUTHOR_C01/context_export/context.md
/home/strata/workspace/sctl-workspace/.strata/context/D_trace/dispatch_packets/A_APPLIANCE_20260707T105353Z/change_author_c01/N_AUTHOR_C01/context_export/manifest.json
/home/strata/workspace/sctl-workspace/.strata/context/D_trace/dispatch_packets/A_APPLIANCE_20260707T105353Z/change_author_c01/N_AUTHOR_C01/dispatch_packet.md
/home/strata/workspace/sctl-workspace/.strata/context/D_trace/dispatch_packets/A_APPLIANCE_20260707T105353Z/change_author_c01/N_AUTHOR_C01/dispatch_packet.json
/home/strata/workspace/sctl-workspace/.strata/context/D_trace/dispatch_packets/A_APPLIANCE_20260707T105353Z/change_author_c01/N_AUTHOR_C01/manifest.json
/home/strata/workspace/sctl-workspace/.strata/context/D_trace/dispatch_packets/A_LIVE_002/reviewer_c01/N_REVIEW_C01/context_export/source_index.json
/home/strata/workspace/sctl-workspace/.strata/context/D_trace/dispatch_packets/A_LIVE_002/reviewer_c01/N_REVIEW_C01/context_export/context.md
/home/strata/workspace/sctl-workspace/.strata/context/D_trace/dispatch_packets/A_LIVE_002/reviewer_c01/N_REVIEW_C01/context_export/manifest.json
/home/strata/workspace/sctl-workspace/.strata/context/D_trace/dispatch_packets/A_LIVE_002/reviewer_c01/N_REVIEW_C01/dispatch_packet.md
/home/strata/workspace/sctl-workspace/.strata/context/D_trace/dispatch_packets/A_LIVE_002/reviewer_c01/N_REVIEW_C01/dispatch_packet.json
/home/strata/workspace/sctl-workspace/.strata/context/D_trace/dispatch_packets/A_LIVE_002/reviewer_c01/N_REVIEW_C01/manifest.json
/home/strata/workspace/sctl-workspace/.strata/context/D_trace/dispatch_packets/A_LIVE_002/delegated_coordinator_001/N_COORD_CYCLE_A_LIVE_002_2026-07-07T06-45-03-300Z/context_export/source_index.json
/home/strata/workspace/sctl-workspace/.strata/context/D_trace/dispatch_packets/A_LIVE_002/delegated_coordinator_001/N_COORD_CYCLE_A_LIVE_002_2026-07-07T06-45-03-300Z/context_export/context.md
/home/strata/workspace/sctl-workspace/.strata/context/D_trace/dispatch_packets/A_LIVE_002/delegated_coordinator_001/N_COORD_CYCLE_A_LIVE_002_2026-07-07T06-45-03-300Z/context_export/manifest.json
/home/strata/workspace/sctl-workspace/.strata/context/D_trace/dispatch_packets/A_LIVE_002/delegated_coordinator_001/N_COORD_CYCLE_A_LIVE_002_2026-07-07T06-45-03-300Z/dispatch_packet.md
/home/strata/workspace/sctl-workspace/.strata/context/D_trace/dispatch_packets/A_LIVE_002/delegated_coordinator_001/N_COORD_CYCLE_A_LIVE_002_2026-07-07T06-45-03-300Z/dispatch_packet.json
/home/strata/workspace/sctl-workspace/.strata/context/D_trace/dispatch_packets/A_LIVE_002/delegated_coordinator_001/N_COORD_CYCLE_A_LIVE_002_2026-07-07T06-45-03-300Z/manifest.json
/home/strata/workspace/sctl-workspace/.strata/context/D_trace/dispatch_packets/A_LIVE_002/delegated_coordinator_001/N_COORD_C01_NEXT/context_export/source_index.json
/home/strata/workspace/sctl-workspace/.strata/context/D_trace/dispatch_packets/A_LIVE_002/delegated_coordinator_001/N_COORD_C01_NEXT/context_export/context.md
/home/strata/workspace/sctl-workspace/.strata/context/D_trace/dispatch_packets/A_LIVE_002/delegated_coordinator_001/N_COORD_C01_NEXT/context_export/manifest.json
/home/strata/workspace/sctl-workspace/.strata/context/D_trace/dispatch_packets/A_LIVE_002/delegated_coordinator_001/N_COORD_C01_NEXT/dispatch_packet.md
/home/strata/workspace/sctl-workspace/.strata/context/D_trace/dispatch_packets/A_LIVE_002/delegated_coordinator_001/N_COORD_C01_NEXT/dispatch_packet.json
/home/strata/workspace/sctl-workspace/.strata/context/D_trace/dispatch_packets/A_LIVE_002/delegated_coordinator_001/N_COORD_C01_NEXT/manifest.json
/home/strata/workspace/sctl-workspace/.strata/context/D_trace/dispatch_packets/A_LIVE_002/change_author_c01/N_AUTHOR_C01/context_export/source_index.json
/home/strata/workspace/sctl-workspace/.strata/context/D_trace/dispatch_packets/A_LIVE_002/change_author_c01/N_AUTHOR_C01/context_export/context.md
/home/strata/workspace/sctl-workspace/.strata/context/D_trace/dispatch_packets/A_LIVE_002/change_author_c01/N_AUTHOR_C01/context_export/manifest.json
/home/strata/workspace/sctl-workspace/.strata/context/D_trace/dispatch_packets/A_LIVE_002/change_author_c01/N_AUTHOR_C01/dispatch_packet.md
/home/strata/workspace/sctl-workspace/.strata/context/D_trace/dispatch_packets/A_LIVE_002/change_author_c01/N_AUTHOR_C01/dispatch_packet.json
/home/strata/workspace/sctl-workspace/.strata/context/D_trace/dispatch_packets/A_LIVE_002/change_author_c01/N_AUTHOR_C01/manifest.json
/home/strata/workspace/sctl-workspace/.strata/context/D_trace/dispatch_packets/A_VERIFY_RUNSTART_001/delegated_coordinator_001/N_COORD_CYCLE_A_VERIFY_RUNSTART_001_2026-07-07T10-46-22-348Z/context_export/source_index.json
/home/strata/workspace/sctl-workspace/.strata/context/D_trace/dispatch_packets/A_VERIFY_RUNSTART_001/delegated_coordinator_001/N_COORD_CYCLE_A_VERIFY_RUNSTART_001_2026-07-07T10-46-22-348Z/context_export/context.md
/home/strata/workspace/sctl-workspace/.strata/context/D_trace/dispatch_packets/A_VERIFY_RUNSTART_001/delegated_coordinator_001/N_COORD_CYCLE_A_VERIFY_RUNSTART_001_2026-07-07T10-46-22-348Z/context_export/manifest.json
/home/strata/workspace/sctl-workspace/.strata/context/D_trace/dispatch_packets/A_VERIFY_RUNSTART_001/delegated_coordinator_001/N_COORD_CYCLE_A_VERIFY_RUNSTART_001_2026-07-07T10-46-22-348Z/dispatch_packet.md
/home/strata/workspace/sctl-workspace/.strata/context/D_trace/dispatch_packets/A_VERIFY_RUNSTART_001/delegated_coordinator_001/N_COORD_CYCLE_A_VERIFY_RUNSTART_001_2026-07-07T10-46-22-348Z/dispatch_packet.json
/home/strata/workspace/sctl-workspace/.strata/context/D_trace/dispatch_packets/A_VERIFY_RUNSTART_001/delegated_coordinator_001/N_COORD_CYCLE_A_VERIFY_RUNSTART_001_2026-07-07T10-46-22-348Z/manifest.json
/home/strata/workspace/sctl-workspace/.strata/context/D_trace/dispatch_packets/A_LIVE_001/reviewer_c01/N_REVIEW_C01/context_export/source_index.json
/home/strata/workspace/sctl-workspace/.strata/context/D_trace/dispatch_packets/A_LIVE_001/reviewer_c01/N_REVIEW_C01/context_export/context.md
/home/strata/workspace/sctl-workspace/.strata/context/D_trace/dispatch_packets/A_LIVE_001/reviewer_c01/N_REVIEW_C01/context_export/manifest.json
/home/strata/workspace/sctl-workspace/.strata/context/D_trace/dispatch_packets/A_LIVE_001/reviewer_c01/N_REVIEW_C01/dispatch_packet.md
/home/strata/workspace/sctl-workspace/.strata/context/D_trace/dispatch_packets/A_LIVE_001/reviewer_c01/N_REVIEW_C01/dispatch_packet.json
/home/strata/workspace/sctl-workspace/.strata/context/D_trace/dispatch_packets/A_LIVE_001/reviewer_c01/N_REVIEW_C01/manifest.json
/home/strata/workspace/sctl-workspace/.strata/context/D_trace/dispatch_packets/A_LIVE_001/delegated_coordinator_001/N_COORD_CYCLE_A_LIVE_001_2026-07-07T06-38-42-165Z/context_export/source_index.json
/home/strata/workspace/sctl-workspace/.strata/context/D_trace/dispatch_packets/A_LIVE_001/delegated_coordinator_001/N_COORD_CYCLE_A_LIVE_001_2026-07-07T06-38-42-165Z/context_export/context.md
/home/strata/workspace/sctl-workspace/.strata/context/D_trace/dispatch_packets/A_LIVE_001/delegated_coordinator_001/N_COORD_CYCLE_A_LIVE_001_2026-07-07T06-38-42-165Z/context_export/manifest.json
/home/strata/workspace/sctl-workspace/.strata/context/D_trace/dispatch_packets/A_LIVE_001/delegated_coordinator_001/N_COORD_CYCLE_A_LIVE_001_2026-07-07T06-38-42-165Z/dispatch_packet.md
/home/strata/workspace/sctl-workspace/.strata/context/D_trace/dispatch_packets/A_LIVE_001/delegated_coordinator_001/N_COORD_CYCLE_A_LIVE_001_2026-07-07T06-38-42-165Z/dispatch_packet.json
/home/strata/workspace/sctl-workspace/.strata/context/D_trace/dispatch_packets/A_LIVE_001/delegated_coordinator_001/N_COORD_CYCLE_A_LIVE_001_2026-07-07T06-38-42-165Z/manifest.json
/home/strata/workspace/sctl-workspace/.strata/context/D_trace/dispatch_packets/A_LIVE_001/change_author_c01/N_AUTHOR_C01/context_export/source_index.json
/home/strata/workspace/sctl-workspace/.strata/context/D_trace/dispatch_packets/A_LIVE_001/change_author_c01/N_AUTHOR_C01/context_export/context.md
/home/strata/workspace/sctl-workspace/.strata/context/D_trace/dispatch_packets/A_LIVE_001/change_author_c01/N_AUTHOR_C01/context_export/manifest.json
/home/strata/workspace/sctl-workspace/.strata/context/D_trace/dispatch_packets/A_LIVE_001/change_author_c01/N_AUTHOR_C01/dispatch_packet.md
/home/strata/workspace/sctl-workspace/.strata/context/D_trace/dispatch_packets/A_LIVE_001/change_author_c01/N_AUTHOR_C01/dispatch_packet.json
/home/strata/workspace/sctl-workspace/.strata/context/D_trace/dispatch_packets/A_LIVE_001/change_author_c01/N_AUTHOR_C01/manifest.json
/home/strata/workspace/sctl-workspace/.strata/context/D_trace/dispatch_packets/A_APPLIANCE_20260707T134830Z/delegated_coordinator_001/N_COORD_CYCLE_A_APPLIANCE_20260707T134830Z_2026-07-07T13-48-32-460Z/context_export/source_index.json
/home/strata/workspace/sctl-workspace/.strata/context/D_trace/dispatch_packets/A_APPLIANCE_20260707T134830Z/delegated_coordinator_001/N_COORD_CYCLE_A_APPLIANCE_20260707T134830Z_2026-07-07T13-48-32-460Z/context_export/context.md
/home/strata/workspace/sctl-workspace/.strata/context/D_trace/dispatch_packets/A_APPLIANCE_20260707T134830Z/delegated_coordinator_001/N_COORD_CYCLE_A_APPLIANCE_20260707T134830Z_2026-07-07T13-48-32-460Z/context_export/manifest.json
/home/strata/workspace/sctl-workspace/.strata/context/D_trace/dispatch_packets/A_APPLIANCE_20260707T134830Z/delegated_coordinator_001/N_COORD_CYCLE_A_APPLIANCE_20260707T134830Z_2026-07-07T13-48-32-460Z/dispatch_packet.md
/home/strata/workspace/sctl-workspace/.strata/context/D_trace/dispatch_packets/A_APPLIANCE_20260707T134830Z/delegated_coordinator_001/N_COORD_CYCLE_A_APPLIANCE_20260707T134830Z_2026-07-07T13-48-32-460Z/dispatch_packet.json
/home/strata/workspace/sctl-workspace/.strata/context/D_trace/dispatch_packets/A_APPLIANCE_20260707T134830Z/delegated_coordinator_001/N_COORD_CYCLE_A_APPLIANCE_20260707T134830Z_2026-07-07T13-48-32-460Z/manifest.json
/home/strata/workspace/sctl-workspace/.strata/context/D_trace/dispatch_packets/A_APPLIANCE_20260707T134830Z/change_author_c01/N_AUTHOR_C01/context_export/source_index.json
/home/strata/workspace/sctl-workspace/.strata/context/D_trace/dispatch_packets/A_APPLIANCE_20260707T134830Z/change_author_c01/N_AUTHOR_C01/context_export/context.md
/home/strata/workspace/sctl-workspace/.strata/context/D_trace/dispatch_packets/A_APPLIANCE_20260707T134830Z/change_author_c01/N_AUTHOR_C01/context_export/manifest.json
/home/strata/workspace/sctl-workspace/.strata/context/D_trace/dispatch_packets/A_APPLIANCE_20260707T134830Z/change_author_c01/N_AUTHOR_C01/dispatch_packet.md
/home/strata/workspace/sctl-workspace/.strata/context/D_trace/dispatch_packets/A_APPLIANCE_20260707T134830Z/change_author_c01/N_AUTHOR_C01/dispatch_packet.json
/home/strata/workspace/sctl-workspace/.strata/context/D_trace/dispatch_packets/A_APPLIANCE_20260707T134830Z/change_author_c01/N_AUTHOR_C01/manifest.json
/home/strata/workspace/sctl-workspace/.strata/context/D_trace/dispatch_packets/A_APPLIANCE_20260707T143943Z/reviewer_c03/N_REVIEW_C03/context_export/source_index.json
/home/strata/workspace/sctl-workspace/.strata/context/D_trace/dispatch_packets/A_APPLIANCE_20260707T143943Z/reviewer_c03/N_REVIEW_C03/context_export/context.md
/home/strata/workspace/sctl-workspace/.strata/context/D_trace/dispatch_packets/A_APPLIANCE_20260707T143943Z/reviewer_c03/N_REVIEW_C03/context_export/manifest.json
/home/strata/workspace/sctl-workspace/.strata/context/D_trace/dispatch_packets/A_APPLIANCE_20260707T143943Z/reviewer_c03/N_REVIEW_C03/dispatch_packet.md
/home/strata/workspace/sctl-workspace/.strata/context/D_trace/dispatch_packets/A_APPLIANCE_20260707T143943Z/reviewer_c03/N_REVIEW_C03/dispatch_packet.json
/home/strata/workspace/sctl-workspace/.strata/context/D_trace/dispatch_packets/A_APPLIANCE_20260707T143943Z/reviewer_c03/N_REVIEW_C03/manifest.json
/home/strata/workspace/sctl-workspace/.strata/context/D_trace/dispatch_packets/A_APPLIANCE_20260707T143943Z/reviewer_c01/N_REVIEW_C01/context_export/source_index.json
/home/strata/workspace/sctl-workspace/.strata/context/D_trace/dispatch_packets/A_APPLIANCE_20260707T143943Z/reviewer_c01/N_REVIEW_C01/context_export/context.md
/home/strata/workspace/sctl-workspace/.strata/context/D_trace/dispatch_packets/A_APPLIANCE_20260707T143943Z/reviewer_c01/N_REVIEW_C01/context_export/manifest.json
/home/strata/workspace/sctl-workspace/.strata/context/D_trace/dispatch_packets/A_APPLIANCE_20260707T143943Z/reviewer_c01/N_REVIEW_C01/dispatch_packet.md
/home/strata/workspace/sctl-workspace/.strata/context/D_trace/dispatch_packets/A_APPLIANCE_20260707T143943Z/reviewer_c01/N_REVIEW_C01/dispatch_packet.json
/home/strata/workspace/sctl-workspace/.strata/context/D_trace/dispatch_packets/A_APPLIANCE_20260707T143943Z/reviewer_c01/N_REVIEW_C01/manifest.json
/home/strata/workspace/sctl-workspace/.strata/context/D_trace/dispatch_packets/A_APPLIANCE_20260707T143943Z/delegated_coordinator_001/N_COORD_C03_NEXT/context_export/source_index.json
/home/strata/workspace/sctl-workspace/.strata/context/D_trace/dispatch_packets/A_APPLIANCE_20260707T143943Z/delegated_coordinator_001/N_COORD_C03_NEXT/context_export/context.md
/home/strata/workspace/sctl-workspace/.strata/context/D_trace/dispatch_packets/A_APPLIANCE_20260707T143943Z/delegated_coordinator_001/N_COORD_C03_NEXT/context_export/manifest.json
/home/strata/workspace/sctl-workspace/.strata/context/D_trace/dispatch_packets/A_APPLIANCE_20260707T143943Z/delegated_coordinator_001/N_COORD_C03_NEXT/dispatch_packet.md
/home/strata/workspace/sctl-workspace/.strata/context/D_trace/dispatch_packets/A_APPLIANCE_20260707T143943Z/delegated_coordinator_001/N_COORD_C03_NEXT/dispatch_packet.json
/home/strata/workspace/sctl-workspace/.strata/context/D_trace/dispatch_packets/A_APPLIANCE_20260707T143943Z/delegated_coordinator_001/N_COORD_C03_NEXT/manifest.json
/home/strata/workspace/sctl-workspace/.strata/context/D_trace/dispatch_packets/A_APPLIANCE_20260707T143943Z/delegated_coordinator_001/N_COORD_CYCLE_A_APPLIANCE_20260707T143943Z_2026-07-07T14-39-45-001Z/context_export/source_index.json
/home/strata/workspace/sctl-workspace/.strata/context/D_trace/dispatch_packets/A_APPLIANCE_20260707T143943Z/delegated_coordinator_001/N_COORD_CYCLE_A_APPLIANCE_20260707T143943Z_2026-07-07T14-39-45-001Z/context_export/context.md
/home/strata/workspace/sctl-workspace/.strata/context/D_trace/dispatch_packets/A_APPLIANCE_20260707T143943Z/delegated_coordinator_001/N_COORD_CYCLE_A_APPLIANCE_20260707T143943Z_2026-07-07T14-39-45-001Z/context_export/manifest.json
/home/strata/workspace/sctl-workspace/.strata/context/D_trace/dispatch_packets/A_APPLIANCE_20260707T143943Z/delegated_coordinator_001/N_COORD_CYCLE_A_APPLIANCE_20260707T143943Z_2026-07-07T14-39-45-001Z/dispatch_packet.md
/home/strata/workspace/sctl-workspace/.strata/context/D_trace/dispatch_packets/A_APPLIANCE_20260707T143943Z/delegated_coordinator_001/N_COORD_CYCLE_A_APPLIANCE_20260707T143943Z_2026-07-07T14-39-45-001Z/dispatch_packet.json
/home/strata/workspace/sctl-workspace/.strata/context/D_trace/dispatch_packets/A_APPLIANCE_20260707T143943Z/delegated_coordinator_001/N_COORD_CYCLE_A_APPLIANCE_20260707T143943Z_2026-07-07T14-39-45-001Z/manifest.json
/home/strata/workspace/sctl-workspace/.strata/context/D_trace/dispatch_packets/A_APPLIANCE_20260707T143943Z/delegated_coordinator_001/N_COORD_C02_NEXT/context_export/source_index.json
/home/strata/workspace/sctl-workspace/.strata/context/D_trace/dispatch_packets/A_APPLIANCE_20260707T143943Z/delegated_coordinator_001/N_COORD_C02_NEXT/context_export/context.md
/home/strata/workspace/sctl-workspace/.strata/context/D_trace/dispatch_packets/A_APPLIANCE_20260707T143943Z/delegated_coordinator_001/N_COORD_C02_NEXT/context_export/manifest.json
/home/strata/workspace/sctl-workspace/.strata/context/D_trace/dispatch_packets/A_APPLIANCE_20260707T143943Z/delegated_coordinator_001/N_COORD_C02_NEXT/dispatch_packet.md
/home/strata/workspace/sctl-workspace/.strata/context/D_trace/dispatch_packets/A_APPLIANCE_20260707T143943Z/delegated_coordinator_001/N_COORD_C02_NEXT/dispatch_packet.json
/home/strata/workspace/sctl-workspace/.strata/context/D_trace/dispatch_packets/A_APPLIANCE_20260707T143943Z/delegated_coordinator_001/N_COORD_C02_NEXT/manifest.json
/home/strata/workspace/sctl-workspace/.strata/context/D_trace/dispatch_packets/A_APPLIANCE_20260707T143943Z/delegated_coordinator_001/N_COORD_C01_NEXT/context_export/source_index.json
/home/strata/workspace/sctl-workspace/.strata/context/D_trace/dispatch_packets/A_APPLIANCE_20260707T143943Z/delegated_coordinator_001/N_COORD_C01_NEXT/context_export/context.md
/home/strata/workspace/sctl-workspace/.strata/context/D_trace/dispatch_packets/A_APPLIANCE_20260707T143943Z/delegated_coordinator_001/N_COORD_C01_NEXT/context_export/manifest.json
/home/strata/workspace/sctl-workspace/.strata/context/D_trace/dispatch_packets/A_APPLIANCE_20260707T143943Z/delegated_coordinator_001/N_COORD_C01_NEXT/dispatch_packet.md
/home/strata/workspace/sctl-workspace/.strata/context/D_trace/dispatch_packets/A_APPLIANCE_20260707T143943Z/delegated_coordinator_001/N_COORD_C01_NEXT/dispatch_packet.json
/home/strata/workspace/sctl-workspace/.strata/context/D_trace/dispatch_packets/A_APPLIANCE_20260707T143943Z/delegated_coordinator_001/N_COORD_C01_NEXT/manifest.json
/home/strata/workspace/sctl-workspace/.strata/context/D_trace/dispatch_packets/A_APPLIANCE_20260707T143943Z/change_author_c02/N_AUTHOR_C02/context_export/source_index.json
/home/strata/workspace/sctl-workspace/.strata/context/D_trace/dispatch_packets/A_APPLIANCE_20260707T143943Z/change_author_c02/N_AUTHOR_C02/context_export/context.md
/home/strata/workspace/sctl-workspace/.strata/context/D_trace/dispatch_packets/A_APPLIANCE_20260707T143943Z/change_author_c02/N_AUTHOR_C02/context_export/manifest.json
/home/strata/workspace/sctl-workspace/.strata/context/D_trace/dispatch_packets/A_APPLIANCE_20260707T143943Z/change_author_c02/N_AUTHOR_C02/dispatch_packet.md
/home/strata/workspace/sctl-workspace/.strata/context/D_trace/dispatch_packets/A_APPLIANCE_20260707T143943Z/change_author_c02/N_AUTHOR_C02/dispatch_packet.json
/home/strata/workspace/sctl-workspace/.strata/context/D_trace/dispatch_packets/A_APPLIANCE_20260707T143943Z/change_author_c02/N_AUTHOR_C02/manifest.json
/home/strata/workspace/sctl-workspace/.strata/context/D_trace/dispatch_packets/A_APPLIANCE_20260707T143943Z/change_author_c03/N_AUTHOR_C03/context_export/source_index.json
/home/strata/workspace/sctl-workspace/.strata/context/D_trace/dispatch_packets/A_APPLIANCE_20260707T143943Z/change_author_c03/N_AUTHOR_C03/context_export/context.md
/home/strata/workspace/sctl-workspace/.strata/context/D_trace/dispatch_packets/A_APPLIANCE_20260707T143943Z/change_author_c03/N_AUTHOR_C03/context_export/manifest.json
/home/strata/workspace/sctl-workspace/.strata/context/D_trace/dispatch_packets/A_APPLIANCE_20260707T143943Z/change_author_c03/N_AUTHOR_C03/dispatch_packet.md
/home/strata/workspace/sctl-workspace/.strata/context/D_trace/dispatch_packets/A_APPLIANCE_20260707T143943Z/change_author_c03/N_AUTHOR_C03/dispatch_packet.json
/home/strata/workspace/sctl-workspace/.strata/context/D_trace/dispatch_packets/A_APPLIANCE_20260707T143943Z/change_author_c03/N_AUTHOR_C03/manifest.json
/home/strata/workspace/sctl-workspace/.strata/context/D_trace/dispatch_packets/A_APPLIANCE_20260707T143943Z/change_author_c01/N_AUTHOR_C01/context_export/source_index.json
/home/strata/workspace/sctl-workspace/.strata/context/D_trace/dispatch_packets/A_APPLIANCE_20260707T143943Z/change_author_c01/N_AUTHOR_C01/context_export/context.md
/home/strata/workspace/sctl-workspace/.strata/context/D_trace/dispatch_packets/A_APPLIANCE_20260707T143943Z/change_author_c01/N_AUTHOR_C01/context_export/manifest.json
/home/strata/workspace/sctl-workspace/.strata/context/D_trace/dispatch_packets/A_APPLIANCE_20260707T143943Z/change_author_c01/N_AUTHOR_C01/dispatch_packet.md
/home/strata/workspace/sctl-workspace/.strata/context/D_trace/dispatch_packets/A_APPLIANCE_20260707T143943Z/change_author_c01/N_AUTHOR_C01/dispatch_packet.json
/home/strata/workspace/sctl-workspace/.strata/context/D_trace/dispatch_packets/A_APPLIANCE_20260707T143943Z/change_author_c01/N_AUTHOR_C01/manifest.json
/home/strata/workspace/sctl-workspace/.strata/context/D_trace/dispatch_packets/A_APPLIANCE_20260707T143943Z/reviewer_c02/N_REVIEW_C02/context_export/source_index.json
/home/strata/workspace/sctl-workspace/.strata/context/D_trace/dispatch_packets/A_APPLIANCE_20260707T143943Z/reviewer_c02/N_REVIEW_C02/context_export/context.md
/home/strata/workspace/sctl-workspace/.strata/context/D_trace/dispatch_packets/A_APPLIANCE_20260707T143943Z/reviewer_c02/N_REVIEW_C02/context_export/manifest.json
/home/strata/workspace/sctl-workspace/.strata/context/D_trace/dispatch_packets/A_APPLIANCE_20260707T143943Z/reviewer_c02/N_REVIEW_C02/dispatch_packet.md
/home/strata/workspace/sctl-workspace/.strata/context/D_trace/dispatch_packets/A_APPLIANCE_20260707T143943Z/reviewer_c02/N_REVIEW_C02/dispatch_packet.json
/home/strata/workspace/sctl-workspace/.strata/context/D_trace/dispatch_packets/A_APPLIANCE_20260707T143943Z/reviewer_c02/N_REVIEW_C02/manifest.json
/home/strata/workspace/sctl-workspace/.strata/context/D_trace/dispatch_packets/A_APPLIANCE_20260707T132111Z/reviewer_c01/N_REVIEW_C01/context_export/source_index.json
/home/strata/workspace/sctl-workspace/.strata/context/D_trace/dispatch_packets/A_APPLIANCE_20260707T132111Z/reviewer_c01/N_REVIEW_C01/context_export/context.md
/home/strata/workspace/sctl-workspace/.strata/context/D_trace/dispatch_packets/A_APPLIANCE_20260707T132111Z/reviewer_c01/N_REVIEW_C01/context_export/manifest.json
/home/strata/workspace/sctl-workspace/.strata/context/D_trace/dispatch_packets/A_APPLIANCE_20260707T132111Z/reviewer_c01/N_REVIEW_C01/dispatch_packet.md
/home/strata/workspace/sctl-workspace/.strata/context/D_trace/dispatch_packets/A_APPLIANCE_20260707T132111Z/reviewer_c01/N_REVIEW_C01/dispatch_packet.json
/home/strata/workspace/sctl-workspace/.strata/context/D_trace/dispatch_packets/A_APPLIANCE_20260707T132111Z/reviewer_c01/N_REVIEW_C01/manifest.json
/home/strata/workspace/sctl-workspace/.strata/context/D_trace/dispatch_packets/A_APPLIANCE_20260707T132111Z/reviewer_c01/ERR_2026-07-07T13-23-38-605Z/context_export/source_index.json
/home/strata/workspace/sctl-workspace/.strata/context/D_trace/dispatch_packets/A_APPLIANCE_20260707T132111Z/reviewer_c01/ERR_2026-07-07T13-23-38-605Z/context_export/context.md
/home/strata/workspace/sctl-workspace/.strata/context/D_trace/dispatch_packets/A_APPLIANCE_20260707T132111Z/reviewer_c01/ERR_2026-07-07T13-23-38-605Z/context_export/manifest.json
/home/strata/workspace/sctl-workspace/.strata/context/D_trace/dispatch_packets/A_APPLIANCE_20260707T132111Z/reviewer_c01/ERR_2026-07-07T13-23-38-605Z/dispatch_packet.md
/home/strata/workspace/sctl-workspace/.strata/context/D_trace/dispatch_packets/A_APPLIANCE_20260707T132111Z/reviewer_c01/ERR_2026-07-07T13-23-38-605Z/dispatch_packet.json
/home/strata/workspace/sctl-workspace/.strata/context/D_trace/dispatch_packets/A_APPLIANCE_20260707T132111Z/reviewer_c01/ERR_2026-07-07T13-23-38-605Z/manifest.json
/home/strata/workspace/sctl-workspace/.strata/context/D_trace/dispatch_packets/A_APPLIANCE_20260707T132111Z/delegated_coordinator_001/N_COORD_CYCLE_A_APPLIANCE_20260707T132111Z_2026-07-07T13-21-13-385Z/context_export/source_index.json
/home/strata/workspace/sctl-workspace/.strata/context/D_trace/dispatch_packets/A_APPLIANCE_20260707T132111Z/delegated_coordinator_001/N_COORD_CYCLE_A_APPLIANCE_20260707T132111Z_2026-07-07T13-21-13-385Z/context_export/context.md
/home/strata/workspace/sctl-workspace/.strata/context/D_trace/dispatch_packets/A_APPLIANCE_20260707T132111Z/delegated_coordinator_001/N_COORD_CYCLE_A_APPLIANCE_20260707T132111Z_2026-07-07T13-21-13-385Z/context_export/manifest.json
/home/strata/workspace/sctl-workspace/.strata/context/D_trace/dispatch_packets/A_APPLIANCE_20260707T132111Z/delegated_coordinator_001/N_COORD_CYCLE_A_APPLIANCE_20260707T132111Z_2026-07-07T13-21-13-385Z/dispatch_packet.md
/home/strata/workspace/sctl-workspace/.strata/context/D_trace/dispatch_packets/A_APPLIANCE_20260707T132111Z/delegated_coordinator_001/N_COORD_CYCLE_A_APPLIANCE_20260707T132111Z_2026-07-07T13-21-13-385Z/dispatch_packet.json
/home/strata/workspace/sctl-workspace/.strata/context/D_trace/dispatch_packets/A_APPLIANCE_20260707T132111Z/delegated_coordinator_001/N_COORD_CYCLE_A_APPLIANCE_20260707T132111Z_2026-07-07T13-21-13-385Z/manifest.json
/home/strata/workspace/sctl-workspace/.strata/context/D_trace/dispatch_packets/A_APPLIANCE_20260707T132111Z/change_author_c01/N_AUTHOR_C01/context_export/source_index.json
/home/strata/workspace/sctl-workspace/.strata/context/D_trace/dispatch_packets/A_APPLIANCE_20260707T132111Z/change_author_c01/N_AUTHOR_C01/context_export/context.md
/home/strata/workspace/sctl-workspace/.strata/context/D_trace/dispatch_packets/A_APPLIANCE_20260707T132111Z/change_author_c01/N_AUTHOR_C01/context_export/manifest.json
/home/strata/workspace/sctl-workspace/.strata/context/D_trace/dispatch_packets/A_APPLIANCE_20260707T132111Z/change_author_c01/N_AUTHOR_C01/dispatch_packet.md
/home/strata/workspace/sctl-workspace/.strata/context/D_trace/dispatch_packets/A_APPLIANCE_20260707T132111Z/change_author_c01/N_AUTHOR_C01/dispatch_packet.json
/home/strata/workspace/sctl-workspace/.strata/context/D_trace/dispatch_packets/A_APPLIANCE_20260707T132111Z/change_author_c01/N_AUTHOR_C01/manifest.json
/home/strata/workspace/sctl-workspace/.strata/context/D_trace/dispatch_packets/A_MULTI3_20260707T135726Z/reviewer_c01/N_REVIEW_C01/context_export/source_index.json
/home/strata/workspace/sctl-workspace/.strata/context/D_trace/dispatch_packets/A_MULTI3_20260707T135726Z/reviewer_c01/N_REVIEW_C01/context_export/context.md
/home/strata/workspace/sctl-workspace/.strata/context/D_trace/dispatch_packets/A_MULTI3_20260707T135726Z/reviewer_c01/N_REVIEW_C01/context_export/manifest.json
/home/strata/workspace/sctl-workspace/.strata/context/D_trace/dispatch_packets/A_MULTI3_20260707T135726Z/reviewer_c01/N_REVIEW_C01/dispatch_packet.md
/home/strata/workspace/sctl-workspace/.strata/context/D_trace/dispatch_packets/A_MULTI3_20260707T135726Z/reviewer_c01/N_REVIEW_C01/dispatch_packet.json
/home/strata/workspace/sctl-workspace/.strata/context/D_trace/dispatch_packets/A_MULTI3_20260707T135726Z/reviewer_c01/N_REVIEW_C01/manifest.json
/home/strata/workspace/sctl-workspace/.strata/context/D_trace/dispatch_packets/A_MULTI3_20260707T135726Z/delegated_coordinator_001/N_COORD_CYCLE_A_MULTI3_20260707T135726Z_2026-07-07T13-57-27-717Z/context_export/source_index.json
/home/strata/workspace/sctl-workspace/.strata/context/D_trace/dispatch_packets/A_MULTI3_20260707T135726Z/delegated_coordinator_001/N_COORD_CYCLE_A_MULTI3_20260707T135726Z_2026-07-07T13-57-27-717Z/context_export/context.md
/home/strata/workspace/sctl-workspace/.strata/context/D_trace/dispatch_packets/A_MULTI3_20260707T135726Z/delegated_coordinator_001/N_COORD_CYCLE_A_MULTI3_20260707T135726Z_2026-07-07T13-57-27-717Z/context_export/manifest.json
/home/strata/workspace/sctl-workspace/.strata/context/D_trace/dispatch_packets/A_MULTI3_20260707T135726Z/delegated_coordinator_001/N_COORD_CYCLE_A_MULTI3_20260707T135726Z_2026-07-07T13-57-27-717Z/dispatch_packet.md
/home/strata/workspace/sctl-workspace/.strata/context/D_trace/dispatch_packets/A_MULTI3_20260707T135726Z/delegated_coordinator_001/N_COORD_CYCLE_A_MULTI3_20260707T135726Z_2026-07-07T13-57-27-717Z/dispatch_packet.json
/home/strata/workspace/sctl-workspace/.strata/context/D_trace/dispatch_packets/A_MULTI3_20260707T135726Z/delegated_coordinator_001/N_COORD_CYCLE_A_MULTI3_20260707T135726Z_2026-07-07T13-57-27-717Z/manifest.json
/home/strata/workspace/sctl-workspace/.strata/context/D_trace/dispatch_packets/A_MULTI3_20260707T135726Z/change_author_c01/N_AUTHOR_C01/context_export/source_index.json
/home/strata/workspace/sctl-workspace/.strata/context/D_trace/dispatch_packets/A_MULTI3_20260707T135726Z/change_author_c01/N_AUTHOR_C01/context_export/context.md
/home/strata/workspace/sctl-workspace/.strata/context/D_trace/dispatch_packets/A_MULTI3_20260707T135726Z/change_author_c01/N_AUTHOR_C01/context_export/manifest.json
/home/strata/workspace/sctl-workspace/.strata/context/D_trace/dispatch_packets/A_MULTI3_20260707T135726Z/change_author_c01/N_AUTHOR_C01/dispatch_packet.md
/home/strata/workspace/sctl-workspace/.strata/context/D_trace/dispatch_packets/A_MULTI3_20260707T135726Z/change_author_c01/N_AUTHOR_C01/dispatch_packet.json
/home/strata/workspace/sctl-workspace/.strata/context/D_trace/dispatch_packets/A_MULTI3_20260707T135726Z/change_author_c01/N_AUTHOR_C01/manifest.json
STATUS[22 final dispatch files]=0

===== 22 final return ledgers =====
+ find /home/strata/workspace/sctl-workspace/.strata/context/D_trace/return_ledgers -type f
/home/strata/workspace/sctl-workspace/.strata/context/D_trace/return_ledgers/wret_class_packet.json_2026-07-07T14-46-30-479Z.json
/home/strata/workspace/sctl-workspace/.strata/context/D_trace/return_ledgers/wret_class_packet.json_2026-07-07T06-47-53-350Z.json
/home/strata/workspace/sctl-workspace/.strata/context/D_trace/return_ledgers/wret_class_packet.json_2026-07-07T10-55-38-352Z.json
/home/strata/workspace/sctl-workspace/.strata/context/D_trace/return_ledgers/wret_class_packet.json_2026-07-07T06-40-29-005Z.json
/home/strata/workspace/sctl-workspace/.strata/context/D_trace/return_ledgers/wret_class_packet.json_2026-07-07T14-41-45-160Z.json
/home/strata/workspace/sctl-workspace/.strata/context/D_trace/return_ledgers/wret_class_packet.json_2026-07-07T06-41-37-829Z.json
/home/strata/workspace/sctl-workspace/.strata/context/D_trace/return_ledgers/wret_class_packet.json_2026-07-07T13-22-43-578Z.json
/home/strata/workspace/sctl-workspace/.strata/context/D_trace/return_ledgers/wret_class_packet.json_2026-07-07T10-56-45-226Z.json
/home/strata/workspace/sctl-workspace/.strata/context/D_trace/return_ledgers/wret_class_packet.json_2026-07-07T13-59-27-861Z.json
/home/strata/workspace/sctl-workspace/.strata/context/D_trace/return_ledgers/wret_class_packet.json_2026-07-07T13-23-38-686Z.json
/home/strata/workspace/sctl-workspace/.strata/context/D_trace/return_ledgers/wret_class_packet.json_2026-07-07T14-50-37-954Z.json
/home/strata/workspace/sctl-workspace/.strata/context/D_trace/return_ledgers/operational_report_ready_index.jsonl
/home/strata/workspace/sctl-workspace/.strata/context/D_trace/return_ledgers/wret_class_packet.json_2026-07-07T14-00-31-862Z.json
/home/strata/workspace/sctl-workspace/.strata/context/D_trace/return_ledgers/wret_class_packet.json_2026-07-07T06-47-00-135Z.json
/home/strata/workspace/sctl-workspace/.strata/context/D_trace/return_ledgers/wret_class_packet.json_2026-07-07T14-51-22-137Z.json
/home/strata/workspace/sctl-workspace/.strata/context/D_trace/return_ledgers/wret_class_packet.json_2026-07-07T14-42-49-336Z.json
/home/strata/workspace/sctl-workspace/.strata/context/D_trace/return_ledgers/wret_class_packet.json_2026-07-07T14-47-42-619Z.json
STATUS[22 final return ledgers]=0

===== 22 final classb files =====
+ find /home/strata/workspace/sctl-workspace/.strata/context/B -type f
/home/strata/workspace/sctl-workspace/.strata/context/B/wo_a_live_002_c01_change_author.md
/home/strata/workspace/sctl-workspace/.strata/context/B/b_a_appliance_20260707t143943z_c03_merge_outcome.md
/home/strata/workspace/sctl-workspace/.strata/context/B/wo_a_appliance_20260707t143943z_c01_change_author.md
/home/strata/workspace/sctl-workspace/.strata/context/B/b_a_appliance_20260707t143943z_c01_merge_outcome.md
/home/strata/workspace/sctl-workspace/.strata/context/B/wo_a_multi3_20260707t135726z_c01_change_author.md
/home/strata/workspace/sctl-workspace/.strata/context/B/b_a_appliance_20260707t143943z_cycle_02_author_ready.md
/home/strata/workspace/sctl-workspace/.strata/context/B/b_a_appliance_20260707t105353z_cycle_01_author_ready.md
/home/strata/workspace/sctl-workspace/.strata/context/B/b_a_live_002_cycle_01_author_ready.md
/home/strata/workspace/sctl-workspace/.strata/context/B/wo_a_appliance_20260707t105353z_c01_change_author.md
/home/strata/workspace/sctl-workspace/.strata/context/B/wo_a_appliance_20260707t134830z_c01_change_author.md
/home/strata/workspace/sctl-workspace/.strata/context/B/b_a_appliance_20260707t132111z_cycle_01_author_ready.md
/home/strata/workspace/sctl-workspace/.strata/context/B/b_a_appliance_20260707t143943z_cycle_03_author_ready.md
/home/strata/workspace/sctl-workspace/.strata/context/B/wo_a_appliance_20260707t143943z_c02_change_author.md
/home/strata/workspace/sctl-workspace/.strata/context/B/b_a_appliance_20260707t143943z_cycle_01_author_ready.md
/home/strata/workspace/sctl-workspace/.strata/context/B/wo_a_appliance_20260707t132111z_c01_change_author.md
/home/strata/workspace/sctl-workspace/.strata/context/B/b_a_live_002_c01_merge_outcome.md
/home/strata/workspace/sctl-workspace/.strata/context/B/b_a_appliance_20260707t143943z_c02_merge_outcome.md
/home/strata/workspace/sctl-workspace/.strata/context/B/b_a_multi3_20260707t135726z_cycle_01_author_ready.md
/home/strata/workspace/sctl-workspace/.strata/context/B/wo_a_appliance_20260707t143943z_c03_change_author.md
STATUS[22 final classb files]=0
DIAG[22]=OBSERVED | status clean | SCTL context Git is clean and log contains cycle commits.
OPERATIONAL_STAGE[final_audit]=OBSERVED | status clean
DIAG[final_audit]=OBSERVED | status clean | SCTL context Git is clean and log contains cycle commits.

===== 0 cycle exit =====
+ node /opt/strata/source_sctl/src/cli.js --workspace /home/strata/workspace/sctl-workspace cycle exit --assignment-id A_APPLIANCE_20260707T143943Z --cycle-id CYCLE_A_APPLIANCE_20260707T143943Z_2026-07-07T14-39-45-001Z --reason complete --summary Flowmap\ 02\ result:\ OBSERVED
{
  "contract_id": "strata.sctl.result_envelope.v1",
  "tool_id": "sctl.cycle.exit.v1",
  "ok": true,
  "result": {
    "cycle_id": "CYCLE_A_APPLIANCE_20260707T143943Z_2026-07-07T14-39-45-001Z",
    "assignment_id": "A_APPLIANCE_20260707T143943Z",
    "reason": "complete",
    "exit_path": "/home/strata/workspace/sctl-workspace/.strata/context/D_trace/cycles/cycle_a_appliance_20260707t143943z_2026-07-07t14-39-45-001z/cycle_exit_complete_2026-07-07T14-51-30-462Z.json",
    "active_cycle_path": "/home/strata/workspace/sctl-workspace/.strata/context/D_trace/cycles/active_cycle.json",
    "git": {
      "command": "git",
      "args": [
        "commit",
        "-m",
        "cycle exit A_APPLIANCE_20260707T143943Z CYCLE_A_APPLIANCE_20260707T143943Z_2026-07-07T14-39-45-001Z complete"
      ],
      "cwd": "/home/strata/workspace/sctl-workspace/.strata/context",
      "status": 0,
      "signal": null,
      "stdout": "[master 6cde6f4] cycle exit A_APPLIANCE_20260707T143943Z CYCLE_A_APPLIANCE_20260707T143943Z_2026-07-07T14-39-45-001Z complete\n 3 files changed, 16 insertions(+), 2 deletions(-)\n create mode 100644 D_trace/cycles/cycle_a_appliance_20260707t143943z_2026-07-07t14-39-45-001z/cycle_exit_complete_2026-07-07T14-51-30-462Z.json\n",
      "stderr": "",
      "ok": true,
      "error": null,
      "commit": "6cde6f4"
    }
  },
  "errors": [],
  "evidence_paths": [
    "/home/strata/workspace/sctl-workspace/.strata/context/D_trace/cycles/cycle_a_appliance_20260707t143943z_2026-07-07t14-39-45-001z/cycle_exit_complete_2026-07-07T14-51-30-462Z.json",
    "/home/strata/workspace/sctl-workspace/.strata/context/D_trace/cycles/active_cycle.json",
    "/home/strata/workspace/sctl-workspace/.strata/context/D_trace/telemetry/workflow_telemetry.jsonl"
  ],
  "created_at": "2026-07-07T14:51:30.511Z"
}
STATUS[0 cycle exit]=0
FLOWMAP_02_END=2026-07-07T14:51:30Z
RUN_ROOT=/home/strata/workspace/runs/A_APPLIANCE_20260707T143943Z_20260707T143943Z
LOG=/home/strata/workspace/runs/A_APPLIANCE_20260707T143943Z_20260707T143943Z/flowmap02_operational.log
DIAG=/home/strata/workspace/runs/A_APPLIANCE_20260707T143943Z_20260707T143943Z/flowmap02_step_diagnosis.tsv
TIMELINE=/home/strata/workspace/runs/A_APPLIANCE_20260707T143943Z_20260707T143943Z/cycle_timeline.tsv
REPORT=/home/strata/workspace/runs/A_APPLIANCE_20260707T143943Z_20260707T143943Z/flowmap02_result.md
RESULT_JSON=/home/strata/workspace/runs/A_APPLIANCE_20260707T143943Z_20260707T143943Z/flowmap02_result.json
